[0.000000] (-) TimerEvent: {}
[0.000453] (pallet_rack_detector_cpp) JobQueued: {'identifier': 'pallet_rack_detector_cpp', 'dependencies': OrderedDict()}
[0.000481] (sick_safetyscanners2_interfaces) JobQueued: {'identifier': 'sick_safetyscanners2_interfaces', 'dependencies': OrderedDict()}
[0.000493] (sick_safetyscanners2) JobQueued: {'identifier': 'sick_safetyscanners2', 'dependencies': OrderedDict([('sick_safetyscanners2_interfaces', '/home/nrc/Manual_Control_F3/install/sick_safetyscanners2_interfaces')])}
[0.000507] (sick_safetyscanners2_interfaces) JobStarted: {'identifier': 'sick_safetyscanners2_interfaces'}
[0.006983] (pallet_rack_detector_cpp) JobStarted: {'identifier': 'pallet_rack_detector_cpp'}
[0.009450] (sick_safetyscanners2_interfaces) JobProgress: {'identifier': 'sick_safetyscanners2_interfaces', 'progress': 'cmake'}
[0.009716] (sick_safetyscanners2_interfaces) Command: {'cmd': ['/usr/bin/cmake', '/home/nrc/Manual_Control_F3/src/sick_safetyscanners2_interfaces', '-DCMAKE_INSTALL_PREFIX=/home/nrc/Manual_Control_F3/install/sick_safetyscanners2_interfaces'], 'cwd': '/home/nrc/Manual_Control_F3/build/sick_safetyscanners2_interfaces', 'env': OrderedDict([('GJS_DEBUG_TOPICS', 'JS ERROR;JS LOG'), ('PYTHON_BASIC_REPL', '1'), ('LESSOPEN', '| /usr/bin/lesspipe %s'), ('LANGUAGE', 'en_US:en'), ('USER', 'nrc'), ('LC_TIME', 'vi_VN'), ('XDG_SESSION_TYPE', 'x11'), ('GIT_ASKPASS', '/usr/share/code/resources/app/extensions/git/dist/askpass.sh'), ('SHLVL', '2'), ('LD_LIBRARY_PATH', '/opt/onnxruntime/lib:/opt/onnxruntime/lib:/opt/ros/humble/opt/rviz_ogre_vendor/lib:/opt/ros/humble/lib/x86_64-linux-gnu:/opt/ros/humble/lib:./build/interfaces:./build/interfaces'), ('HOME', '/home/nrc'), ('CHROME_DESKTOP', 'code.desktop'), ('TERM_PROGRAM_VERSION', '1.109.5'), ('DESKTOP_SESSION', 'ubuntu'), ('GIO_LAUNCHED_DESKTOP_FILE', '/usr/share/applications/code.desktop'), ('ROS_PYTHON_VERSION', '3'), ('GNOME_SHELL_SESSION_MODE', 'ubuntu'), ('GTK_MODULES', 'gail:atk-bridge'), ('GK_GL_PATH', '/tmp/gitkraken/gitlens/gitlens-ipc-server-9462-42441.json'), ('VSCODE_GIT_ASKPASS_MAIN', '/usr/share/code/resources/app/extensions/git/dist/askpass-main.js'), ('LC_MONETARY', 'vi_VN'), ('VSCODE_GIT_ASKPASS_NODE', '/usr/share/code/code'), ('MANAGERPID', '5181'), ('PYDEVD_DISABLE_FILE_VALIDATION', '1'), ('DBUS_STARTER_BUS_TYPE', 'session'), ('SYSTEMD_EXEC_PID', '5764'), ('BUNDLED_DEBUGPY_PATH', '/home/nrc/.vscode/extensions/ms-python.debugpy-2025.18.0-linux-x64/bundled/libs/debugpy'), ('VSCODE_PYTHON_AUTOACTIVATE_GUARD', '1'), ('DBUS_SESSION_BUS_ADDRESS', 'unix:path=/run/user/1000/bus,guid=4f74f271f20144af6969dbcc69c0a618'), ('COLORTERM', 'truecolor'), ('GIO_LAUNCHED_DESKTOP_FILE_PID', '9462'), ('ROS_DISTRO', 'humble'), ('GTK_IM_MODULE', 'ibus'), ('LOGNAME', 'nrc'), ('JOURNAL_STREAM', '8:25067'), ('_', '/usr/bin/colcon'), ('ROS_VERSION', '2'), ('XDG_SESSION_CLASS', 'user'), ('USERNAME', 'nrc'), ('TERM', 'xterm-256color'), ('GNOME_DESKTOP_SESSION_ID', 'this-is-deprecated'), ('FC_FONTATIONS', '1'), ('ROS_LOCALHOST_ONLY', '0'), ('WINDOWPATH', '2'), ('CODELLDB_LAUNCH_CONNECT_FILE', '/home/nrc/.config/Code/User/workspaceStorage/94e2e73c08445cc8a785f1c1de57d0fb/vadimcn.vscode-lldb/rpcaddress.txt'), ('PATH', '/home/nrc/.vscode/extensions/vadimcn.vscode-lldb-1.12.1/bin:/home/nrc/.config/Code/User/globalStorage/github.copilot-chat/debugCommand:/home/nrc/.config/Code/User/globalStorage/github.copilot-chat/copilotCli:/opt/ros/humble/bin:/home/nrc/.local/bin:/usr/local/sbin:/usr/local/bin:/usr/sbin:/usr/bin:/sbin:/bin:/usr/games:/usr/local/games:/snap/bin:/snap/bin:/home/nrc/.vscode/extensions/ms-python.debugpy-2025.18.0-linux-x64/bundled/scripts/noConfigScripts'), ('SESSION_MANAGER', 'local/nrc:@/tmp/.ICE-unix/5764,unix/nrc:/tmp/.ICE-unix/5764'), ('INVOCATION_ID', '945c8f5b5c164d2791a0ebdf97089c1f'), ('PAPERSIZE', 'a4'), ('XDG_MENU_PREFIX', 'gnome-'), ('LC_ADDRESS', 'vi_VN'), ('GNOME_TERMINAL_SCREEN', '/org/gnome/Terminal/screen/0600f616_f030_42e0_8e4f_3421a386255a'), ('XDG_RUNTIME_DIR', '/run/user/1000'), ('GDK_BACKEND', 'x11'), ('DISPLAY', ':1'), ('VSCODE_DEBUGPY_ADAPTER_ENDPOINTS', '/home/nrc/.vscode/extensions/ms-python.debugpy-2025.18.0-linux-x64/.noConfigDebugAdapterEndpoints/endpoint-fdd3cf9e82bdf614.txt'), ('LANG', 'en_US.UTF-8'), ('XDG_CURRENT_DESKTOP', 'ubuntu:GNOME'), ('PYTHONSTARTUP', '/home/nrc/.config/Code/User/workspaceStorage/94e2e73c08445cc8a785f1c1de57d0fb/ms-python.python/pythonrc.py'), ('LC_TELEPHONE', 'vi_VN'), ('XMODIFIERS', '@im=ibus'), ('XDG_SESSION_DESKTOP', 'ubuntu'), ('XAUTHORITY', '/run/user/1000/gdm/Xauthority'), ('LS_COLORS', 'rs=0:di=01;34:ln=01;36:mh=00:pi=40;33:so=01;35:do=01;35:bd=40;33;01:cd=40;33;01:or=40;31;01:mi=00:su=37;41:sg=30;43:ca=30;41:tw=30;42:ow=34;42:st=37;44:ex=01;32:*.tar=01;31:*.tgz=01;31:*.arc=01;31:*.arj=01;31:*.taz=01;31:*.lha=01;31:*.lz4=01;31:*.lzh=01;31:*.lzma=01;31:*.tlz=01;31:*.txz=01;31:*.tzo=01;31:*.t7z=01;31:*.zip=01;31:*.z=01;31:*.dz=01;31:*.gz=01;31:*.lrz=01;31:*.lz=01;31:*.lzo=01;31:*.xz=01;31:*.zst=01;31:*.tzst=01;31:*.bz2=01;31:*.bz=01;31:*.tbz=01;31:*.tbz2=01;31:*.tz=01;31:*.deb=01;31:*.rpm=01;31:*.jar=01;31:*.war=01;31:*.ear=01;31:*.sar=01;31:*.rar=01;31:*.alz=01;31:*.ace=01;31:*.zoo=01;31:*.cpio=01;31:*.7z=01;31:*.rz=01;31:*.cab=01;31:*.wim=01;31:*.swm=01;31:*.dwm=01;31:*.esd=01;31:*.jpg=01;35:*.jpeg=01;35:*.mjpg=01;35:*.mjpeg=01;35:*.gif=01;35:*.bmp=01;35:*.pbm=01;35:*.pgm=01;35:*.ppm=01;35:*.tga=01;35:*.xbm=01;35:*.xpm=01;35:*.tif=01;35:*.tiff=01;35:*.png=01;35:*.svg=01;35:*.svgz=01;35:*.mng=01;35:*.pcx=01;35:*.mov=01;35:*.mpg=01;35:*.mpeg=01;35:*.m2v=01;35:*.mkv=01;35:*.webm=01;35:*.webp=01;35:*.ogm=01;35:*.mp4=01;35:*.m4v=01;35:*.mp4v=01;35:*.vob=01;35:*.qt=01;35:*.nuv=01;35:*.wmv=01;35:*.asf=01;35:*.rm=01;35:*.rmvb=01;35:*.flc=01;35:*.avi=01;35:*.fli=01;35:*.flv=01;35:*.gl=01;35:*.dl=01;35:*.xcf=01;35:*.xwd=01;35:*.yuv=01;35:*.cgm=01;35:*.emf=01;35:*.ogv=01;35:*.ogx=01;35:*.aac=00;36:*.au=00;36:*.flac=00;36:*.m4a=00;36:*.mid=00;36:*.midi=00;36:*.mka=00;36:*.mp3=00;36:*.mpc=00;36:*.ogg=00;36:*.ra=00;36:*.wav=00;36:*.oga=00;36:*.opus=00;36:*.spx=00;36:*.xspf=00;36:'), ('VSCODE_GIT_IPC_HANDLE', '/run/user/1000/vscode-git-763ad22665.sock'), ('GNOME_TERMINAL_SERVICE', ':1.169'), ('TERM_PROGRAM', 'vscode'), ('SSH_AGENT_LAUNCHER', 'gnome-keyring'), ('SSH_AUTH_SOCK', '/run/user/1000/keyring/ssh'), ('ROS_DOMAIN_ID', '71'), ('AMENT_PREFIX_PATH', '/opt/ros/humble'), ('SHELL', '/bin/bash'), ('LC_NAME', 'vi_VN'), ('QT_ACCESSIBILITY', '1'), ('NO_AT_BRIDGE', '1'), ('GDMSESSION', 'ubuntu'), ('LESSCLOSE', '/usr/bin/lesspipe %s %s'), ('GK_GL_ADDR', 'http://127.0.0.1:42441'), ('LC_MEASUREMENT', 'vi_VN'), ('GPG_AGENT_INFO', '/run/user/1000/gnupg/S.gpg-agent:0:1'), ('GJS_DEBUG_OUTPUT', 'stderr'), ('LC_IDENTIFICATION', 'vi_VN'), ('VSCODE_GIT_ASKPASS_EXTRA_ARGS', ''), ('QT_IM_MODULE', 'ibus'), ('PWD', '/home/nrc/Manual_Control_F3/build/sick_safetyscanners2_interfaces'), ('LC_ALL', 'en_US.UTF-8'), ('XDG_CONFIG_DIRS', '/etc/xdg/xdg-ubuntu:/etc/xdg'), ('DBUS_STARTER_ADDRESS', 'unix:path=/run/user/1000/bus,guid=4f74f271f20144af6969dbcc69c0a618'), ('XDG_DATA_DIRS', '/usr/share/ubuntu:/usr/share/gnome:/usr/local/share/:/usr/share/:/var/lib/snapd/desktop'), ('PYTHONPATH', '/opt/ros/humble/lib/python3.10/site-packages:/opt/ros/humble/local/lib/python3.10/dist-packages'), ('LC_NUMERIC', 'vi_VN'), ('LC_PAPER', 'vi_VN'), ('SGX_AESM_ADDR', '1'), ('COLCON', '1'), ('VTE_VERSION', '6800'), ('CMAKE_PREFIX_PATH', '/opt/ros/humble')]), 'shell': False}
[0.017771] (pallet_rack_detector_cpp) JobProgress: {'identifier': 'pallet_rack_detector_cpp', 'progress': 'cmake'}
[0.017826] (pallet_rack_detector_cpp) Command: {'cmd': ['/usr/bin/cmake', '/home/nrc/Manual_Control_F3/src/pallet_rack_detector_cpp', '-DCMAKE_INSTALL_PREFIX=/home/nrc/Manual_Control_F3/install/pallet_rack_detector_cpp'], 'cwd': '/home/nrc/Manual_Control_F3/build/pallet_rack_detector_cpp', 'env': OrderedDict([('GJS_DEBUG_TOPICS', 'JS ERROR;JS LOG'), ('PYTHON_BASIC_REPL', '1'), ('LESSOPEN', '| /usr/bin/lesspipe %s'), ('LANGUAGE', 'en_US:en'), ('USER', 'nrc'), ('LC_TIME', 'vi_VN'), ('XDG_SESSION_TYPE', 'x11'), ('GIT_ASKPASS', '/usr/share/code/resources/app/extensions/git/dist/askpass.sh'), ('SHLVL', '2'), ('LD_LIBRARY_PATH', '/opt/onnxruntime/lib:/opt/onnxruntime/lib:/opt/ros/humble/opt/rviz_ogre_vendor/lib:/opt/ros/humble/lib/x86_64-linux-gnu:/opt/ros/humble/lib:./build/interfaces:./build/interfaces'), ('HOME', '/home/nrc'), ('CHROME_DESKTOP', 'code.desktop'), ('TERM_PROGRAM_VERSION', '1.109.5'), ('DESKTOP_SESSION', 'ubuntu'), ('GIO_LAUNCHED_DESKTOP_FILE', '/usr/share/applications/code.desktop'), ('ROS_PYTHON_VERSION', '3'), ('GNOME_SHELL_SESSION_MODE', 'ubuntu'), ('GTK_MODULES', 'gail:atk-bridge'), ('GK_GL_PATH', '/tmp/gitkraken/gitlens/gitlens-ipc-server-9462-42441.json'), ('VSCODE_GIT_ASKPASS_MAIN', '/usr/share/code/resources/app/extensions/git/dist/askpass-main.js'), ('LC_MONETARY', 'vi_VN'), ('VSCODE_GIT_ASKPASS_NODE', '/usr/share/code/code'), ('MANAGERPID', '5181'), ('PYDEVD_DISABLE_FILE_VALIDATION', '1'), ('DBUS_STARTER_BUS_TYPE', 'session'), ('SYSTEMD_EXEC_PID', '5764'), ('BUNDLED_DEBUGPY_PATH', '/home/nrc/.vscode/extensions/ms-python.debugpy-2025.18.0-linux-x64/bundled/libs/debugpy'), ('VSCODE_PYTHON_AUTOACTIVATE_GUARD', '1'), ('DBUS_SESSION_BUS_ADDRESS', 'unix:path=/run/user/1000/bus,guid=4f74f271f20144af6969dbcc69c0a618'), ('COLORTERM', 'truecolor'), ('GIO_LAUNCHED_DESKTOP_FILE_PID', '9462'), ('ROS_DISTRO', 'humble'), ('GTK_IM_MODULE', 'ibus'), ('LOGNAME', 'nrc'), ('JOURNAL_STREAM', '8:25067'), ('_', '/usr/bin/colcon'), ('ROS_VERSION', '2'), ('XDG_SESSION_CLASS', 'user'), ('USERNAME', 'nrc'), ('TERM', 'xterm-256color'), ('GNOME_DESKTOP_SESSION_ID', 'this-is-deprecated'), ('FC_FONTATIONS', '1'), ('ROS_LOCALHOST_ONLY', '0'), ('WINDOWPATH', '2'), ('CODELLDB_LAUNCH_CONNECT_FILE', '/home/nrc/.config/Code/User/workspaceStorage/94e2e73c08445cc8a785f1c1de57d0fb/vadimcn.vscode-lldb/rpcaddress.txt'), ('PATH', '/home/nrc/.vscode/extensions/vadimcn.vscode-lldb-1.12.1/bin:/home/nrc/.config/Code/User/globalStorage/github.copilot-chat/debugCommand:/home/nrc/.config/Code/User/globalStorage/github.copilot-chat/copilotCli:/opt/ros/humble/bin:/home/nrc/.local/bin:/usr/local/sbin:/usr/local/bin:/usr/sbin:/usr/bin:/sbin:/bin:/usr/games:/usr/local/games:/snap/bin:/snap/bin:/home/nrc/.vscode/extensions/ms-python.debugpy-2025.18.0-linux-x64/bundled/scripts/noConfigScripts'), ('SESSION_MANAGER', 'local/nrc:@/tmp/.ICE-unix/5764,unix/nrc:/tmp/.ICE-unix/5764'), ('INVOCATION_ID', '945c8f5b5c164d2791a0ebdf97089c1f'), ('PAPERSIZE', 'a4'), ('XDG_MENU_PREFIX', 'gnome-'), ('LC_ADDRESS', 'vi_VN'), ('GNOME_TERMINAL_SCREEN', '/org/gnome/Terminal/screen/0600f616_f030_42e0_8e4f_3421a386255a'), ('XDG_RUNTIME_DIR', '/run/user/1000'), ('GDK_BACKEND', 'x11'), ('DISPLAY', ':1'), ('VSCODE_DEBUGPY_ADAPTER_ENDPOINTS', '/home/nrc/.vscode/extensions/ms-python.debugpy-2025.18.0-linux-x64/.noConfigDebugAdapterEndpoints/endpoint-fdd3cf9e82bdf614.txt'), ('LANG', 'en_US.UTF-8'), ('XDG_CURRENT_DESKTOP', 'ubuntu:GNOME'), ('PYTHONSTARTUP', '/home/nrc/.config/Code/User/workspaceStorage/94e2e73c08445cc8a785f1c1de57d0fb/ms-python.python/pythonrc.py'), ('LC_TELEPHONE', 'vi_VN'), ('XMODIFIERS', '@im=ibus'), ('XDG_SESSION_DESKTOP', 'ubuntu'), ('XAUTHORITY', '/run/user/1000/gdm/Xauthority'), ('LS_COLORS', 'rs=0:di=01;34:ln=01;36:mh=00:pi=40;33:so=01;35:do=01;35:bd=40;33;01:cd=40;33;01:or=40;31;01:mi=00:su=37;41:sg=30;43:ca=30;41:tw=30;42:ow=34;42:st=37;44:ex=01;32:*.tar=01;31:*.tgz=01;31:*.arc=01;31:*.arj=01;31:*.taz=01;31:*.lha=01;31:*.lz4=01;31:*.lzh=01;31:*.lzma=01;31:*.tlz=01;31:*.txz=01;31:*.tzo=01;31:*.t7z=01;31:*.zip=01;31:*.z=01;31:*.dz=01;31:*.gz=01;31:*.lrz=01;31:*.lz=01;31:*.lzo=01;31:*.xz=01;31:*.zst=01;31:*.tzst=01;31:*.bz2=01;31:*.bz=01;31:*.tbz=01;31:*.tbz2=01;31:*.tz=01;31:*.deb=01;31:*.rpm=01;31:*.jar=01;31:*.war=01;31:*.ear=01;31:*.sar=01;31:*.rar=01;31:*.alz=01;31:*.ace=01;31:*.zoo=01;31:*.cpio=01;31:*.7z=01;31:*.rz=01;31:*.cab=01;31:*.wim=01;31:*.swm=01;31:*.dwm=01;31:*.esd=01;31:*.jpg=01;35:*.jpeg=01;35:*.mjpg=01;35:*.mjpeg=01;35:*.gif=01;35:*.bmp=01;35:*.pbm=01;35:*.pgm=01;35:*.ppm=01;35:*.tga=01;35:*.xbm=01;35:*.xpm=01;35:*.tif=01;35:*.tiff=01;35:*.png=01;35:*.svg=01;35:*.svgz=01;35:*.mng=01;35:*.pcx=01;35:*.mov=01;35:*.mpg=01;35:*.mpeg=01;35:*.m2v=01;35:*.mkv=01;35:*.webm=01;35:*.webp=01;35:*.ogm=01;35:*.mp4=01;35:*.m4v=01;35:*.mp4v=01;35:*.vob=01;35:*.qt=01;35:*.nuv=01;35:*.wmv=01;35:*.asf=01;35:*.rm=01;35:*.rmvb=01;35:*.flc=01;35:*.avi=01;35:*.fli=01;35:*.flv=01;35:*.gl=01;35:*.dl=01;35:*.xcf=01;35:*.xwd=01;35:*.yuv=01;35:*.cgm=01;35:*.emf=01;35:*.ogv=01;35:*.ogx=01;35:*.aac=00;36:*.au=00;36:*.flac=00;36:*.m4a=00;36:*.mid=00;36:*.midi=00;36:*.mka=00;36:*.mp3=00;36:*.mpc=00;36:*.ogg=00;36:*.ra=00;36:*.wav=00;36:*.oga=00;36:*.opus=00;36:*.spx=00;36:*.xspf=00;36:'), ('VSCODE_GIT_IPC_HANDLE', '/run/user/1000/vscode-git-763ad22665.sock'), ('GNOME_TERMINAL_SERVICE', ':1.169'), ('TERM_PROGRAM', 'vscode'), ('SSH_AGENT_LAUNCHER', 'gnome-keyring'), ('SSH_AUTH_SOCK', '/run/user/1000/keyring/ssh'), ('ROS_DOMAIN_ID', '71'), ('AMENT_PREFIX_PATH', '/opt/ros/humble'), ('SHELL', '/bin/bash'), ('LC_NAME', 'vi_VN'), ('QT_ACCESSIBILITY', '1'), ('NO_AT_BRIDGE', '1'), ('GDMSESSION', 'ubuntu'), ('LESSCLOSE', '/usr/bin/lesspipe %s %s'), ('GK_GL_ADDR', 'http://127.0.0.1:42441'), ('LC_MEASUREMENT', 'vi_VN'), ('GPG_AGENT_INFO', '/run/user/1000/gnupg/S.gpg-agent:0:1'), ('GJS_DEBUG_OUTPUT', 'stderr'), ('LC_IDENTIFICATION', 'vi_VN'), ('VSCODE_GIT_ASKPASS_EXTRA_ARGS', ''), ('QT_IM_MODULE', 'ibus'), ('PWD', '/home/nrc/Manual_Control_F3/build/pallet_rack_detector_cpp'), ('LC_ALL', 'en_US.UTF-8'), ('XDG_CONFIG_DIRS', '/etc/xdg/xdg-ubuntu:/etc/xdg'), ('DBUS_STARTER_ADDRESS', 'unix:path=/run/user/1000/bus,guid=4f74f271f20144af6969dbcc69c0a618'), ('XDG_DATA_DIRS', '/usr/share/ubuntu:/usr/share/gnome:/usr/local/share/:/usr/share/:/var/lib/snapd/desktop'), ('PYTHONPATH', '/opt/ros/humble/lib/python3.10/site-packages:/opt/ros/humble/local/lib/python3.10/dist-packages'), ('LC_NUMERIC', 'vi_VN'), ('LC_PAPER', 'vi_VN'), ('SGX_AESM_ADDR', '1'), ('COLCON', '1'), ('VTE_VERSION', '6800'), ('CMAKE_PREFIX_PATH', '/opt/ros/humble')]), 'shell': False}
[0.073094] (sick_safetyscanners2_interfaces) StdoutLine: {'line': b'-- The C compiler identification is GNU 11.4.0\n'}
[0.074433] (pallet_rack_detector_cpp) StdoutLine: {'line': b'-- The C compiler identification is GNU 11.4.0\n'}
[0.099867] (-) TimerEvent: {}
[0.129130] (sick_safetyscanners2_interfaces) StdoutLine: {'line': b'-- The CXX compiler identification is GNU 11.4.0\n'}
[0.138086] (pallet_rack_detector_cpp) StdoutLine: {'line': b'-- The CXX compiler identification is GNU 11.4.0\n'}
[0.151016] (sick_safetyscanners2_interfaces) StdoutLine: {'line': b'-- Detecting C compiler ABI info\n'}
[0.155058] (pallet_rack_detector_cpp) StdoutLine: {'line': b'-- Detecting C compiler ABI info\n'}
[0.199990] (-) TimerEvent: {}
[0.227607] (sick_safetyscanners2_interfaces) StdoutLine: {'line': b'-- Detecting C compiler ABI info - done\n'}
[0.229729] (pallet_rack_detector_cpp) StdoutLine: {'line': b'-- Detecting C compiler ABI info - done\n'}
[0.233746] (sick_safetyscanners2_interfaces) StdoutLine: {'line': b'-- Check for working C compiler: /usr/bin/cc - skipped\n'}
[0.234110] (sick_safetyscanners2_interfaces) StdoutLine: {'line': b'-- Detecting C compile features\n'}
[0.234494] (sick_safetyscanners2_interfaces) StdoutLine: {'line': b'-- Detecting C compile features - done\n'}
[0.237218] (sick_safetyscanners2_interfaces) StdoutLine: {'line': b'-- Detecting CXX compiler ABI info\n'}
[0.242892] (pallet_rack_detector_cpp) StdoutLine: {'line': b'-- Check for working C compiler: /usr/bin/cc - skipped\n'}
[0.243600] (pallet_rack_detector_cpp) StdoutLine: {'line': b'-- Detecting C compile features\n'}
[0.245690] (pallet_rack_detector_cpp) StdoutLine: {'line': b'-- Detecting C compile features - done\n'}
[0.246583] (pallet_rack_detector_cpp) StdoutLine: {'line': b'-- Detecting CXX compiler ABI info\n'}
[0.300106] (-) TimerEvent: {}
[0.313208] (sick_safetyscanners2_interfaces) StdoutLine: {'line': b'-- Detecting CXX compiler ABI info - done\n'}
[0.319546] (sick_safetyscanners2_interfaces) StdoutLine: {'line': b'-- Check for working CXX compiler: /usr/bin/c++ - skipped\n'}
[0.320390] (sick_safetyscanners2_interfaces) StdoutLine: {'line': b'-- Detecting CXX compile features\n'}
[0.320534] (sick_safetyscanners2_interfaces) StdoutLine: {'line': b'-- Detecting CXX compile features - done\n'}
[0.324999] (pallet_rack_detector_cpp) StdoutLine: {'line': b'-- Detecting CXX compiler ABI info - done\n'}
[0.326651] (sick_safetyscanners2_interfaces) StdoutLine: {'line': b'-- Found ament_cmake: 1.3.13 (/opt/ros/humble/share/ament_cmake/cmake)\n'}
[0.332891] (pallet_rack_detector_cpp) StdoutLine: {'line': b'-- Check for working CXX compiler: /usr/bin/c++ - skipped\n'}
[0.333136] (pallet_rack_detector_cpp) StdoutLine: {'line': b'-- Detecting CXX compile features\n'}
[0.333862] (pallet_rack_detector_cpp) StdoutLine: {'line': b'-- Detecting CXX compile features - done\n'}
[0.335030] (pallet_rack_detector_cpp) StdoutLine: {'line': b'-- Found ament_cmake: 1.3.13 (/opt/ros/humble/share/ament_cmake/cmake)\n'}
[0.400197] (-) TimerEvent: {}
[0.454764] (sick_safetyscanners2_interfaces) StdoutLine: {'line': b'-- Found Python3: /usr/bin/python3 (found version "3.10.12") found components: Interpreter \n'}
[0.475115] (pallet_rack_detector_cpp) StdoutLine: {'line': b'-- Found Python3: /usr/bin/python3 (found version "3.10.12") found components: Interpreter \n'}
[0.500290] (-) TimerEvent: {}
[0.553412] (sick_safetyscanners2_interfaces) StdoutLine: {'line': b'-- Found rosidl_default_generators: 1.2.0 (/opt/ros/humble/share/rosidl_default_generators/cmake)\n'}
[0.556941] (sick_safetyscanners2_interfaces) StdoutLine: {'line': b'-- Using all available rosidl_typesupport_c: rosidl_typesupport_fastrtps_c;rosidl_typesupport_introspection_c\n'}
[0.559143] (pallet_rack_detector_cpp) StdoutLine: {'line': b'-- Found rclcpp: 16.0.18 (/opt/ros/humble/share/rclcpp/cmake)\n'}
[0.564069] (sick_safetyscanners2_interfaces) StdoutLine: {'line': b'-- Found rosidl_adapter: 3.1.8 (/opt/ros/humble/share/rosidl_adapter/cmake)\n'}
[0.601546] (-) TimerEvent: {}
[0.603704] (pallet_rack_detector_cpp) StdoutLine: {'line': b'-- Found rosidl_generator_c: 3.1.8 (/opt/ros/humble/share/rosidl_generator_c/cmake)\n'}
[0.609703] (pallet_rack_detector_cpp) StdoutLine: {'line': b'-- Found rosidl_adapter: 3.1.8 (/opt/ros/humble/share/rosidl_adapter/cmake)\n'}
[0.626398] (sick_safetyscanners2_interfaces) StdoutLine: {'line': b'-- Using all available rosidl_typesupport_cpp: rosidl_typesupport_fastrtps_cpp;rosidl_typesupport_introspection_cpp\n'}
[0.627753] (pallet_rack_detector_cpp) StdoutLine: {'line': b'-- Found rosidl_generator_cpp: 3.1.8 (/opt/ros/humble/share/rosidl_generator_cpp/cmake)\n'}
[0.645993] (pallet_rack_detector_cpp) StdoutLine: {'line': b'-- Using all available rosidl_typesupport_c: rosidl_typesupport_fastrtps_c;rosidl_typesupport_introspection_c\n'}
[0.657677] (pallet_rack_detector_cpp) StdoutLine: {'line': b'-- Using all available rosidl_typesupport_cpp: rosidl_typesupport_fastrtps_cpp;rosidl_typesupport_introspection_cpp\n'}
[0.669162] (sick_safetyscanners2_interfaces) StdoutLine: {'line': b'-- Found sensor_msgs: 4.9.1 (/opt/ros/humble/share/sensor_msgs/cmake)\n'}
[0.698287] (pallet_rack_detector_cpp) StdoutLine: {'line': b'-- Found rmw_implementation_cmake: 6.1.2 (/opt/ros/humble/share/rmw_implementation_cmake/cmake)\n'}
[0.700661] (pallet_rack_detector_cpp) StdoutLine: {'line': b'-- Found rmw_fastrtps_cpp: 6.2.10 (/opt/ros/humble/share/rmw_fastrtps_cpp/cmake)\n'}
[0.701619] (-) TimerEvent: {}
[0.782713] (pallet_rack_detector_cpp) StdoutLine: {'line': b'-- Found OpenSSL: /usr/lib/x86_64-linux-gnu/libcrypto.so (found version "3.0.2")  \n'}
[0.801708] (-) TimerEvent: {}
[0.805282] (pallet_rack_detector_cpp) StdoutLine: {'line': b'-- Found FastRTPS: /opt/ros/humble/include  \n'}
[0.841138] (pallet_rack_detector_cpp) StdoutLine: {'line': b"-- Using RMW implementation 'rmw_fastrtps_cpp' as default\n"}
[0.848879] (pallet_rack_detector_cpp) StdoutLine: {'line': b'-- Looking for pthread.h\n'}
[0.901810] (-) TimerEvent: {}
[0.909753] (pallet_rack_detector_cpp) StdoutLine: {'line': b'-- Looking for pthread.h - found\n'}
[0.910129] (pallet_rack_detector_cpp) StdoutLine: {'line': b'-- Performing Test CMAKE_HAVE_LIBC_PTHREAD\n'}
[1.001920] (-) TimerEvent: {}
[1.005018] (pallet_rack_detector_cpp) StdoutLine: {'line': b'-- Performing Test CMAKE_HAVE_LIBC_PTHREAD - Success\n'}
[1.006110] (pallet_rack_detector_cpp) StdoutLine: {'line': b'-- Found Threads: TRUE  \n'}
[1.057978] (sick_safetyscanners2_interfaces) StdoutLine: {'line': b'-- Found ament_cmake_ros: 0.10.0 (/opt/ros/humble/share/ament_cmake_ros/cmake)\n'}
[1.058665] (pallet_rack_detector_cpp) StdoutLine: {'line': b'-- Found sensor_msgs: 4.9.1 (/opt/ros/humble/share/sensor_msgs/cmake)\n'}
[1.082328] (pallet_rack_detector_cpp) StdoutLine: {'line': b'-- Found visualization_msgs: 4.9.1 (/opt/ros/humble/share/visualization_msgs/cmake)\n'}
[1.102009] (-) TimerEvent: {}
[1.169200] (pallet_rack_detector_cpp) StdoutLine: {'line': b'-- Configuring done\n'}
[1.181075] (pallet_rack_detector_cpp) StdoutLine: {'line': b'-- Generating done\n'}
[1.184079] (pallet_rack_detector_cpp) StdoutLine: {'line': b'-- Build files have been written to: /home/nrc/Manual_Control_F3/build/pallet_rack_detector_cpp\n'}
[1.194368] (pallet_rack_detector_cpp) CommandEnded: {'returncode': 0}
[1.195117] (pallet_rack_detector_cpp) JobProgress: {'identifier': 'pallet_rack_detector_cpp', 'progress': 'build'}
[1.195816] (pallet_rack_detector_cpp) Command: {'cmd': ['/usr/bin/cmake', '--build', '/home/nrc/Manual_Control_F3/build/pallet_rack_detector_cpp', '--', '-j8', '-l8'], 'cwd': '/home/nrc/Manual_Control_F3/build/pallet_rack_detector_cpp', 'env': OrderedDict([('GJS_DEBUG_TOPICS', 'JS ERROR;JS LOG'), ('PYTHON_BASIC_REPL', '1'), ('LESSOPEN', '| /usr/bin/lesspipe %s'), ('LANGUAGE', 'en_US:en'), ('USER', 'nrc'), ('LC_TIME', 'vi_VN'), ('XDG_SESSION_TYPE', 'x11'), ('GIT_ASKPASS', '/usr/share/code/resources/app/extensions/git/dist/askpass.sh'), ('SHLVL', '2'), ('LD_LIBRARY_PATH', '/opt/onnxruntime/lib:/opt/onnxruntime/lib:/opt/ros/humble/opt/rviz_ogre_vendor/lib:/opt/ros/humble/lib/x86_64-linux-gnu:/opt/ros/humble/lib:./build/interfaces:./build/interfaces'), ('HOME', '/home/nrc'), ('CHROME_DESKTOP', 'code.desktop'), ('TERM_PROGRAM_VERSION', '1.109.5'), ('DESKTOP_SESSION', 'ubuntu'), ('GIO_LAUNCHED_DESKTOP_FILE', '/usr/share/applications/code.desktop'), ('ROS_PYTHON_VERSION', '3'), ('GNOME_SHELL_SESSION_MODE', 'ubuntu'), ('GTK_MODULES', 'gail:atk-bridge'), ('GK_GL_PATH', '/tmp/gitkraken/gitlens/gitlens-ipc-server-9462-42441.json'), ('VSCODE_GIT_ASKPASS_MAIN', '/usr/share/code/resources/app/extensions/git/dist/askpass-main.js'), ('LC_MONETARY', 'vi_VN'), ('VSCODE_GIT_ASKPASS_NODE', '/usr/share/code/code'), ('MANAGERPID', '5181'), ('PYDEVD_DISABLE_FILE_VALIDATION', '1'), ('DBUS_STARTER_BUS_TYPE', 'session'), ('SYSTEMD_EXEC_PID', '5764'), ('BUNDLED_DEBUGPY_PATH', '/home/nrc/.vscode/extensions/ms-python.debugpy-2025.18.0-linux-x64/bundled/libs/debugpy'), ('VSCODE_PYTHON_AUTOACTIVATE_GUARD', '1'), ('DBUS_SESSION_BUS_ADDRESS', 'unix:path=/run/user/1000/bus,guid=4f74f271f20144af6969dbcc69c0a618'), ('COLORTERM', 'truecolor'), ('GIO_LAUNCHED_DESKTOP_FILE_PID', '9462'), ('ROS_DISTRO', 'humble'), ('GTK_IM_MODULE', 'ibus'), ('LOGNAME', 'nrc'), ('JOURNAL_STREAM', '8:25067'), ('_', '/usr/bin/colcon'), ('ROS_VERSION', '2'), ('XDG_SESSION_CLASS', 'user'), ('USERNAME', 'nrc'), ('TERM', 'xterm-256color'), ('GNOME_DESKTOP_SESSION_ID', 'this-is-deprecated'), ('FC_FONTATIONS', '1'), ('ROS_LOCALHOST_ONLY', '0'), ('WINDOWPATH', '2'), ('CODELLDB_LAUNCH_CONNECT_FILE', '/home/nrc/.config/Code/User/workspaceStorage/94e2e73c08445cc8a785f1c1de57d0fb/vadimcn.vscode-lldb/rpcaddress.txt'), ('PATH', '/home/nrc/.vscode/extensions/vadimcn.vscode-lldb-1.12.1/bin:/home/nrc/.config/Code/User/globalStorage/github.copilot-chat/debugCommand:/home/nrc/.config/Code/User/globalStorage/github.copilot-chat/copilotCli:/opt/ros/humble/bin:/home/nrc/.local/bin:/usr/local/sbin:/usr/local/bin:/usr/sbin:/usr/bin:/sbin:/bin:/usr/games:/usr/local/games:/snap/bin:/snap/bin:/home/nrc/.vscode/extensions/ms-python.debugpy-2025.18.0-linux-x64/bundled/scripts/noConfigScripts'), ('SESSION_MANAGER', 'local/nrc:@/tmp/.ICE-unix/5764,unix/nrc:/tmp/.ICE-unix/5764'), ('INVOCATION_ID', '945c8f5b5c164d2791a0ebdf97089c1f'), ('PAPERSIZE', 'a4'), ('XDG_MENU_PREFIX', 'gnome-'), ('LC_ADDRESS', 'vi_VN'), ('GNOME_TERMINAL_SCREEN', '/org/gnome/Terminal/screen/0600f616_f030_42e0_8e4f_3421a386255a'), ('XDG_RUNTIME_DIR', '/run/user/1000'), ('GDK_BACKEND', 'x11'), ('DISPLAY', ':1'), ('VSCODE_DEBUGPY_ADAPTER_ENDPOINTS', '/home/nrc/.vscode/extensions/ms-python.debugpy-2025.18.0-linux-x64/.noConfigDebugAdapterEndpoints/endpoint-fdd3cf9e82bdf614.txt'), ('LANG', 'en_US.UTF-8'), ('XDG_CURRENT_DESKTOP', 'ubuntu:GNOME'), ('PYTHONSTARTUP', '/home/nrc/.config/Code/User/workspaceStorage/94e2e73c08445cc8a785f1c1de57d0fb/ms-python.python/pythonrc.py'), ('LC_TELEPHONE', 'vi_VN'), ('XMODIFIERS', '@im=ibus'), ('XDG_SESSION_DESKTOP', 'ubuntu'), ('XAUTHORITY', '/run/user/1000/gdm/Xauthority'), ('LS_COLORS', 'rs=0:di=01;34:ln=01;36:mh=00:pi=40;33:so=01;35:do=01;35:bd=40;33;01:cd=40;33;01:or=40;31;01:mi=00:su=37;41:sg=30;43:ca=30;41:tw=30;42:ow=34;42:st=37;44:ex=01;32:*.tar=01;31:*.tgz=01;31:*.arc=01;31:*.arj=01;31:*.taz=01;31:*.lha=01;31:*.lz4=01;31:*.lzh=01;31:*.lzma=01;31:*.tlz=01;31:*.txz=01;31:*.tzo=01;31:*.t7z=01;31:*.zip=01;31:*.z=01;31:*.dz=01;31:*.gz=01;31:*.lrz=01;31:*.lz=01;31:*.lzo=01;31:*.xz=01;31:*.zst=01;31:*.tzst=01;31:*.bz2=01;31:*.bz=01;31:*.tbz=01;31:*.tbz2=01;31:*.tz=01;31:*.deb=01;31:*.rpm=01;31:*.jar=01;31:*.war=01;31:*.ear=01;31:*.sar=01;31:*.rar=01;31:*.alz=01;31:*.ace=01;31:*.zoo=01;31:*.cpio=01;31:*.7z=01;31:*.rz=01;31:*.cab=01;31:*.wim=01;31:*.swm=01;31:*.dwm=01;31:*.esd=01;31:*.jpg=01;35:*.jpeg=01;35:*.mjpg=01;35:*.mjpeg=01;35:*.gif=01;35:*.bmp=01;35:*.pbm=01;35:*.pgm=01;35:*.ppm=01;35:*.tga=01;35:*.xbm=01;35:*.xpm=01;35:*.tif=01;35:*.tiff=01;35:*.png=01;35:*.svg=01;35:*.svgz=01;35:*.mng=01;35:*.pcx=01;35:*.mov=01;35:*.mpg=01;35:*.mpeg=01;35:*.m2v=01;35:*.mkv=01;35:*.webm=01;35:*.webp=01;35:*.ogm=01;35:*.mp4=01;35:*.m4v=01;35:*.mp4v=01;35:*.vob=01;35:*.qt=01;35:*.nuv=01;35:*.wmv=01;35:*.asf=01;35:*.rm=01;35:*.rmvb=01;35:*.flc=01;35:*.avi=01;35:*.fli=01;35:*.flv=01;35:*.gl=01;35:*.dl=01;35:*.xcf=01;35:*.xwd=01;35:*.yuv=01;35:*.cgm=01;35:*.emf=01;35:*.ogv=01;35:*.ogx=01;35:*.aac=00;36:*.au=00;36:*.flac=00;36:*.m4a=00;36:*.mid=00;36:*.midi=00;36:*.mka=00;36:*.mp3=00;36:*.mpc=00;36:*.ogg=00;36:*.ra=00;36:*.wav=00;36:*.oga=00;36:*.opus=00;36:*.spx=00;36:*.xspf=00;36:'), ('VSCODE_GIT_IPC_HANDLE', '/run/user/1000/vscode-git-763ad22665.sock'), ('GNOME_TERMINAL_SERVICE', ':1.169'), ('TERM_PROGRAM', 'vscode'), ('SSH_AGENT_LAUNCHER', 'gnome-keyring'), ('SSH_AUTH_SOCK', '/run/user/1000/keyring/ssh'), ('ROS_DOMAIN_ID', '71'), ('AMENT_PREFIX_PATH', '/opt/ros/humble'), ('SHELL', '/bin/bash'), ('LC_NAME', 'vi_VN'), ('QT_ACCESSIBILITY', '1'), ('NO_AT_BRIDGE', '1'), ('GDMSESSION', 'ubuntu'), ('LESSCLOSE', '/usr/bin/lesspipe %s %s'), ('GK_GL_ADDR', 'http://127.0.0.1:42441'), ('LC_MEASUREMENT', 'vi_VN'), ('GPG_AGENT_INFO', '/run/user/1000/gnupg/S.gpg-agent:0:1'), ('GJS_DEBUG_OUTPUT', 'stderr'), ('LC_IDENTIFICATION', 'vi_VN'), ('VSCODE_GIT_ASKPASS_EXTRA_ARGS', ''), ('QT_IM_MODULE', 'ibus'), ('PWD', '/home/nrc/Manual_Control_F3/build/pallet_rack_detector_cpp'), ('LC_ALL', 'en_US.UTF-8'), ('XDG_CONFIG_DIRS', '/etc/xdg/xdg-ubuntu:/etc/xdg'), ('DBUS_STARTER_ADDRESS', 'unix:path=/run/user/1000/bus,guid=4f74f271f20144af6969dbcc69c0a618'), ('XDG_DATA_DIRS', '/usr/share/ubuntu:/usr/share/gnome:/usr/local/share/:/usr/share/:/var/lib/snapd/desktop'), ('PYTHONPATH', '/opt/ros/humble/lib/python3.10/site-packages:/opt/ros/humble/local/lib/python3.10/dist-packages'), ('LC_NUMERIC', 'vi_VN'), ('LC_PAPER', 'vi_VN'), ('SGX_AESM_ADDR', '1'), ('COLCON', '1'), ('VTE_VERSION', '6800'), ('CMAKE_PREFIX_PATH', '/opt/ros/humble')]), 'shell': False}
[1.202134] (-) TimerEvent: {}
[1.254085] (pallet_rack_detector_cpp) StdoutLine: {'line': b'[ 50%] \x1b[32mBuilding CXX object CMakeFiles/pallet_rack_detector.dir/src/pallet_rack_detector.cpp.o\x1b[0m\n'}
[1.302230] (-) TimerEvent: {}
[1.351201] (sick_safetyscanners2_interfaces) StdoutLine: {'line': b'-- Using all available rosidl_typesupport_c: rosidl_typesupport_fastrtps_c;rosidl_typesupport_introspection_c\n'}
[1.403018] (-) TimerEvent: {}
[1.503315] (-) TimerEvent: {}
[1.603821] (-) TimerEvent: {}
[1.704139] (-) TimerEvent: {}
[1.804607] (-) TimerEvent: {}
[1.819976] (sick_safetyscanners2_interfaces) StdoutLine: {'line': b'-- Using all available rosidl_typesupport_cpp: rosidl_typesupport_fastrtps_cpp;rosidl_typesupport_introspection_cpp\n'}
[1.852354] (sick_safetyscanners2_interfaces) StdoutLine: {'line': b'-- Found PythonInterp: /usr/bin/python3 (found suitable version "3.10.12", minimum required is "3.6") \n'}
[1.853634] (sick_safetyscanners2_interfaces) StdoutLine: {'line': b'-- Found python_cmake_module: 0.10.0 (/opt/ros/humble/share/python_cmake_module/cmake)\n'}
[1.876196] (sick_safetyscanners2_interfaces) StdoutLine: {'line': b'-- Found PythonLibs: /usr/lib/x86_64-linux-gnu/libpython3.10.so (found suitable version "3.10.12", minimum required is "3.5") \n'}
[1.876595] (sick_safetyscanners2_interfaces) StdoutLine: {'line': b'-- Using PYTHON_EXECUTABLE: /usr/bin/python3\n'}
[1.876722] (sick_safetyscanners2_interfaces) StdoutLine: {'line': b'-- Using PYTHON_INCLUDE_DIRS: /usr/include/python3.10\n'}
[1.876774] (sick_safetyscanners2_interfaces) StdoutLine: {'line': b'-- Using PYTHON_LIBRARIES: /usr/lib/x86_64-linux-gnu/libpython3.10.so\n'}
[1.896814] (sick_safetyscanners2_interfaces) StdoutLine: {'line': b'-- Found PythonExtra: .so  \n'}
[1.908015] (-) TimerEvent: {}
[1.982025] (sick_safetyscanners2_interfaces) StdoutLine: {'line': b'-- Found ament_lint_auto: 0.12.15 (/opt/ros/humble/share/ament_lint_auto/cmake)\n'}
[2.008186] (sick_safetyscanners2_interfaces) StdoutLine: {'line': b"-- Added test 'lint_cmake' to check CMake code style\n"}
[2.008347] (-) TimerEvent: {}
[2.012515] (sick_safetyscanners2_interfaces) StdoutLine: {'line': b"-- Added test 'xmllint' to check XML markup files\n"}
[2.015376] (sick_safetyscanners2_interfaces) StdoutLine: {'line': b'-- Configuring done\n'}
[2.085942] (sick_safetyscanners2_interfaces) StdoutLine: {'line': b'-- Generating done\n'}
[2.102675] (sick_safetyscanners2_interfaces) StdoutLine: {'line': b'-- Build files have been written to: /home/nrc/Manual_Control_F3/build/sick_safetyscanners2_interfaces\n'}
[2.109041] (-) TimerEvent: {}
[2.128222] (sick_safetyscanners2_interfaces) CommandEnded: {'returncode': 0}
[2.128671] (sick_safetyscanners2_interfaces) JobProgress: {'identifier': 'sick_safetyscanners2_interfaces', 'progress': 'build'}
[2.128695] (sick_safetyscanners2_interfaces) Command: {'cmd': ['/usr/bin/cmake', '--build', '/home/nrc/Manual_Control_F3/build/sick_safetyscanners2_interfaces', '--', '-j8', '-l8'], 'cwd': '/home/nrc/Manual_Control_F3/build/sick_safetyscanners2_interfaces', 'env': OrderedDict([('GJS_DEBUG_TOPICS', 'JS ERROR;JS LOG'), ('PYTHON_BASIC_REPL', '1'), ('LESSOPEN', '| /usr/bin/lesspipe %s'), ('LANGUAGE', 'en_US:en'), ('USER', 'nrc'), ('LC_TIME', 'vi_VN'), ('XDG_SESSION_TYPE', 'x11'), ('GIT_ASKPASS', '/usr/share/code/resources/app/extensions/git/dist/askpass.sh'), ('SHLVL', '2'), ('LD_LIBRARY_PATH', '/opt/onnxruntime/lib:/opt/onnxruntime/lib:/opt/ros/humble/opt/rviz_ogre_vendor/lib:/opt/ros/humble/lib/x86_64-linux-gnu:/opt/ros/humble/lib:./build/interfaces:./build/interfaces'), ('HOME', '/home/nrc'), ('CHROME_DESKTOP', 'code.desktop'), ('TERM_PROGRAM_VERSION', '1.109.5'), ('DESKTOP_SESSION', 'ubuntu'), ('GIO_LAUNCHED_DESKTOP_FILE', '/usr/share/applications/code.desktop'), ('ROS_PYTHON_VERSION', '3'), ('GNOME_SHELL_SESSION_MODE', 'ubuntu'), ('GTK_MODULES', 'gail:atk-bridge'), ('GK_GL_PATH', '/tmp/gitkraken/gitlens/gitlens-ipc-server-9462-42441.json'), ('VSCODE_GIT_ASKPASS_MAIN', '/usr/share/code/resources/app/extensions/git/dist/askpass-main.js'), ('LC_MONETARY', 'vi_VN'), ('VSCODE_GIT_ASKPASS_NODE', '/usr/share/code/code'), ('MANAGERPID', '5181'), ('PYDEVD_DISABLE_FILE_VALIDATION', '1'), ('DBUS_STARTER_BUS_TYPE', 'session'), ('SYSTEMD_EXEC_PID', '5764'), ('BUNDLED_DEBUGPY_PATH', '/home/nrc/.vscode/extensions/ms-python.debugpy-2025.18.0-linux-x64/bundled/libs/debugpy'), ('VSCODE_PYTHON_AUTOACTIVATE_GUARD', '1'), ('DBUS_SESSION_BUS_ADDRESS', 'unix:path=/run/user/1000/bus,guid=4f74f271f20144af6969dbcc69c0a618'), ('COLORTERM', 'truecolor'), ('GIO_LAUNCHED_DESKTOP_FILE_PID', '9462'), ('ROS_DISTRO', 'humble'), ('GTK_IM_MODULE', 'ibus'), ('LOGNAME', 'nrc'), ('JOURNAL_STREAM', '8:25067'), ('_', '/usr/bin/colcon'), ('ROS_VERSION', '2'), ('XDG_SESSION_CLASS', 'user'), ('USERNAME', 'nrc'), ('TERM', 'xterm-256color'), ('GNOME_DESKTOP_SESSION_ID', 'this-is-deprecated'), ('FC_FONTATIONS', '1'), ('ROS_LOCALHOST_ONLY', '0'), ('WINDOWPATH', '2'), ('CODELLDB_LAUNCH_CONNECT_FILE', '/home/nrc/.config/Code/User/workspaceStorage/94e2e73c08445cc8a785f1c1de57d0fb/vadimcn.vscode-lldb/rpcaddress.txt'), ('PATH', '/home/nrc/.vscode/extensions/vadimcn.vscode-lldb-1.12.1/bin:/home/nrc/.config/Code/User/globalStorage/github.copilot-chat/debugCommand:/home/nrc/.config/Code/User/globalStorage/github.copilot-chat/copilotCli:/opt/ros/humble/bin:/home/nrc/.local/bin:/usr/local/sbin:/usr/local/bin:/usr/sbin:/usr/bin:/sbin:/bin:/usr/games:/usr/local/games:/snap/bin:/snap/bin:/home/nrc/.vscode/extensions/ms-python.debugpy-2025.18.0-linux-x64/bundled/scripts/noConfigScripts'), ('SESSION_MANAGER', 'local/nrc:@/tmp/.ICE-unix/5764,unix/nrc:/tmp/.ICE-unix/5764'), ('INVOCATION_ID', '945c8f5b5c164d2791a0ebdf97089c1f'), ('PAPERSIZE', 'a4'), ('XDG_MENU_PREFIX', 'gnome-'), ('LC_ADDRESS', 'vi_VN'), ('GNOME_TERMINAL_SCREEN', '/org/gnome/Terminal/screen/0600f616_f030_42e0_8e4f_3421a386255a'), ('XDG_RUNTIME_DIR', '/run/user/1000'), ('GDK_BACKEND', 'x11'), ('DISPLAY', ':1'), ('VSCODE_DEBUGPY_ADAPTER_ENDPOINTS', '/home/nrc/.vscode/extensions/ms-python.debugpy-2025.18.0-linux-x64/.noConfigDebugAdapterEndpoints/endpoint-fdd3cf9e82bdf614.txt'), ('LANG', 'en_US.UTF-8'), ('XDG_CURRENT_DESKTOP', 'ubuntu:GNOME'), ('PYTHONSTARTUP', '/home/nrc/.config/Code/User/workspaceStorage/94e2e73c08445cc8a785f1c1de57d0fb/ms-python.python/pythonrc.py'), ('LC_TELEPHONE', 'vi_VN'), ('XMODIFIERS', '@im=ibus'), ('XDG_SESSION_DESKTOP', 'ubuntu'), ('XAUTHORITY', '/run/user/1000/gdm/Xauthority'), ('LS_COLORS', 'rs=0:di=01;34:ln=01;36:mh=00:pi=40;33:so=01;35:do=01;35:bd=40;33;01:cd=40;33;01:or=40;31;01:mi=00:su=37;41:sg=30;43:ca=30;41:tw=30;42:ow=34;42:st=37;44:ex=01;32:*.tar=01;31:*.tgz=01;31:*.arc=01;31:*.arj=01;31:*.taz=01;31:*.lha=01;31:*.lz4=01;31:*.lzh=01;31:*.lzma=01;31:*.tlz=01;31:*.txz=01;31:*.tzo=01;31:*.t7z=01;31:*.zip=01;31:*.z=01;31:*.dz=01;31:*.gz=01;31:*.lrz=01;31:*.lz=01;31:*.lzo=01;31:*.xz=01;31:*.zst=01;31:*.tzst=01;31:*.bz2=01;31:*.bz=01;31:*.tbz=01;31:*.tbz2=01;31:*.tz=01;31:*.deb=01;31:*.rpm=01;31:*.jar=01;31:*.war=01;31:*.ear=01;31:*.sar=01;31:*.rar=01;31:*.alz=01;31:*.ace=01;31:*.zoo=01;31:*.cpio=01;31:*.7z=01;31:*.rz=01;31:*.cab=01;31:*.wim=01;31:*.swm=01;31:*.dwm=01;31:*.esd=01;31:*.jpg=01;35:*.jpeg=01;35:*.mjpg=01;35:*.mjpeg=01;35:*.gif=01;35:*.bmp=01;35:*.pbm=01;35:*.pgm=01;35:*.ppm=01;35:*.tga=01;35:*.xbm=01;35:*.xpm=01;35:*.tif=01;35:*.tiff=01;35:*.png=01;35:*.svg=01;35:*.svgz=01;35:*.mng=01;35:*.pcx=01;35:*.mov=01;35:*.mpg=01;35:*.mpeg=01;35:*.m2v=01;35:*.mkv=01;35:*.webm=01;35:*.webp=01;35:*.ogm=01;35:*.mp4=01;35:*.m4v=01;35:*.mp4v=01;35:*.vob=01;35:*.qt=01;35:*.nuv=01;35:*.wmv=01;35:*.asf=01;35:*.rm=01;35:*.rmvb=01;35:*.flc=01;35:*.avi=01;35:*.fli=01;35:*.flv=01;35:*.gl=01;35:*.dl=01;35:*.xcf=01;35:*.xwd=01;35:*.yuv=01;35:*.cgm=01;35:*.emf=01;35:*.ogv=01;35:*.ogx=01;35:*.aac=00;36:*.au=00;36:*.flac=00;36:*.m4a=00;36:*.mid=00;36:*.midi=00;36:*.mka=00;36:*.mp3=00;36:*.mpc=00;36:*.ogg=00;36:*.ra=00;36:*.wav=00;36:*.oga=00;36:*.opus=00;36:*.spx=00;36:*.xspf=00;36:'), ('VSCODE_GIT_IPC_HANDLE', '/run/user/1000/vscode-git-763ad22665.sock'), ('GNOME_TERMINAL_SERVICE', ':1.169'), ('TERM_PROGRAM', 'vscode'), ('SSH_AGENT_LAUNCHER', 'gnome-keyring'), ('SSH_AUTH_SOCK', '/run/user/1000/keyring/ssh'), ('ROS_DOMAIN_ID', '71'), ('AMENT_PREFIX_PATH', '/opt/ros/humble'), ('SHELL', '/bin/bash'), ('LC_NAME', 'vi_VN'), ('QT_ACCESSIBILITY', '1'), ('NO_AT_BRIDGE', '1'), ('GDMSESSION', 'ubuntu'), ('LESSCLOSE', '/usr/bin/lesspipe %s %s'), ('GK_GL_ADDR', 'http://127.0.0.1:42441'), ('LC_MEASUREMENT', 'vi_VN'), ('GPG_AGENT_INFO', '/run/user/1000/gnupg/S.gpg-agent:0:1'), ('GJS_DEBUG_OUTPUT', 'stderr'), ('LC_IDENTIFICATION', 'vi_VN'), ('VSCODE_GIT_ASKPASS_EXTRA_ARGS', ''), ('QT_IM_MODULE', 'ibus'), ('PWD', '/home/nrc/Manual_Control_F3/build/sick_safetyscanners2_interfaces'), ('LC_ALL', 'en_US.UTF-8'), ('XDG_CONFIG_DIRS', '/etc/xdg/xdg-ubuntu:/etc/xdg'), ('DBUS_STARTER_ADDRESS', 'unix:path=/run/user/1000/bus,guid=4f74f271f20144af6969dbcc69c0a618'), ('XDG_DATA_DIRS', '/usr/share/ubuntu:/usr/share/gnome:/usr/local/share/:/usr/share/:/var/lib/snapd/desktop'), ('PYTHONPATH', '/opt/ros/humble/lib/python3.10/site-packages:/opt/ros/humble/local/lib/python3.10/dist-packages'), ('LC_NUMERIC', 'vi_VN'), ('LC_PAPER', 'vi_VN'), ('SGX_AESM_ADDR', '1'), ('COLCON', '1'), ('VTE_VERSION', '6800'), ('CMAKE_PREFIX_PATH', '/opt/ros/humble')]), 'shell': False}
[2.209126] (-) TimerEvent: {}
[2.216104] (sick_safetyscanners2_interfaces) StdoutLine: {'line': b'[  0%] \x1b[34m\x1b[1mGenerating C code for ROS interfaces\x1b[0m\n'}
[2.227787] (sick_safetyscanners2_interfaces) StdoutLine: {'line': b'[  0%] \x1b[34m\x1b[1mGenerating C++ code for ROS interfaces\x1b[0m\n'}
[2.251544] (sick_safetyscanners2_interfaces) StdoutLine: {'line': b'[  0%] Built target ament_cmake_python_copy_sick_safetyscanners2_interfaces\n'}
[2.309226] (-) TimerEvent: {}
[2.409844] (-) TimerEvent: {}
[2.510385] (-) TimerEvent: {}
[2.550022] (sick_safetyscanners2_interfaces) StdoutLine: {'line': b'running egg_info\n'}
[2.550918] (sick_safetyscanners2_interfaces) StdoutLine: {'line': b'creating sick_safetyscanners2_interfaces.egg-info\n'}
[2.551229] (sick_safetyscanners2_interfaces) StdoutLine: {'line': b'writing sick_safetyscanners2_interfaces.egg-info/PKG-INFO\n'}
[2.551395] (sick_safetyscanners2_interfaces) StdoutLine: {'line': b'writing dependency_links to sick_safetyscanners2_interfaces.egg-info/dependency_links.txt\n'}
[2.551531] (sick_safetyscanners2_interfaces) StdoutLine: {'line': b'writing top-level names to sick_safetyscanners2_interfaces.egg-info/top_level.txt\n'}
[2.551716] (sick_safetyscanners2_interfaces) StdoutLine: {'line': b"writing manifest file 'sick_safetyscanners2_interfaces.egg-info/SOURCES.txt'\n"}
[2.560051] (sick_safetyscanners2_interfaces) StdoutLine: {'line': b"reading manifest file 'sick_safetyscanners2_interfaces.egg-info/SOURCES.txt'\n"}
[2.560219] (sick_safetyscanners2_interfaces) StdoutLine: {'line': b"writing manifest file 'sick_safetyscanners2_interfaces.egg-info/SOURCES.txt'\n"}
[2.586726] (sick_safetyscanners2_interfaces) StdoutLine: {'line': b'[  0%] Built target ament_cmake_python_build_sick_safetyscanners2_interfaces_egg\n'}
[2.610496] (-) TimerEvent: {}
[2.710747] (-) TimerEvent: {}
[2.813231] (-) TimerEvent: {}
[2.913607] (-) TimerEvent: {}
[3.013869] (-) TimerEvent: {}
[3.114150] (-) TimerEvent: {}
[3.214925] (-) TimerEvent: {}
[3.315234] (-) TimerEvent: {}
[3.416042] (-) TimerEvent: {}
[3.517044] (-) TimerEvent: {}
[3.617404] (-) TimerEvent: {}
[3.694353] (sick_safetyscanners2_interfaces) StdoutLine: {'line': b'[  0%] Built target sick_safetyscanners2_interfaces__cpp\n'}
[3.709007] (sick_safetyscanners2_interfaces) StdoutLine: {'line': b'[  1%] \x1b[34m\x1b[1mGenerating C++ type support dispatch for ROS interfaces\x1b[0m\n'}
[3.712662] (sick_safetyscanners2_interfaces) StdoutLine: {'line': b'[  2%] \x1b[34m\x1b[1mGenerating C++ type support for eProsima Fast-RTPS\x1b[0m\n'}
[3.716592] (sick_safetyscanners2_interfaces) StdoutLine: {'line': b'[  2%] \x1b[34m\x1b[1mGenerating C++ introspection for ROS interfaces\x1b[0m\n'}
[3.718311] (-) TimerEvent: {}
[3.788003] (sick_safetyscanners2_interfaces) StdoutLine: {'line': b'[  3%] \x1b[32mBuilding C object CMakeFiles/sick_safetyscanners2_interfaces__rosidl_generator_c.dir/rosidl_generator_c/sick_safetyscanners2_interfaces/msg/detail/data_header__functions.c.o\x1b[0m\n'}
[3.788251] (sick_safetyscanners2_interfaces) StdoutLine: {'line': b'[  3%] \x1b[32mBuilding C object CMakeFiles/sick_safetyscanners2_interfaces__rosidl_generator_c.dir/rosidl_generator_c/sick_safetyscanners2_interfaces/msg/detail/application_outputs__functions.c.o\x1b[0m\n'}
[3.789197] (sick_safetyscanners2_interfaces) StdoutLine: {'line': b'[  4%] \x1b[32mBuilding C object CMakeFiles/sick_safetyscanners2_interfaces__rosidl_generator_c.dir/rosidl_generator_c/sick_safetyscanners2_interfaces/msg/detail/application_data__functions.c.o\x1b[0m\n'}
[3.792316] (sick_safetyscanners2_interfaces) StdoutLine: {'line': b'[  5%] \x1b[32mBuilding C object CMakeFiles/sick_safetyscanners2_interfaces__rosidl_generator_c.dir/rosidl_generator_c/sick_safetyscanners2_interfaces/msg/detail/application_inputs__functions.c.o\x1b[0m\n'}
[3.801545] (sick_safetyscanners2_interfaces) StdoutLine: {'line': b'[  6%] \x1b[32mBuilding C object CMakeFiles/sick_safetyscanners2_interfaces__rosidl_generator_c.dir/rosidl_generator_c/sick_safetyscanners2_interfaces/msg/detail/derived_values__functions.c.o\x1b[0m\n'}
[3.822008] (-) TimerEvent: {}
[3.883054] (sick_safetyscanners2_interfaces) StdoutLine: {'line': b'[  6%] \x1b[32mBuilding C object CMakeFiles/sick_safetyscanners2_interfaces__rosidl_generator_c.dir/rosidl_generator_c/sick_safetyscanners2_interfaces/msg/detail/extended_laser_scan__functions.c.o\x1b[0m\n'}
[3.886750] (sick_safetyscanners2_interfaces) StdoutLine: {'line': b'[  7%] \x1b[32mBuilding C object CMakeFiles/sick_safetyscanners2_interfaces__rosidl_generator_c.dir/rosidl_generator_c/sick_safetyscanners2_interfaces/msg/detail/field__functions.c.o\x1b[0m\n'}
[3.900384] (sick_safetyscanners2_interfaces) StdoutLine: {'line': b'[  8%] \x1b[32mBuilding C object CMakeFiles/sick_safetyscanners2_interfaces__rosidl_generator_c.dir/rosidl_generator_c/sick_safetyscanners2_interfaces/msg/detail/intrusion_data__functions.c.o\x1b[0m\n'}
[3.902604] (sick_safetyscanners2_interfaces) StdoutLine: {'line': b'[  8%] \x1b[32mBuilding C object CMakeFiles/sick_safetyscanners2_interfaces__rosidl_generator_c.dir/rosidl_generator_c/sick_safetyscanners2_interfaces/msg/detail/general_system_state__functions.c.o\x1b[0m\n'}
[3.922105] (-) TimerEvent: {}
[3.931436] (sick_safetyscanners2_interfaces) StdoutLine: {'line': b'[  9%] \x1b[32mBuilding C object CMakeFiles/sick_safetyscanners2_interfaces__rosidl_generator_c.dir/rosidl_generator_c/sick_safetyscanners2_interfaces/msg/detail/intrusion_datum__functions.c.o\x1b[0m\n'}
[3.977907] (sick_safetyscanners2_interfaces) StdoutLine: {'line': b'[ 10%] \x1b[32mBuilding C object CMakeFiles/sick_safetyscanners2_interfaces__rosidl_generator_c.dir/rosidl_generator_c/sick_safetyscanners2_interfaces/msg/detail/monitoring_case__functions.c.o\x1b[0m\n'}
[3.981844] (sick_safetyscanners2_interfaces) StdoutLine: {'line': b'[ 10%] \x1b[32mBuilding C object CMakeFiles/sick_safetyscanners2_interfaces__rosidl_generator_c.dir/rosidl_generator_c/sick_safetyscanners2_interfaces/msg/detail/measurement_data__functions.c.o\x1b[0m\n'}
[3.984516] (sick_safetyscanners2_interfaces) StdoutLine: {'line': b'[ 11%] \x1b[32mBuilding C object CMakeFiles/sick_safetyscanners2_interfaces__rosidl_generator_c.dir/rosidl_generator_c/sick_safetyscanners2_interfaces/msg/detail/output_paths__functions.c.o\x1b[0m\n'}
[3.986120] (sick_safetyscanners2_interfaces) StdoutLine: {'line': b'[ 11%] \x1b[32mBuilding C object CMakeFiles/sick_safetyscanners2_interfaces__rosidl_generator_c.dir/rosidl_generator_c/sick_safetyscanners2_interfaces/msg/detail/raw_micro_scan_data__functions.c.o\x1b[0m\n'}
[3.987868] (sick_safetyscanners2_interfaces) StdoutLine: {'line': b'[ 12%] \x1b[32mBuilding C object CMakeFiles/sick_safetyscanners2_interfaces__rosidl_generator_c.dir/rosidl_generator_c/sick_safetyscanners2_interfaces/msg/detail/scan_point__functions.c.o\x1b[0m\n'}
[4.022777] (-) TimerEvent: {}
[4.038779] (sick_safetyscanners2_interfaces) StdoutLine: {'line': b'[ 12%] \x1b[32mBuilding C object CMakeFiles/sick_safetyscanners2_interfaces__rosidl_generator_c.dir/rosidl_generator_c/sick_safetyscanners2_interfaces/srv/detail/field_data__functions.c.o\x1b[0m\n'}
[4.061496] (sick_safetyscanners2_interfaces) StdoutLine: {'line': b'[ 13%] \x1b[32mBuilding C object CMakeFiles/sick_safetyscanners2_interfaces__rosidl_generator_c.dir/rosidl_generator_c/sick_safetyscanners2_interfaces/srv/detail/status_overview__functions.c.o\x1b[0m\n'}
[4.122875] (-) TimerEvent: {}
[4.131629] (sick_safetyscanners2_interfaces) StdoutLine: {'line': b'[ 14%] \x1b[32m\x1b[1mLinking C shared library libsick_safetyscanners2_interfaces__rosidl_generator_c.so\x1b[0m\n'}
[4.186820] (sick_safetyscanners2_interfaces) StdoutLine: {'line': b'[ 14%] Built target sick_safetyscanners2_interfaces__rosidl_generator_c\n'}
[4.201189] (sick_safetyscanners2_interfaces) StdoutLine: {'line': b'[ 15%] \x1b[34m\x1b[1mGenerating C type support for eProsima Fast-RTPS\x1b[0m\n'}
[4.205005] (sick_safetyscanners2_interfaces) StdoutLine: {'line': b'[ 16%] \x1b[34m\x1b[1mGenerating C introspection for ROS interfaces\x1b[0m\n'}
[4.207450] (sick_safetyscanners2_interfaces) StdoutLine: {'line': b'[ 17%] \x1b[34m\x1b[1mGenerating C type support dispatch for ROS interfaces\x1b[0m\n'}
[4.223007] (-) TimerEvent: {}
[4.329004] (-) TimerEvent: {}
[4.429295] (-) TimerEvent: {}
[4.529598] (-) TimerEvent: {}
[4.630130] (-) TimerEvent: {}
[4.730412] (-) TimerEvent: {}
[4.756088] (sick_safetyscanners2_interfaces) StdoutLine: {'line': b'[ 17%] \x1b[32mBuilding CXX object CMakeFiles/sick_safetyscanners2_interfaces__rosidl_typesupport_cpp.dir/rosidl_typesupport_cpp/sick_safetyscanners2_interfaces/msg/application_data__type_support.cpp.o\x1b[0m\n'}
[4.765070] (sick_safetyscanners2_interfaces) StdoutLine: {'line': b'[ 18%] \x1b[32mBuilding CXX object CMakeFiles/sick_safetyscanners2_interfaces__rosidl_typesupport_cpp.dir/rosidl_typesupport_cpp/sick_safetyscanners2_interfaces/msg/application_inputs__type_support.cpp.o\x1b[0m\n'}
[4.768700] (sick_safetyscanners2_interfaces) StdoutLine: {'line': b'[ 19%] \x1b[32mBuilding CXX object CMakeFiles/sick_safetyscanners2_interfaces__rosidl_typesupport_cpp.dir/rosidl_typesupport_cpp/sick_safetyscanners2_interfaces/msg/application_outputs__type_support.cpp.o\x1b[0m\n'}
[4.830516] (-) TimerEvent: {}
[4.931007] (-) TimerEvent: {}
[5.033854] (-) TimerEvent: {}
[5.135561] (-) TimerEvent: {}
[5.227720] (sick_safetyscanners2_interfaces) StdoutLine: {'line': b'[ 19%] \x1b[32mBuilding CXX object CMakeFiles/sick_safetyscanners2_interfaces__rosidl_typesupport_cpp.dir/rosidl_typesupport_cpp/sick_safetyscanners2_interfaces/msg/data_header__type_support.cpp.o\x1b[0m\n'}
[5.235655] (-) TimerEvent: {}
[5.244048] (sick_safetyscanners2_interfaces) StdoutLine: {'line': b'[ 20%] \x1b[32mBuilding CXX object CMakeFiles/sick_safetyscanners2_interfaces__rosidl_typesupport_cpp.dir/rosidl_typesupport_cpp/sick_safetyscanners2_interfaces/msg/derived_values__type_support.cpp.o\x1b[0m\n'}
[5.335757] (-) TimerEvent: {}
[5.397059] (sick_safetyscanners2_interfaces) StdoutLine: {'line': b'[ 21%] \x1b[32mBuilding CXX object CMakeFiles/sick_safetyscanners2_interfaces__rosidl_typesupport_cpp.dir/rosidl_typesupport_cpp/sick_safetyscanners2_interfaces/msg/extended_laser_scan__type_support.cpp.o\x1b[0m\n'}
[5.439040] (-) TimerEvent: {}
[5.464113] (sick_safetyscanners2_interfaces) StdoutLine: {'line': b'[ 22%] \x1b[32mBuilding CXX object CMakeFiles/sick_safetyscanners2_interfaces__rosidl_typesupport_introspection_cpp.dir/rosidl_typesupport_introspection_cpp/sick_safetyscanners2_interfaces/msg/detail/application_data__type_support.cpp.o\x1b[0m\n'}
[5.539141] (-) TimerEvent: {}
[5.564881] (sick_safetyscanners2_interfaces) StdoutLine: {'line': b'[ 22%] \x1b[32mBuilding CXX object CMakeFiles/sick_safetyscanners2_interfaces__rosidl_typesupport_introspection_cpp.dir/rosidl_typesupport_introspection_cpp/sick_safetyscanners2_interfaces/msg/detail/application_inputs__type_support.cpp.o\x1b[0m\n'}
[5.610242] (sick_safetyscanners2_interfaces) StdoutLine: {'line': b'[ 23%] \x1b[32mBuilding CXX object CMakeFiles/sick_safetyscanners2_interfaces__rosidl_typesupport_introspection_cpp.dir/rosidl_typesupport_introspection_cpp/sick_safetyscanners2_interfaces/msg/detail/application_outputs__type_support.cpp.o\x1b[0m\n'}
[5.615047] (sick_safetyscanners2_interfaces) StdoutLine: {'line': b'[ 23%] \x1b[32mBuilding CXX object CMakeFiles/sick_safetyscanners2_interfaces__rosidl_typesupport_c.dir/rosidl_typesupport_c/sick_safetyscanners2_interfaces/msg/application_data__type_support.cpp.o\x1b[0m\n'}
[5.639240] (-) TimerEvent: {}
[5.685983] (sick_safetyscanners2_interfaces) StdoutLine: {'line': b'[ 24%] \x1b[32mBuilding CXX object CMakeFiles/sick_safetyscanners2_interfaces__rosidl_typesupport_c.dir/rosidl_typesupport_c/sick_safetyscanners2_interfaces/msg/application_inputs__type_support.cpp.o\x1b[0m\n'}
[5.739342] (-) TimerEvent: {}
[5.741806] (sick_safetyscanners2_interfaces) StdoutLine: {'line': b'[ 25%] \x1b[32mBuilding CXX object CMakeFiles/sick_safetyscanners2_interfaces__rosidl_typesupport_c.dir/rosidl_typesupport_c/sick_safetyscanners2_interfaces/msg/application_outputs__type_support.cpp.o\x1b[0m\n'}
[5.747055] (sick_safetyscanners2_interfaces) StdoutLine: {'line': b'[ 25%] \x1b[32mBuilding CXX object CMakeFiles/sick_safetyscanners2_interfaces__rosidl_typesupport_cpp.dir/rosidl_typesupport_cpp/sick_safetyscanners2_interfaces/msg/field__type_support.cpp.o\x1b[0m\n'}
[5.796954] (sick_safetyscanners2_interfaces) StdoutLine: {'line': b'[ 25%] \x1b[32mBuilding CXX object CMakeFiles/sick_safetyscanners2_interfaces__rosidl_typesupport_c.dir/rosidl_typesupport_c/sick_safetyscanners2_interfaces/msg/data_header__type_support.cpp.o\x1b[0m\n'}
[5.838566] (sick_safetyscanners2_interfaces) StdoutLine: {'line': b'[ 26%] \x1b[32mBuilding CXX object CMakeFiles/sick_safetyscanners2_interfaces__rosidl_typesupport_c.dir/rosidl_typesupport_c/sick_safetyscanners2_interfaces/msg/derived_values__type_support.cpp.o\x1b[0m\n'}
[5.842491] (-) TimerEvent: {}
[5.911526] (sick_safetyscanners2_interfaces) StdoutLine: {'line': b'[ 26%] \x1b[32mBuilding CXX object CMakeFiles/sick_safetyscanners2_interfaces__rosidl_typesupport_c.dir/rosidl_typesupport_c/sick_safetyscanners2_interfaces/msg/extended_laser_scan__type_support.cpp.o\x1b[0m\n'}
[5.944101] (-) TimerEvent: {}
[5.971235] (sick_safetyscanners2_interfaces) StdoutLine: {'line': b'[ 27%] \x1b[32mBuilding CXX object CMakeFiles/sick_safetyscanners2_interfaces__rosidl_typesupport_c.dir/rosidl_typesupport_c/sick_safetyscanners2_interfaces/msg/field__type_support.cpp.o\x1b[0m\n'}
[6.015732] (sick_safetyscanners2_interfaces) StdoutLine: {'line': b'[ 28%] \x1b[32mBuilding CXX object CMakeFiles/sick_safetyscanners2_interfaces__rosidl_typesupport_c.dir/rosidl_typesupport_c/sick_safetyscanners2_interfaces/msg/general_system_state__type_support.cpp.o\x1b[0m\n'}
[6.026333] (sick_safetyscanners2_interfaces) StdoutLine: {'line': b'[ 29%] \x1b[32mBuilding CXX object CMakeFiles/sick_safetyscanners2_interfaces__rosidl_typesupport_fastrtps_cpp.dir/rosidl_typesupport_fastrtps_cpp/sick_safetyscanners2_interfaces/msg/detail/dds_fastrtps/application_data__type_support.cpp.o\x1b[0m\n'}
[6.045030] (-) TimerEvent: {}
[6.068528] (sick_safetyscanners2_interfaces) StdoutLine: {'line': b'[ 29%] \x1b[32mBuilding CXX object CMakeFiles/sick_safetyscanners2_interfaces__rosidl_typesupport_c.dir/rosidl_typesupport_c/sick_safetyscanners2_interfaces/msg/intrusion_data__type_support.cpp.o\x1b[0m\n'}
[6.104075] (sick_safetyscanners2_interfaces) StdoutLine: {'line': b'[ 30%] \x1b[32mBuilding CXX object CMakeFiles/sick_safetyscanners2_interfaces__rosidl_typesupport_cpp.dir/rosidl_typesupport_cpp/sick_safetyscanners2_interfaces/msg/general_system_state__type_support.cpp.o\x1b[0m\n'}
[6.126999] (sick_safetyscanners2_interfaces) StdoutLine: {'line': b'[ 31%] \x1b[32mBuilding CXX object CMakeFiles/sick_safetyscanners2_interfaces__rosidl_typesupport_c.dir/rosidl_typesupport_c/sick_safetyscanners2_interfaces/msg/intrusion_datum__type_support.cpp.o\x1b[0m\n'}
[6.139122] (sick_safetyscanners2_interfaces) StdoutLine: {'line': b'[ 32%] \x1b[32mBuilding CXX object CMakeFiles/sick_safetyscanners2_interfaces__rosidl_typesupport_cpp.dir/rosidl_typesupport_cpp/sick_safetyscanners2_interfaces/msg/intrusion_data__type_support.cpp.o\x1b[0m\n'}
[6.145138] (-) TimerEvent: {}
[6.157947] (sick_safetyscanners2_interfaces) StdoutLine: {'line': b'[ 33%] \x1b[32mBuilding CXX object CMakeFiles/sick_safetyscanners2_interfaces__rosidl_typesupport_c.dir/rosidl_typesupport_c/sick_safetyscanners2_interfaces/msg/measurement_data__type_support.cpp.o\x1b[0m\n'}
[6.203767] (sick_safetyscanners2_interfaces) StdoutLine: {'line': b'[ 33%] \x1b[32mBuilding CXX object CMakeFiles/sick_safetyscanners2_interfaces__rosidl_typesupport_c.dir/rosidl_typesupport_c/sick_safetyscanners2_interfaces/msg/monitoring_case__type_support.cpp.o\x1b[0m\n'}
[6.248018] (-) TimerEvent: {}
[6.260528] (sick_safetyscanners2_interfaces) StdoutLine: {'line': b'[ 34%] \x1b[32mBuilding CXX object CMakeFiles/sick_safetyscanners2_interfaces__rosidl_typesupport_c.dir/rosidl_typesupport_c/sick_safetyscanners2_interfaces/msg/output_paths__type_support.cpp.o\x1b[0m\n'}
[6.267142] (sick_safetyscanners2_interfaces) StdoutLine: {'line': b'[ 34%] \x1b[32mBuilding CXX object CMakeFiles/sick_safetyscanners2_interfaces__rosidl_typesupport_fastrtps_cpp.dir/rosidl_typesupport_fastrtps_cpp/sick_safetyscanners2_interfaces/msg/detail/dds_fastrtps/application_inputs__type_support.cpp.o\x1b[0m\n'}
[6.325967] (sick_safetyscanners2_interfaces) StdoutLine: {'line': b'[ 34%] \x1b[32mBuilding CXX object CMakeFiles/sick_safetyscanners2_interfaces__rosidl_typesupport_c.dir/rosidl_typesupport_c/sick_safetyscanners2_interfaces/msg/raw_micro_scan_data__type_support.cpp.o\x1b[0m\n'}
[6.327669] (sick_safetyscanners2_interfaces) StdoutLine: {'line': b'[ 35%] \x1b[32mBuilding C object CMakeFiles/sick_safetyscanners2_interfaces__rosidl_typesupport_introspection_c.dir/rosidl_typesupport_introspection_c/sick_safetyscanners2_interfaces/msg/detail/application_data__type_support.c.o\x1b[0m\n'}
[6.348126] (-) TimerEvent: {}
[6.387728] (sick_safetyscanners2_interfaces) StdoutLine: {'line': b'[ 36%] \x1b[32mBuilding CXX object CMakeFiles/sick_safetyscanners2_interfaces__rosidl_typesupport_c.dir/rosidl_typesupport_c/sick_safetyscanners2_interfaces/msg/scan_point__type_support.cpp.o\x1b[0m\n'}
[6.388217] (sick_safetyscanners2_interfaces) StdoutLine: {'line': b'[ 36%] \x1b[32mBuilding C object CMakeFiles/sick_safetyscanners2_interfaces__rosidl_typesupport_introspection_c.dir/rosidl_typesupport_introspection_c/sick_safetyscanners2_interfaces/msg/detail/application_inputs__type_support.c.o\x1b[0m\n'}
[6.396309] (sick_safetyscanners2_interfaces) StdoutLine: {'line': b'[ 37%] \x1b[32mBuilding CXX object CMakeFiles/sick_safetyscanners2_interfaces__rosidl_typesupport_introspection_cpp.dir/rosidl_typesupport_introspection_cpp/sick_safetyscanners2_interfaces/msg/detail/data_header__type_support.cpp.o\x1b[0m\n'}
[6.413187] (sick_safetyscanners2_interfaces) StdoutLine: {'line': b'[ 37%] \x1b[32mBuilding CXX object CMakeFiles/sick_safetyscanners2_interfaces__rosidl_typesupport_fastrtps_c.dir/rosidl_typesupport_fastrtps_c/sick_safetyscanners2_interfaces/msg/detail/application_data__type_support_c.cpp.o\x1b[0m\n'}
[6.434838] (sick_safetyscanners2_interfaces) StdoutLine: {'line': b'[ 38%] \x1b[32mBuilding CXX object CMakeFiles/sick_safetyscanners2_interfaces__rosidl_typesupport_c.dir/rosidl_typesupport_c/sick_safetyscanners2_interfaces/srv/field_data__type_support.cpp.o\x1b[0m\n'}
[6.444194] (sick_safetyscanners2_interfaces) StdoutLine: {'line': b'[ 38%] \x1b[32mBuilding CXX object CMakeFiles/sick_safetyscanners2_interfaces__rosidl_typesupport_introspection_cpp.dir/rosidl_typesupport_introspection_cpp/sick_safetyscanners2_interfaces/msg/detail/derived_values__type_support.cpp.o\x1b[0m\n'}
[6.446574] (sick_safetyscanners2_interfaces) StdoutLine: {'line': b'[ 39%] \x1b[32mBuilding C object CMakeFiles/sick_safetyscanners2_interfaces__rosidl_typesupport_introspection_c.dir/rosidl_typesupport_introspection_c/sick_safetyscanners2_interfaces/msg/detail/application_outputs__type_support.c.o\x1b[0m\n'}
[6.450015] (-) TimerEvent: {}
[6.476493] (sick_safetyscanners2_interfaces) StdoutLine: {'line': b'[ 39%] \x1b[32mBuilding CXX object CMakeFiles/sick_safetyscanners2_interfaces__rosidl_typesupport_cpp.dir/rosidl_typesupport_cpp/sick_safetyscanners2_interfaces/msg/intrusion_datum__type_support.cpp.o\x1b[0m\n'}
[6.505455] (sick_safetyscanners2_interfaces) StdoutLine: {'line': b'[ 39%] \x1b[32mBuilding CXX object CMakeFiles/sick_safetyscanners2_interfaces__rosidl_typesupport_c.dir/rosidl_typesupport_c/sick_safetyscanners2_interfaces/srv/status_overview__type_support.cpp.o\x1b[0m\n'}
[6.539233] (sick_safetyscanners2_interfaces) StdoutLine: {'line': b'[ 40%] \x1b[32m\x1b[1mLinking CXX shared library libsick_safetyscanners2_interfaces__rosidl_typesupport_c.so\x1b[0m\n'}
[6.550124] (-) TimerEvent: {}
[6.550730] (sick_safetyscanners2_interfaces) StdoutLine: {'line': b'[ 40%] \x1b[32mBuilding C object CMakeFiles/sick_safetyscanners2_interfaces__rosidl_typesupport_introspection_c.dir/rosidl_typesupport_introspection_c/sick_safetyscanners2_interfaces/msg/detail/data_header__type_support.c.o\x1b[0m\n'}
[6.554141] (sick_safetyscanners2_interfaces) StdoutLine: {'line': b'[ 41%] \x1b[32mBuilding C object CMakeFiles/sick_safetyscanners2_interfaces__rosidl_typesupport_introspection_c.dir/rosidl_typesupport_introspection_c/sick_safetyscanners2_interfaces/msg/detail/derived_values__type_support.c.o\x1b[0m\n'}
[6.599636] (sick_safetyscanners2_interfaces) StdoutLine: {'line': b'[ 42%] \x1b[32mBuilding CXX object CMakeFiles/sick_safetyscanners2_interfaces__rosidl_typesupport_fastrtps_c.dir/rosidl_typesupport_fastrtps_c/sick_safetyscanners2_interfaces/msg/detail/application_inputs__type_support_c.cpp.o\x1b[0m\n'}
[6.613183] (sick_safetyscanners2_interfaces) StdoutLine: {'line': b'[ 42%] Built target sick_safetyscanners2_interfaces__rosidl_typesupport_c\n'}
[6.623461] (sick_safetyscanners2_interfaces) StdoutLine: {'line': b'[ 44%] \x1b[32mBuilding C object CMakeFiles/sick_safetyscanners2_interfaces__rosidl_typesupport_introspection_c.dir/rosidl_typesupport_introspection_c/sick_safetyscanners2_interfaces/msg/detail/extended_laser_scan__type_support.c.o\x1b[0m\n'}
[6.623707] (sick_safetyscanners2_interfaces) StdoutLine: {'line': b'[ 44%] \x1b[32mBuilding CXX object CMakeFiles/sick_safetyscanners2_interfaces__rosidl_typesupport_cpp.dir/rosidl_typesupport_cpp/sick_safetyscanners2_interfaces/msg/measurement_data__type_support.cpp.o\x1b[0m\n'}
[6.652016] (-) TimerEvent: {}
[6.733036] (sick_safetyscanners2_interfaces) StdoutLine: {'line': b'[ 44%] \x1b[32mBuilding C object CMakeFiles/sick_safetyscanners2_interfaces__rosidl_typesupport_introspection_c.dir/rosidl_typesupport_introspection_c/sick_safetyscanners2_interfaces/msg/detail/field__type_support.c.o\x1b[0m\n'}
[6.752127] (-) TimerEvent: {}
[6.815824] (sick_safetyscanners2_interfaces) StdoutLine: {'line': b'[ 45%] \x1b[32mBuilding C object CMakeFiles/sick_safetyscanners2_interfaces__rosidl_typesupport_introspection_c.dir/rosidl_typesupport_introspection_c/sick_safetyscanners2_interfaces/msg/detail/general_system_state__type_support.c.o\x1b[0m\n'}
[6.852239] (-) TimerEvent: {}
[6.859475] (sick_safetyscanners2_interfaces) StdoutLine: {'line': b'[ 46%] \x1b[32mBuilding CXX object CMakeFiles/sick_safetyscanners2_interfaces__rosidl_typesupport_introspection_cpp.dir/rosidl_typesupport_introspection_cpp/sick_safetyscanners2_interfaces/msg/detail/extended_laser_scan__type_support.cpp.o\x1b[0m\n'}
[6.880020] (sick_safetyscanners2_interfaces) StdoutLine: {'line': b'[ 47%] \x1b[32mBuilding CXX object CMakeFiles/sick_safetyscanners2_interfaces__rosidl_typesupport_fastrtps_c.dir/rosidl_typesupport_fastrtps_c/sick_safetyscanners2_interfaces/msg/detail/application_outputs__type_support_c.cpp.o\x1b[0m\n'}
[6.901815] (sick_safetyscanners2_interfaces) StdoutLine: {'line': b'[ 47%] \x1b[32mBuilding CXX object CMakeFiles/sick_safetyscanners2_interfaces__rosidl_typesupport_fastrtps_c.dir/rosidl_typesupport_fastrtps_c/sick_safetyscanners2_interfaces/msg/detail/data_header__type_support_c.cpp.o\x1b[0m\n'}
[6.912175] (sick_safetyscanners2_interfaces) StdoutLine: {'line': b'[ 48%] \x1b[32mBuilding C object CMakeFiles/sick_safetyscanners2_interfaces__rosidl_typesupport_introspection_c.dir/rosidl_typesupport_introspection_c/sick_safetyscanners2_interfaces/msg/detail/intrusion_data__type_support.c.o\x1b[0m\n'}
[6.952348] (-) TimerEvent: {}
[6.960997] (sick_safetyscanners2_interfaces) StdoutLine: {'line': b'[ 48%] \x1b[32mBuilding C object CMakeFiles/sick_safetyscanners2_interfaces__rosidl_typesupport_introspection_c.dir/rosidl_typesupport_introspection_c/sick_safetyscanners2_interfaces/msg/detail/intrusion_datum__type_support.c.o\x1b[0m\n'}
[7.036076] (sick_safetyscanners2_interfaces) StdoutLine: {'line': b'[ 49%] \x1b[32mBuilding C object CMakeFiles/sick_safetyscanners2_interfaces__rosidl_typesupport_introspection_c.dir/rosidl_typesupport_introspection_c/sick_safetyscanners2_interfaces/msg/detail/measurement_data__type_support.c.o\x1b[0m\n'}
[7.036905] (sick_safetyscanners2_interfaces) StdoutLine: {'line': b'[ 50%] \x1b[32mBuilding CXX object CMakeFiles/sick_safetyscanners2_interfaces__rosidl_typesupport_fastrtps_cpp.dir/rosidl_typesupport_fastrtps_cpp/sick_safetyscanners2_interfaces/msg/detail/dds_fastrtps/application_outputs__type_support.cpp.o\x1b[0m\n'}
[7.052452] (-) TimerEvent: {}
[7.076701] (sick_safetyscanners2_interfaces) StdoutLine: {'line': b'[ 51%] \x1b[32mBuilding CXX object CMakeFiles/sick_safetyscanners2_interfaces__rosidl_typesupport_introspection_cpp.dir/rosidl_typesupport_introspection_cpp/sick_safetyscanners2_interfaces/msg/detail/field__type_support.cpp.o\x1b[0m\n'}
[7.092092] (sick_safetyscanners2_interfaces) StdoutLine: {'line': b'[ 52%] \x1b[32mBuilding C object CMakeFiles/sick_safetyscanners2_interfaces__rosidl_typesupport_introspection_c.dir/rosidl_typesupport_introspection_c/sick_safetyscanners2_interfaces/msg/detail/monitoring_case__type_support.c.o\x1b[0m\n'}
[7.099089] (sick_safetyscanners2_interfaces) StdoutLine: {'line': b'[ 52%] \x1b[32mBuilding CXX object CMakeFiles/sick_safetyscanners2_interfaces__rosidl_typesupport_introspection_cpp.dir/rosidl_typesupport_introspection_cpp/sick_safetyscanners2_interfaces/msg/detail/general_system_state__type_support.cpp.o\x1b[0m\n'}
[7.115143] (sick_safetyscanners2_interfaces) StdoutLine: {'line': b'[ 52%] \x1b[32mBuilding CXX object CMakeFiles/sick_safetyscanners2_interfaces__rosidl_typesupport_cpp.dir/rosidl_typesupport_cpp/sick_safetyscanners2_interfaces/msg/monitoring_case__type_support.cpp.o\x1b[0m\n'}
[7.145955] (sick_safetyscanners2_interfaces) StdoutLine: {'line': b'[ 52%] \x1b[32mBuilding C object CMakeFiles/sick_safetyscanners2_interfaces__rosidl_typesupport_introspection_c.dir/rosidl_typesupport_introspection_c/sick_safetyscanners2_interfaces/msg/detail/output_paths__type_support.c.o\x1b[0m\n'}
[7.152561] (-) TimerEvent: {}
[7.238343] (sick_safetyscanners2_interfaces) StdoutLine: {'line': b'[ 53%] \x1b[32mBuilding C object CMakeFiles/sick_safetyscanners2_interfaces__rosidl_typesupport_introspection_c.dir/rosidl_typesupport_introspection_c/sick_safetyscanners2_interfaces/msg/detail/raw_micro_scan_data__type_support.c.o\x1b[0m\n'}
[7.253137] (-) TimerEvent: {}
[7.316218] (sick_safetyscanners2_interfaces) StdoutLine: {'line': b'[ 53%] \x1b[32mBuilding C object CMakeFiles/sick_safetyscanners2_interfaces__rosidl_typesupport_introspection_c.dir/rosidl_typesupport_introspection_c/sick_safetyscanners2_interfaces/msg/detail/scan_point__type_support.c.o\x1b[0m\n'}
[7.356025] (-) TimerEvent: {}
[7.413208] (sick_safetyscanners2_interfaces) StdoutLine: {'line': b'[ 54%] \x1b[32mBuilding C object CMakeFiles/sick_safetyscanners2_interfaces__rosidl_typesupport_introspection_c.dir/rosidl_typesupport_introspection_c/sick_safetyscanners2_interfaces/srv/detail/field_data__type_support.c.o\x1b[0m\n'}
[7.456142] (-) TimerEvent: {}
[7.460802] (sick_safetyscanners2_interfaces) StdoutLine: {'line': b'[ 55%] \x1b[32mBuilding CXX object CMakeFiles/sick_safetyscanners2_interfaces__rosidl_typesupport_fastrtps_cpp.dir/rosidl_typesupport_fastrtps_cpp/sick_safetyscanners2_interfaces/msg/detail/dds_fastrtps/data_header__type_support.cpp.o\x1b[0m\n'}
[7.482442] (sick_safetyscanners2_interfaces) StdoutLine: {'line': b'[ 56%] \x1b[32mBuilding CXX object CMakeFiles/sick_safetyscanners2_interfaces__rosidl_typesupport_cpp.dir/rosidl_typesupport_cpp/sick_safetyscanners2_interfaces/msg/output_paths__type_support.cpp.o\x1b[0m\n'}
[7.503087] (sick_safetyscanners2_interfaces) StdoutLine: {'line': b'[ 57%] \x1b[32mBuilding C object CMakeFiles/sick_safetyscanners2_interfaces__rosidl_typesupport_introspection_c.dir/rosidl_typesupport_introspection_c/sick_safetyscanners2_interfaces/srv/detail/status_overview__type_support.c.o\x1b[0m\n'}
[7.556245] (-) TimerEvent: {}
[7.562704] (sick_safetyscanners2_interfaces) StdoutLine: {'line': b'[ 58%] \x1b[32mBuilding CXX object CMakeFiles/sick_safetyscanners2_interfaces__rosidl_typesupport_fastrtps_c.dir/rosidl_typesupport_fastrtps_c/sick_safetyscanners2_interfaces/msg/detail/derived_values__type_support_c.cpp.o\x1b[0m\n'}
[7.581023] (sick_safetyscanners2_interfaces) StdoutLine: {'line': b'[ 58%] \x1b[32m\x1b[1mLinking C shared library libsick_safetyscanners2_interfaces__rosidl_typesupport_introspection_c.so\x1b[0m\n'}
[7.598377] (sick_safetyscanners2_interfaces) StdoutLine: {'line': b'[ 59%] \x1b[32mBuilding CXX object CMakeFiles/sick_safetyscanners2_interfaces__rosidl_typesupport_introspection_cpp.dir/rosidl_typesupport_introspection_cpp/sick_safetyscanners2_interfaces/msg/detail/intrusion_data__type_support.cpp.o\x1b[0m\n'}
[7.656353] (-) TimerEvent: {}
[7.659193] (sick_safetyscanners2_interfaces) StdoutLine: {'line': b'[ 59%] Built target sick_safetyscanners2_interfaces__rosidl_typesupport_introspection_c\n'}
[7.681855] (sick_safetyscanners2_interfaces) StdoutLine: {'line': b'[ 59%] \x1b[32mBuilding CXX object CMakeFiles/sick_safetyscanners2_interfaces__rosidl_typesupport_fastrtps_cpp.dir/rosidl_typesupport_fastrtps_cpp/sick_safetyscanners2_interfaces/msg/detail/dds_fastrtps/derived_values__type_support.cpp.o\x1b[0m\n'}
[7.728827] (sick_safetyscanners2_interfaces) StdoutLine: {'line': b'[ 59%] \x1b[32mBuilding CXX object CMakeFiles/sick_safetyscanners2_interfaces__rosidl_typesupport_introspection_cpp.dir/rosidl_typesupport_introspection_cpp/sick_safetyscanners2_interfaces/msg/detail/intrusion_datum__type_support.cpp.o\x1b[0m\n'}
[7.755032] (sick_safetyscanners2_interfaces) StdoutLine: {'line': b'[ 60%] \x1b[32mBuilding CXX object CMakeFiles/sick_safetyscanners2_interfaces__rosidl_typesupport_fastrtps_cpp.dir/rosidl_typesupport_fastrtps_cpp/sick_safetyscanners2_interfaces/msg/detail/dds_fastrtps/extended_laser_scan__type_support.cpp.o\x1b[0m\n'}
[7.756962] (-) TimerEvent: {}
[7.820633] (sick_safetyscanners2_interfaces) StdoutLine: {'line': b'[ 61%] \x1b[32mBuilding CXX object CMakeFiles/sick_safetyscanners2_interfaces__rosidl_typesupport_fastrtps_c.dir/rosidl_typesupport_fastrtps_c/sick_safetyscanners2_interfaces/msg/detail/extended_laser_scan__type_support_c.cpp.o\x1b[0m\n'}
[7.857131] (-) TimerEvent: {}
[7.906091] (sick_safetyscanners2_interfaces) StdoutLine: {'line': b'[ 62%] \x1b[32mBuilding CXX object CMakeFiles/sick_safetyscanners2_interfaces__rosidl_typesupport_cpp.dir/rosidl_typesupport_cpp/sick_safetyscanners2_interfaces/msg/raw_micro_scan_data__type_support.cpp.o\x1b[0m\n'}
[7.958295] (-) TimerEvent: {}
[8.059487] (-) TimerEvent: {}
[8.159841] (-) TimerEvent: {}
[8.260214] (-) TimerEvent: {}
[8.362095] (-) TimerEvent: {}
[8.453467] (sick_safetyscanners2_interfaces) StdoutLine: {'line': b'[ 62%] \x1b[32mBuilding CXX object CMakeFiles/sick_safetyscanners2_interfaces__rosidl_typesupport_cpp.dir/rosidl_typesupport_cpp/sick_safetyscanners2_interfaces/msg/scan_point__type_support.cpp.o\x1b[0m\n'}
[8.455966] (sick_safetyscanners2_interfaces) StdoutLine: {'line': b'[ 63%] \x1b[32mBuilding CXX object CMakeFiles/sick_safetyscanners2_interfaces__rosidl_typesupport_introspection_cpp.dir/rosidl_typesupport_introspection_cpp/sick_safetyscanners2_interfaces/msg/detail/measurement_data__type_support.cpp.o\x1b[0m\n'}
[8.464057] (-) TimerEvent: {}
[8.480011] (sick_safetyscanners2_interfaces) StdoutLine: {'line': b'[ 64%] \x1b[32mBuilding CXX object CMakeFiles/sick_safetyscanners2_interfaces__rosidl_typesupport_cpp.dir/rosidl_typesupport_cpp/sick_safetyscanners2_interfaces/srv/field_data__type_support.cpp.o\x1b[0m\n'}
[8.489282] (sick_safetyscanners2_interfaces) StdoutLine: {'line': b'[ 64%] \x1b[32mBuilding CXX object CMakeFiles/sick_safetyscanners2_interfaces__rosidl_typesupport_fastrtps_c.dir/rosidl_typesupport_fastrtps_c/sick_safetyscanners2_interfaces/msg/detail/field__type_support_c.cpp.o\x1b[0m\n'}
[8.552960] (sick_safetyscanners2_interfaces) StdoutLine: {'line': b'[ 64%] \x1b[32mBuilding CXX object CMakeFiles/sick_safetyscanners2_interfaces__rosidl_typesupport_fastrtps_cpp.dir/rosidl_typesupport_fastrtps_cpp/sick_safetyscanners2_interfaces/msg/detail/dds_fastrtps/field__type_support.cpp.o\x1b[0m\n'}
[8.569309] (-) TimerEvent: {}
[8.616899] (sick_safetyscanners2_interfaces) StdoutLine: {'line': b'[ 65%] \x1b[32mBuilding CXX object CMakeFiles/sick_safetyscanners2_interfaces__rosidl_typesupport_fastrtps_cpp.dir/rosidl_typesupport_fastrtps_cpp/sick_safetyscanners2_interfaces/msg/detail/dds_fastrtps/general_system_state__type_support.cpp.o\x1b[0m\n'}
[8.670380] (-) TimerEvent: {}
[8.770695] (-) TimerEvent: {}
[8.777472] (sick_safetyscanners2_interfaces) StdoutLine: {'line': b'[ 66%] \x1b[32mBuilding CXX object CMakeFiles/sick_safetyscanners2_interfaces__rosidl_typesupport_introspection_cpp.dir/rosidl_typesupport_introspection_cpp/sick_safetyscanners2_interfaces/msg/detail/monitoring_case__type_support.cpp.o\x1b[0m\n'}
[8.798867] (sick_safetyscanners2_interfaces) StdoutLine: {'line': b'[ 66%] \x1b[32mBuilding CXX object CMakeFiles/sick_safetyscanners2_interfaces__rosidl_typesupport_introspection_cpp.dir/rosidl_typesupport_introspection_cpp/sick_safetyscanners2_interfaces/msg/detail/output_paths__type_support.cpp.o\x1b[0m\n'}
[8.871110] (-) TimerEvent: {}
[8.960801] (sick_safetyscanners2_interfaces) StdoutLine: {'line': b'[ 67%] \x1b[32mBuilding CXX object CMakeFiles/sick_safetyscanners2_interfaces__rosidl_typesupport_fastrtps_cpp.dir/rosidl_typesupport_fastrtps_cpp/sick_safetyscanners2_interfaces/msg/detail/dds_fastrtps/intrusion_data__type_support.cpp.o\x1b[0m\n'}
[8.971214] (-) TimerEvent: {}
[9.071685] (-) TimerEvent: {}
[9.122597] (sick_safetyscanners2_interfaces) StdoutLine: {'line': b'[ 68%] \x1b[32mBuilding CXX object CMakeFiles/sick_safetyscanners2_interfaces__rosidl_typesupport_cpp.dir/rosidl_typesupport_cpp/sick_safetyscanners2_interfaces/srv/status_overview__type_support.cpp.o\x1b[0m\n'}
[9.171793] (-) TimerEvent: {}
[9.272122] (-) TimerEvent: {}
[9.280398] (sick_safetyscanners2_interfaces) StdoutLine: {'line': b'[ 69%] \x1b[32mBuilding CXX object CMakeFiles/sick_safetyscanners2_interfaces__rosidl_typesupport_fastrtps_c.dir/rosidl_typesupport_fastrtps_c/sick_safetyscanners2_interfaces/msg/detail/general_system_state__type_support_c.cpp.o\x1b[0m\n'}
[9.372234] (-) TimerEvent: {}
[9.383073] (sick_safetyscanners2_interfaces) StdoutLine: {'line': b'[ 69%] \x1b[32mBuilding CXX object CMakeFiles/sick_safetyscanners2_interfaces__rosidl_typesupport_fastrtps_cpp.dir/rosidl_typesupport_fastrtps_cpp/sick_safetyscanners2_interfaces/msg/detail/dds_fastrtps/intrusion_datum__type_support.cpp.o\x1b[0m\n'}
[9.478163] (-) TimerEvent: {}
[9.578490] (-) TimerEvent: {}
[9.585197] (sick_safetyscanners2_interfaces) StdoutLine: {'line': b'[ 69%] \x1b[32mBuilding CXX object CMakeFiles/sick_safetyscanners2_interfaces__rosidl_typesupport_fastrtps_c.dir/rosidl_typesupport_fastrtps_c/sick_safetyscanners2_interfaces/msg/detail/intrusion_data__type_support_c.cpp.o\x1b[0m\n'}
[9.678599] (-) TimerEvent: {}
[9.769012] (sick_safetyscanners2_interfaces) StdoutLine: {'line': b'[ 69%] \x1b[32m\x1b[1mLinking CXX shared library libsick_safetyscanners2_interfaces__rosidl_typesupport_cpp.so\x1b[0m\n'}
[9.778704] (-) TimerEvent: {}
[9.802076] (sick_safetyscanners2_interfaces) StdoutLine: {'line': b'[ 70%] \x1b[32mBuilding CXX object CMakeFiles/sick_safetyscanners2_interfaces__rosidl_typesupport_fastrtps_cpp.dir/rosidl_typesupport_fastrtps_cpp/sick_safetyscanners2_interfaces/msg/detail/dds_fastrtps/measurement_data__type_support.cpp.o\x1b[0m\n'}
[9.813055] (sick_safetyscanners2_interfaces) StdoutLine: {'line': b'[ 71%] \x1b[32mBuilding CXX object CMakeFiles/sick_safetyscanners2_interfaces__rosidl_typesupport_fastrtps_cpp.dir/rosidl_typesupport_fastrtps_cpp/sick_safetyscanners2_interfaces/msg/detail/dds_fastrtps/monitoring_case__type_support.cpp.o\x1b[0m\n'}
[9.832292] (sick_safetyscanners2_interfaces) StdoutLine: {'line': b'[ 72%] \x1b[32mBuilding CXX object CMakeFiles/sick_safetyscanners2_interfaces__rosidl_typesupport_introspection_cpp.dir/rosidl_typesupport_introspection_cpp/sick_safetyscanners2_interfaces/msg/detail/raw_micro_scan_data__type_support.cpp.o\x1b[0m\n'}
[9.848605] (sick_safetyscanners2_interfaces) StdoutLine: {'line': b'[ 72%] Built target sick_safetyscanners2_interfaces__rosidl_typesupport_cpp\n'}
[9.874942] (sick_safetyscanners2_interfaces) StdoutLine: {'line': b'[ 73%] \x1b[32mBuilding CXX object CMakeFiles/sick_safetyscanners2_interfaces__rosidl_typesupport_introspection_cpp.dir/rosidl_typesupport_introspection_cpp/sick_safetyscanners2_interfaces/msg/detail/scan_point__type_support.cpp.o\x1b[0m\n'}
[9.878811] (-) TimerEvent: {}
[9.954961] (sick_safetyscanners2_interfaces) StdoutLine: {'line': b'[ 73%] \x1b[32mBuilding CXX object CMakeFiles/sick_safetyscanners2_interfaces__rosidl_typesupport_fastrtps_cpp.dir/rosidl_typesupport_fastrtps_cpp/sick_safetyscanners2_interfaces/msg/detail/dds_fastrtps/output_paths__type_support.cpp.o\x1b[0m\n'}
[9.979765] (-) TimerEvent: {}
[10.045333] (sick_safetyscanners2_interfaces) StdoutLine: {'line': b'[ 74%] \x1b[32mBuilding CXX object CMakeFiles/sick_safetyscanners2_interfaces__rosidl_typesupport_fastrtps_c.dir/rosidl_typesupport_fastrtps_c/sick_safetyscanners2_interfaces/msg/detail/intrusion_datum__type_support_c.cpp.o\x1b[0m\n'}
[10.060634] (sick_safetyscanners2_interfaces) StdoutLine: {'line': b'[ 74%] \x1b[32mBuilding CXX object CMakeFiles/sick_safetyscanners2_interfaces__rosidl_typesupport_introspection_cpp.dir/rosidl_typesupport_introspection_cpp/sick_safetyscanners2_interfaces/srv/detail/field_data__type_support.cpp.o\x1b[0m\n'}
[10.079872] (-) TimerEvent: {}
[10.085472] (sick_safetyscanners2_interfaces) StdoutLine: {'line': b'[ 75%] \x1b[32mBuilding CXX object CMakeFiles/sick_safetyscanners2_interfaces__rosidl_typesupport_fastrtps_cpp.dir/rosidl_typesupport_fastrtps_cpp/sick_safetyscanners2_interfaces/msg/detail/dds_fastrtps/raw_micro_scan_data__type_support.cpp.o\x1b[0m\n'}
[10.180037] (-) TimerEvent: {}
[10.280405] (-) TimerEvent: {}
[10.380713] (-) TimerEvent: {}
[10.386766] (sick_safetyscanners2_interfaces) StdoutLine: {'line': b'[ 76%] \x1b[32mBuilding CXX object CMakeFiles/sick_safetyscanners2_interfaces__rosidl_typesupport_fastrtps_c.dir/rosidl_typesupport_fastrtps_c/sick_safetyscanners2_interfaces/msg/detail/measurement_data__type_support_c.cpp.o\x1b[0m\n'}
[10.455037] (sick_safetyscanners2_interfaces) StdoutLine: {'line': b'[ 77%] \x1b[32mBuilding CXX object CMakeFiles/sick_safetyscanners2_interfaces__rosidl_typesupport_introspection_cpp.dir/rosidl_typesupport_introspection_cpp/sick_safetyscanners2_interfaces/srv/detail/status_overview__type_support.cpp.o\x1b[0m\n'}
[10.470410] (sick_safetyscanners2_interfaces) StdoutLine: {'line': b'[ 77%] \x1b[32mBuilding CXX object CMakeFiles/sick_safetyscanners2_interfaces__rosidl_typesupport_fastrtps_cpp.dir/rosidl_typesupport_fastrtps_cpp/sick_safetyscanners2_interfaces/msg/detail/dds_fastrtps/scan_point__type_support.cpp.o\x1b[0m\n'}
[10.480822] (-) TimerEvent: {}
[10.518035] (sick_safetyscanners2_interfaces) StdoutLine: {'line': b'[ 78%] \x1b[32mBuilding CXX object CMakeFiles/sick_safetyscanners2_interfaces__rosidl_typesupport_fastrtps_cpp.dir/rosidl_typesupport_fastrtps_cpp/sick_safetyscanners2_interfaces/srv/detail/dds_fastrtps/field_data__type_support.cpp.o\x1b[0m\n'}
[10.526096] (sick_safetyscanners2_interfaces) StdoutLine: {'line': b'[ 78%] \x1b[32mBuilding CXX object CMakeFiles/sick_safetyscanners2_interfaces__rosidl_typesupport_fastrtps_c.dir/rosidl_typesupport_fastrtps_c/sick_safetyscanners2_interfaces/msg/detail/monitoring_case__type_support_c.cpp.o\x1b[0m\n'}
[10.585067] (-) TimerEvent: {}
[10.625944] (sick_safetyscanners2_interfaces) StdoutLine: {'line': b'[ 79%] \x1b[32mBuilding CXX object CMakeFiles/sick_safetyscanners2_interfaces__rosidl_typesupport_fastrtps_c.dir/rosidl_typesupport_fastrtps_c/sick_safetyscanners2_interfaces/msg/detail/output_paths__type_support_c.cpp.o\x1b[0m\n'}
[10.636174] (sick_safetyscanners2_interfaces) StdoutLine: {'line': b'[ 80%] \x1b[32mBuilding CXX object CMakeFiles/sick_safetyscanners2_interfaces__rosidl_typesupport_fastrtps_c.dir/rosidl_typesupport_fastrtps_c/sick_safetyscanners2_interfaces/msg/detail/raw_micro_scan_data__type_support_c.cpp.o\x1b[0m\n'}
[10.685157] (-) TimerEvent: {}
[10.785485] (-) TimerEvent: {}
[10.885864] (-) TimerEvent: {}
[10.989018] (-) TimerEvent: {}
[11.002479] (sick_safetyscanners2_interfaces) StdoutLine: {'line': b'[ 81%] \x1b[32mBuilding CXX object CMakeFiles/sick_safetyscanners2_interfaces__rosidl_typesupport_fastrtps_cpp.dir/rosidl_typesupport_fastrtps_cpp/sick_safetyscanners2_interfaces/srv/detail/dds_fastrtps/status_overview__type_support.cpp.o\x1b[0m\n'}
[11.020394] (sick_safetyscanners2_interfaces) StdoutLine: {'line': b'[ 81%] \x1b[32mBuilding CXX object CMakeFiles/sick_safetyscanners2_interfaces__rosidl_typesupport_fastrtps_c.dir/rosidl_typesupport_fastrtps_c/sick_safetyscanners2_interfaces/msg/detail/scan_point__type_support_c.cpp.o\x1b[0m\n'}
[11.089128] (-) TimerEvent: {}
[11.089939] (sick_safetyscanners2_interfaces) StdoutLine: {'line': b'[ 82%] \x1b[32mBuilding CXX object CMakeFiles/sick_safetyscanners2_interfaces__rosidl_typesupport_fastrtps_c.dir/rosidl_typesupport_fastrtps_c/sick_safetyscanners2_interfaces/srv/detail/field_data__type_support_c.cpp.o\x1b[0m\n'}
[11.157745] (sick_safetyscanners2_interfaces) StdoutLine: {'line': b'[ 83%] \x1b[32mBuilding CXX object CMakeFiles/sick_safetyscanners2_interfaces__rosidl_typesupport_fastrtps_c.dir/rosidl_typesupport_fastrtps_c/sick_safetyscanners2_interfaces/srv/detail/status_overview__type_support_c.cpp.o\x1b[0m\n'}
[11.166965] (sick_safetyscanners2_interfaces) StdoutLine: {'line': b'[ 84%] \x1b[32m\x1b[1mLinking CXX shared library libsick_safetyscanners2_interfaces__rosidl_typesupport_introspection_cpp.so\x1b[0m\n'}
[11.193115] (-) TimerEvent: {}
[11.293621] (-) TimerEvent: {}
[11.346518] (sick_safetyscanners2_interfaces) StdoutLine: {'line': b'[ 84%] Built target sick_safetyscanners2_interfaces__rosidl_typesupport_introspection_cpp\n'}
[11.393730] (-) TimerEvent: {}
[11.484309] (sick_safetyscanners2_interfaces) StdoutLine: {'line': b'[ 84%] \x1b[32m\x1b[1mLinking CXX shared library libsick_safetyscanners2_interfaces__rosidl_typesupport_fastrtps_cpp.so\x1b[0m\n'}
[11.493836] (-) TimerEvent: {}
[11.550707] (sick_safetyscanners2_interfaces) StdoutLine: {'line': b'[ 84%] \x1b[32m\x1b[1mLinking CXX shared library libsick_safetyscanners2_interfaces__rosidl_typesupport_fastrtps_c.so\x1b[0m\n'}
[11.573095] (sick_safetyscanners2_interfaces) StdoutLine: {'line': b'[ 84%] Built target sick_safetyscanners2_interfaces__rosidl_typesupport_fastrtps_cpp\n'}
[11.594041] (-) TimerEvent: {}
[11.646966] (sick_safetyscanners2_interfaces) StdoutLine: {'line': b'[ 84%] Built target sick_safetyscanners2_interfaces__rosidl_typesupport_fastrtps_c\n'}
[11.665023] (sick_safetyscanners2_interfaces) StdoutLine: {'line': b'[ 84%] Built target sick_safetyscanners2_interfaces\n'}
[11.682141] (sick_safetyscanners2_interfaces) StdoutLine: {'line': b'[ 85%] \x1b[34m\x1b[1mGenerating Python code for ROS interfaces\x1b[0m\n'}
[11.694130] (-) TimerEvent: {}
[11.794383] (-) TimerEvent: {}
[11.900741] (-) TimerEvent: {}
[12.000994] (-) TimerEvent: {}
[12.101214] (-) TimerEvent: {}
[12.201469] (-) TimerEvent: {}
[12.301759] (-) TimerEvent: {}
[12.401995] (-) TimerEvent: {}
[12.502208] (-) TimerEvent: {}
[12.602428] (-) TimerEvent: {}
[12.702642] (-) TimerEvent: {}
[12.803701] (-) TimerEvent: {}
[12.903993] (-) TimerEvent: {}
[13.004506] (-) TimerEvent: {}
[13.104785] (-) TimerEvent: {}
[13.205938] (-) TimerEvent: {}
[13.306256] (-) TimerEvent: {}
[13.386153] (pallet_rack_detector_cpp) StdoutLine: {'line': b'[100%] \x1b[32m\x1b[1mLinking CXX executable pallet_rack_detector\x1b[0m\n'}
[13.406416] (-) TimerEvent: {}
[13.506685] (-) TimerEvent: {}
[13.608022] (-) TimerEvent: {}
[13.643630] (sick_safetyscanners2_interfaces) StdoutLine: {'line': b'[ 85%] Built target sick_safetyscanners2_interfaces__py\n'}
[13.664081] (sick_safetyscanners2_interfaces) StdoutLine: {'line': b'[ 85%] \x1b[32mBuilding C object CMakeFiles/sick_safetyscanners2_interfaces__rosidl_generator_py.dir/rosidl_generator_py/sick_safetyscanners2_interfaces/msg/_application_data_s.c.o\x1b[0m\n'}
[13.664524] (sick_safetyscanners2_interfaces) StdoutLine: {'line': b'[ 86%] \x1b[32mBuilding C object CMakeFiles/sick_safetyscanners2_interfaces__rosidl_generator_py.dir/rosidl_generator_py/sick_safetyscanners2_interfaces/msg/_derived_values_s.c.o\x1b[0m\n'}
[13.664719] (sick_safetyscanners2_interfaces) StdoutLine: {'line': b'[ 87%] \x1b[32mBuilding C object CMakeFiles/sick_safetyscanners2_interfaces__rosidl_generator_py.dir/rosidl_generator_py/sick_safetyscanners2_interfaces/msg/_application_inputs_s.c.o\x1b[0m\n'}
[13.664800] (sick_safetyscanners2_interfaces) StdoutLine: {'line': b'[ 88%] \x1b[32mBuilding C object CMakeFiles/sick_safetyscanners2_interfaces__rosidl_generator_py.dir/rosidl_generator_py/sick_safetyscanners2_interfaces/msg/_general_system_state_s.c.o\x1b[0m\n'}
[13.665251] (sick_safetyscanners2_interfaces) StdoutLine: {'line': b'[ 88%] \x1b[32mBuilding C object CMakeFiles/sick_safetyscanners2_interfaces__rosidl_generator_py.dir/rosidl_generator_py/sick_safetyscanners2_interfaces/msg/_data_header_s.c.o\x1b[0m\n'}
[13.665842] (sick_safetyscanners2_interfaces) StdoutLine: {'line': b'[ 89%] \x1b[32mBuilding C object CMakeFiles/sick_safetyscanners2_interfaces__rosidl_generator_py.dir/rosidl_generator_py/sick_safetyscanners2_interfaces/msg/_field_s.c.o\x1b[0m\n'}
[13.671867] (sick_safetyscanners2_interfaces) StdoutLine: {'line': b'[ 90%] \x1b[32mBuilding C object CMakeFiles/sick_safetyscanners2_interfaces__rosidl_generator_py.dir/rosidl_generator_py/sick_safetyscanners2_interfaces/msg/_extended_laser_scan_s.c.o\x1b[0m\n'}
[13.672076] (sick_safetyscanners2_interfaces) StdoutLine: {'line': b'[ 90%] \x1b[32mBuilding C object CMakeFiles/sick_safetyscanners2_interfaces__rosidl_generator_py.dir/rosidl_generator_py/sick_safetyscanners2_interfaces/msg/_application_outputs_s.c.o\x1b[0m\n'}
[13.708422] (-) TimerEvent: {}
[13.810158] (-) TimerEvent: {}
[13.817488] (sick_safetyscanners2_interfaces) StdoutLine: {'line': b'[ 90%] \x1b[32mBuilding C object CMakeFiles/sick_safetyscanners2_interfaces__rosidl_generator_py.dir/rosidl_generator_py/sick_safetyscanners2_interfaces/msg/_intrusion_data_s.c.o\x1b[0m\n'}
[13.827024] (sick_safetyscanners2_interfaces) StdoutLine: {'line': b'[ 91%] \x1b[32mBuilding C object CMakeFiles/sick_safetyscanners2_interfaces__rosidl_generator_py.dir/rosidl_generator_py/sick_safetyscanners2_interfaces/msg/_intrusion_datum_s.c.o\x1b[0m\n'}
[13.835025] (sick_safetyscanners2_interfaces) StdoutLine: {'line': b'[ 92%] \x1b[32mBuilding C object CMakeFiles/sick_safetyscanners2_interfaces__rosidl_generator_py.dir/rosidl_generator_py/sick_safetyscanners2_interfaces/msg/_measurement_data_s.c.o\x1b[0m\n'}
[13.863126] (sick_safetyscanners2_interfaces) StdoutLine: {'line': b'[ 92%] \x1b[32mBuilding C object CMakeFiles/sick_safetyscanners2_interfaces__rosidl_generator_py.dir/rosidl_generator_py/sick_safetyscanners2_interfaces/msg/_monitoring_case_s.c.o\x1b[0m\n'}
[13.869022] (sick_safetyscanners2_interfaces) StdoutLine: {'line': b'[ 92%] \x1b[32mBuilding C object CMakeFiles/sick_safetyscanners2_interfaces__rosidl_generator_py.dir/rosidl_generator_py/sick_safetyscanners2_interfaces/msg/_scan_point_s.c.o\x1b[0m\n'}
[13.877130] (sick_safetyscanners2_interfaces) StdoutLine: {'line': b'[ 93%] \x1b[32mBuilding C object CMakeFiles/sick_safetyscanners2_interfaces__rosidl_generator_py.dir/rosidl_generator_py/sick_safetyscanners2_interfaces/msg/_output_paths_s.c.o\x1b[0m\n'}
[13.877319] (sick_safetyscanners2_interfaces) StdoutLine: {'line': b'[ 94%] \x1b[32mBuilding C object CMakeFiles/sick_safetyscanners2_interfaces__rosidl_generator_py.dir/rosidl_generator_py/sick_safetyscanners2_interfaces/msg/_raw_micro_scan_data_s.c.o\x1b[0m\n'}
[13.877382] (sick_safetyscanners2_interfaces) StdoutLine: {'line': b'[ 95%] \x1b[32mBuilding C object CMakeFiles/sick_safetyscanners2_interfaces__rosidl_generator_py.dir/rosidl_generator_py/sick_safetyscanners2_interfaces/srv/_field_data_s.c.o\x1b[0m\n'}
[13.913022] (-) TimerEvent: {}
[13.976160] (sick_safetyscanners2_interfaces) StdoutLine: {'line': b'[ 95%] \x1b[32mBuilding C object CMakeFiles/sick_safetyscanners2_interfaces__rosidl_generator_py.dir/rosidl_generator_py/sick_safetyscanners2_interfaces/srv/_status_overview_s.c.o\x1b[0m\n'}
[14.013135] (-) TimerEvent: {}
[14.089399] (pallet_rack_detector_cpp) StdoutLine: {'line': b'[100%] Built target pallet_rack_detector\n'}
[14.092129] (sick_safetyscanners2_interfaces) StdoutLine: {'line': b'[ 96%] \x1b[32m\x1b[1mLinking C shared library rosidl_generator_py/sick_safetyscanners2_interfaces/libsick_safetyscanners2_interfaces__rosidl_generator_py.so\x1b[0m\n'}
[14.099838] (pallet_rack_detector_cpp) CommandEnded: {'returncode': 0}
[14.100405] (pallet_rack_detector_cpp) JobProgress: {'identifier': 'pallet_rack_detector_cpp', 'progress': 'install'}
[14.107508] (pallet_rack_detector_cpp) Command: {'cmd': ['/usr/bin/cmake', '--install', '/home/nrc/Manual_Control_F3/build/pallet_rack_detector_cpp'], 'cwd': '/home/nrc/Manual_Control_F3/build/pallet_rack_detector_cpp', 'env': OrderedDict([('GJS_DEBUG_TOPICS', 'JS ERROR;JS LOG'), ('PYTHON_BASIC_REPL', '1'), ('LESSOPEN', '| /usr/bin/lesspipe %s'), ('LANGUAGE', 'en_US:en'), ('USER', 'nrc'), ('LC_TIME', 'vi_VN'), ('XDG_SESSION_TYPE', 'x11'), ('GIT_ASKPASS', '/usr/share/code/resources/app/extensions/git/dist/askpass.sh'), ('SHLVL', '2'), ('LD_LIBRARY_PATH', '/opt/onnxruntime/lib:/opt/onnxruntime/lib:/opt/ros/humble/opt/rviz_ogre_vendor/lib:/opt/ros/humble/lib/x86_64-linux-gnu:/opt/ros/humble/lib:./build/interfaces:./build/interfaces'), ('HOME', '/home/nrc'), ('CHROME_DESKTOP', 'code.desktop'), ('TERM_PROGRAM_VERSION', '1.109.5'), ('DESKTOP_SESSION', 'ubuntu'), ('GIO_LAUNCHED_DESKTOP_FILE', '/usr/share/applications/code.desktop'), ('ROS_PYTHON_VERSION', '3'), ('GNOME_SHELL_SESSION_MODE', 'ubuntu'), ('GTK_MODULES', 'gail:atk-bridge'), ('GK_GL_PATH', '/tmp/gitkraken/gitlens/gitlens-ipc-server-9462-42441.json'), ('VSCODE_GIT_ASKPASS_MAIN', '/usr/share/code/resources/app/extensions/git/dist/askpass-main.js'), ('LC_MONETARY', 'vi_VN'), ('VSCODE_GIT_ASKPASS_NODE', '/usr/share/code/code'), ('MANAGERPID', '5181'), ('PYDEVD_DISABLE_FILE_VALIDATION', '1'), ('DBUS_STARTER_BUS_TYPE', 'session'), ('SYSTEMD_EXEC_PID', '5764'), ('BUNDLED_DEBUGPY_PATH', '/home/nrc/.vscode/extensions/ms-python.debugpy-2025.18.0-linux-x64/bundled/libs/debugpy'), ('VSCODE_PYTHON_AUTOACTIVATE_GUARD', '1'), ('DBUS_SESSION_BUS_ADDRESS', 'unix:path=/run/user/1000/bus,guid=4f74f271f20144af6969dbcc69c0a618'), ('COLORTERM', 'truecolor'), ('GIO_LAUNCHED_DESKTOP_FILE_PID', '9462'), ('ROS_DISTRO', 'humble'), ('GTK_IM_MODULE', 'ibus'), ('LOGNAME', 'nrc'), ('JOURNAL_STREAM', '8:25067'), ('_', '/usr/bin/colcon'), ('ROS_VERSION', '2'), ('XDG_SESSION_CLASS', 'user'), ('USERNAME', 'nrc'), ('TERM', 'xterm-256color'), ('GNOME_DESKTOP_SESSION_ID', 'this-is-deprecated'), ('FC_FONTATIONS', '1'), ('ROS_LOCALHOST_ONLY', '0'), ('WINDOWPATH', '2'), ('CODELLDB_LAUNCH_CONNECT_FILE', '/home/nrc/.config/Code/User/workspaceStorage/94e2e73c08445cc8a785f1c1de57d0fb/vadimcn.vscode-lldb/rpcaddress.txt'), ('PATH', '/home/nrc/.vscode/extensions/vadimcn.vscode-lldb-1.12.1/bin:/home/nrc/.config/Code/User/globalStorage/github.copilot-chat/debugCommand:/home/nrc/.config/Code/User/globalStorage/github.copilot-chat/copilotCli:/opt/ros/humble/bin:/home/nrc/.local/bin:/usr/local/sbin:/usr/local/bin:/usr/sbin:/usr/bin:/sbin:/bin:/usr/games:/usr/local/games:/snap/bin:/snap/bin:/home/nrc/.vscode/extensions/ms-python.debugpy-2025.18.0-linux-x64/bundled/scripts/noConfigScripts'), ('SESSION_MANAGER', 'local/nrc:@/tmp/.ICE-unix/5764,unix/nrc:/tmp/.ICE-unix/5764'), ('INVOCATION_ID', '945c8f5b5c164d2791a0ebdf97089c1f'), ('PAPERSIZE', 'a4'), ('XDG_MENU_PREFIX', 'gnome-'), ('LC_ADDRESS', 'vi_VN'), ('GNOME_TERMINAL_SCREEN', '/org/gnome/Terminal/screen/0600f616_f030_42e0_8e4f_3421a386255a'), ('XDG_RUNTIME_DIR', '/run/user/1000'), ('GDK_BACKEND', 'x11'), ('DISPLAY', ':1'), ('VSCODE_DEBUGPY_ADAPTER_ENDPOINTS', '/home/nrc/.vscode/extensions/ms-python.debugpy-2025.18.0-linux-x64/.noConfigDebugAdapterEndpoints/endpoint-fdd3cf9e82bdf614.txt'), ('LANG', 'en_US.UTF-8'), ('XDG_CURRENT_DESKTOP', 'ubuntu:GNOME'), ('PYTHONSTARTUP', '/home/nrc/.config/Code/User/workspaceStorage/94e2e73c08445cc8a785f1c1de57d0fb/ms-python.python/pythonrc.py'), ('LC_TELEPHONE', 'vi_VN'), ('XMODIFIERS', '@im=ibus'), ('XDG_SESSION_DESKTOP', 'ubuntu'), ('XAUTHORITY', '/run/user/1000/gdm/Xauthority'), ('LS_COLORS', 'rs=0:di=01;34:ln=01;36:mh=00:pi=40;33:so=01;35:do=01;35:bd=40;33;01:cd=40;33;01:or=40;31;01:mi=00:su=37;41:sg=30;43:ca=30;41:tw=30;42:ow=34;42:st=37;44:ex=01;32:*.tar=01;31:*.tgz=01;31:*.arc=01;31:*.arj=01;31:*.taz=01;31:*.lha=01;31:*.lz4=01;31:*.lzh=01;31:*.lzma=01;31:*.tlz=01;31:*.txz=01;31:*.tzo=01;31:*.t7z=01;31:*.zip=01;31:*.z=01;31:*.dz=01;31:*.gz=01;31:*.lrz=01;31:*.lz=01;31:*.lzo=01;31:*.xz=01;31:*.zst=01;31:*.tzst=01;31:*.bz2=01;31:*.bz=01;31:*.tbz=01;31:*.tbz2=01;31:*.tz=01;31:*.deb=01;31:*.rpm=01;31:*.jar=01;31:*.war=01;31:*.ear=01;31:*.sar=01;31:*.rar=01;31:*.alz=01;31:*.ace=01;31:*.zoo=01;31:*.cpio=01;31:*.7z=01;31:*.rz=01;31:*.cab=01;31:*.wim=01;31:*.swm=01;31:*.dwm=01;31:*.esd=01;31:*.jpg=01;35:*.jpeg=01;35:*.mjpg=01;35:*.mjpeg=01;35:*.gif=01;35:*.bmp=01;35:*.pbm=01;35:*.pgm=01;35:*.ppm=01;35:*.tga=01;35:*.xbm=01;35:*.xpm=01;35:*.tif=01;35:*.tiff=01;35:*.png=01;35:*.svg=01;35:*.svgz=01;35:*.mng=01;35:*.pcx=01;35:*.mov=01;35:*.mpg=01;35:*.mpeg=01;35:*.m2v=01;35:*.mkv=01;35:*.webm=01;35:*.webp=01;35:*.ogm=01;35:*.mp4=01;35:*.m4v=01;35:*.mp4v=01;35:*.vob=01;35:*.qt=01;35:*.nuv=01;35:*.wmv=01;35:*.asf=01;35:*.rm=01;35:*.rmvb=01;35:*.flc=01;35:*.avi=01;35:*.fli=01;35:*.flv=01;35:*.gl=01;35:*.dl=01;35:*.xcf=01;35:*.xwd=01;35:*.yuv=01;35:*.cgm=01;35:*.emf=01;35:*.ogv=01;35:*.ogx=01;35:*.aac=00;36:*.au=00;36:*.flac=00;36:*.m4a=00;36:*.mid=00;36:*.midi=00;36:*.mka=00;36:*.mp3=00;36:*.mpc=00;36:*.ogg=00;36:*.ra=00;36:*.wav=00;36:*.oga=00;36:*.opus=00;36:*.spx=00;36:*.xspf=00;36:'), ('VSCODE_GIT_IPC_HANDLE', '/run/user/1000/vscode-git-763ad22665.sock'), ('GNOME_TERMINAL_SERVICE', ':1.169'), ('TERM_PROGRAM', 'vscode'), ('SSH_AGENT_LAUNCHER', 'gnome-keyring'), ('SSH_AUTH_SOCK', '/run/user/1000/keyring/ssh'), ('ROS_DOMAIN_ID', '71'), ('AMENT_PREFIX_PATH', '/opt/ros/humble'), ('SHELL', '/bin/bash'), ('LC_NAME', 'vi_VN'), ('QT_ACCESSIBILITY', '1'), ('NO_AT_BRIDGE', '1'), ('GDMSESSION', 'ubuntu'), ('LESSCLOSE', '/usr/bin/lesspipe %s %s'), ('GK_GL_ADDR', 'http://127.0.0.1:42441'), ('LC_MEASUREMENT', 'vi_VN'), ('GPG_AGENT_INFO', '/run/user/1000/gnupg/S.gpg-agent:0:1'), ('GJS_DEBUG_OUTPUT', 'stderr'), ('LC_IDENTIFICATION', 'vi_VN'), ('VSCODE_GIT_ASKPASS_EXTRA_ARGS', ''), ('QT_IM_MODULE', 'ibus'), ('PWD', '/home/nrc/Manual_Control_F3/build/pallet_rack_detector_cpp'), ('LC_ALL', 'en_US.UTF-8'), ('XDG_CONFIG_DIRS', '/etc/xdg/xdg-ubuntu:/etc/xdg'), ('DBUS_STARTER_ADDRESS', 'unix:path=/run/user/1000/bus,guid=4f74f271f20144af6969dbcc69c0a618'), ('XDG_DATA_DIRS', '/usr/share/ubuntu:/usr/share/gnome:/usr/local/share/:/usr/share/:/var/lib/snapd/desktop'), ('PYTHONPATH', '/opt/ros/humble/lib/python3.10/site-packages:/opt/ros/humble/local/lib/python3.10/dist-packages'), ('LC_NUMERIC', 'vi_VN'), ('LC_PAPER', 'vi_VN'), ('SGX_AESM_ADDR', '1'), ('COLCON', '1'), ('VTE_VERSION', '6800'), ('CMAKE_PREFIX_PATH', '/opt/ros/humble')]), 'shell': False}
[14.113267] (-) TimerEvent: {}
[14.114181] (pallet_rack_detector_cpp) StdoutLine: {'line': b'-- Install configuration: ""\n'}
[14.114364] (pallet_rack_detector_cpp) StdoutLine: {'line': b'-- Installing: /home/nrc/Manual_Control_F3/install/pallet_rack_detector_cpp/lib/pallet_rack_detector_cpp/pallet_rack_detector\n'}
[14.116800] (pallet_rack_detector_cpp) StdoutLine: {'line': b'-- Set runtime path of "/home/nrc/Manual_Control_F3/install/pallet_rack_detector_cpp/lib/pallet_rack_detector_cpp/pallet_rack_detector" to ""\n'}
[14.117028] (pallet_rack_detector_cpp) StdoutLine: {'line': b'-- Installing: /home/nrc/Manual_Control_F3/install/pallet_rack_detector_cpp/share/pallet_rack_detector_cpp/launch\n'}
[14.117168] (pallet_rack_detector_cpp) StdoutLine: {'line': b'-- Installing: /home/nrc/Manual_Control_F3/install/pallet_rack_detector_cpp/share/pallet_rack_detector_cpp/launch/detect_with_rviz.launch.py\n'}
[14.117212] (pallet_rack_detector_cpp) StdoutLine: {'line': b'-- Installing: /home/nrc/Manual_Control_F3/install/pallet_rack_detector_cpp/share/pallet_rack_detector_cpp/rviz\n'}
[14.117266] (pallet_rack_detector_cpp) StdoutLine: {'line': b'-- Installing: /home/nrc/Manual_Control_F3/install/pallet_rack_detector_cpp/share/pallet_rack_detector_cpp/rviz/detect.rviz\n'}
[14.117361] (pallet_rack_detector_cpp) StdoutLine: {'line': b'-- Installing: /home/nrc/Manual_Control_F3/install/pallet_rack_detector_cpp/share/ament_index/resource_index/package_run_dependencies/pallet_rack_detector_cpp\n'}
[14.117470] (pallet_rack_detector_cpp) StdoutLine: {'line': b'-- Installing: /home/nrc/Manual_Control_F3/install/pallet_rack_detector_cpp/share/ament_index/resource_index/parent_prefix_path/pallet_rack_detector_cpp\n'}
[14.117679] (pallet_rack_detector_cpp) StdoutLine: {'line': b'-- Installing: /home/nrc/Manual_Control_F3/install/pallet_rack_detector_cpp/share/pallet_rack_detector_cpp/environment/ament_prefix_path.sh\n'}
[14.117777] (pallet_rack_detector_cpp) StdoutLine: {'line': b'-- Installing: /home/nrc/Manual_Control_F3/install/pallet_rack_detector_cpp/share/pallet_rack_detector_cpp/environment/ament_prefix_path.dsv\n'}
[14.117865] (pallet_rack_detector_cpp) StdoutLine: {'line': b'-- Installing: /home/nrc/Manual_Control_F3/install/pallet_rack_detector_cpp/share/pallet_rack_detector_cpp/environment/path.sh\n'}
[14.117926] (pallet_rack_detector_cpp) StdoutLine: {'line': b'-- Installing: /home/nrc/Manual_Control_F3/install/pallet_rack_detector_cpp/share/pallet_rack_detector_cpp/environment/path.dsv\n'}
[14.118077] (pallet_rack_detector_cpp) StdoutLine: {'line': b'-- Installing: /home/nrc/Manual_Control_F3/install/pallet_rack_detector_cpp/share/pallet_rack_detector_cpp/local_setup.bash\n'}
[14.119165] (pallet_rack_detector_cpp) StdoutLine: {'line': b'-- Installing: /home/nrc/Manual_Control_F3/install/pallet_rack_detector_cpp/share/pallet_rack_detector_cpp/local_setup.sh\n'}
[14.119331] (pallet_rack_detector_cpp) StdoutLine: {'line': b'-- Installing: /home/nrc/Manual_Control_F3/install/pallet_rack_detector_cpp/share/pallet_rack_detector_cpp/local_setup.zsh\n'}
[14.119398] (pallet_rack_detector_cpp) StdoutLine: {'line': b'-- Installing: /home/nrc/Manual_Control_F3/install/pallet_rack_detector_cpp/share/pallet_rack_detector_cpp/local_setup.dsv\n'}
[14.119446] (pallet_rack_detector_cpp) StdoutLine: {'line': b'-- Installing: /home/nrc/Manual_Control_F3/install/pallet_rack_detector_cpp/share/pallet_rack_detector_cpp/package.dsv\n'}
[14.119493] (pallet_rack_detector_cpp) StdoutLine: {'line': b'-- Installing: /home/nrc/Manual_Control_F3/install/pallet_rack_detector_cpp/share/ament_index/resource_index/packages/pallet_rack_detector_cpp\n'}
[14.119548] (pallet_rack_detector_cpp) StdoutLine: {'line': b'-- Installing: /home/nrc/Manual_Control_F3/install/pallet_rack_detector_cpp/share/pallet_rack_detector_cpp/cmake/pallet_rack_detector_cppConfig.cmake\n'}
[14.119598] (pallet_rack_detector_cpp) StdoutLine: {'line': b'-- Installing: /home/nrc/Manual_Control_F3/install/pallet_rack_detector_cpp/share/pallet_rack_detector_cpp/cmake/pallet_rack_detector_cppConfig-version.cmake\n'}
[14.119649] (pallet_rack_detector_cpp) StdoutLine: {'line': b'-- Installing: /home/nrc/Manual_Control_F3/install/pallet_rack_detector_cpp/share/pallet_rack_detector_cpp/package.xml\n'}
[14.120935] (pallet_rack_detector_cpp) CommandEnded: {'returncode': 0}
[14.133859] (sick_safetyscanners2_interfaces) StdoutLine: {'line': b'[ 96%] Built target sick_safetyscanners2_interfaces__rosidl_generator_py\n'}
[14.143541] (pallet_rack_detector_cpp) JobEnded: {'identifier': 'pallet_rack_detector_cpp', 'rc': 0}
[14.152817] (sick_safetyscanners2_interfaces) StdoutLine: {'line': b'[ 97%] \x1b[32mBuilding C object CMakeFiles/sick_safetyscanners2_interfaces__rosidl_typesupport_fastrtps_c__pyext.dir/rosidl_generator_py/sick_safetyscanners2_interfaces/_sick_safetyscanners2_interfaces_s.ep.rosidl_typesupport_fastrtps_c.c.o\x1b[0m\n'}
[14.153031] (sick_safetyscanners2_interfaces) StdoutLine: {'line': b'[ 98%] \x1b[32mBuilding C object CMakeFiles/sick_safetyscanners2_interfaces__rosidl_typesupport_introspection_c__pyext.dir/rosidl_generator_py/sick_safetyscanners2_interfaces/_sick_safetyscanners2_interfaces_s.ep.rosidl_typesupport_introspection_c.c.o\x1b[0m\n'}
[14.153105] (sick_safetyscanners2_interfaces) StdoutLine: {'line': b'[ 99%] \x1b[32mBuilding C object CMakeFiles/sick_safetyscanners2_interfaces__rosidl_typesupport_c__pyext.dir/rosidl_generator_py/sick_safetyscanners2_interfaces/_sick_safetyscanners2_interfaces_s.ep.rosidl_typesupport_c.c.o\x1b[0m\n'}
[14.213350] (-) TimerEvent: {}
[14.277885] (sick_safetyscanners2_interfaces) StdoutLine: {'line': b'[ 99%] \x1b[32m\x1b[1mLinking C shared library rosidl_generator_py/sick_safetyscanners2_interfaces/sick_safetyscanners2_interfaces_s__rosidl_typesupport_fastrtps_c.cpython-310-x86_64-linux-gnu.so\x1b[0m\n'}
[14.286197] (sick_safetyscanners2_interfaces) StdoutLine: {'line': b'[ 99%] \x1b[32m\x1b[1mLinking C shared library rosidl_generator_py/sick_safetyscanners2_interfaces/sick_safetyscanners2_interfaces_s__rosidl_typesupport_c.cpython-310-x86_64-linux-gnu.so\x1b[0m\n'}
[14.290158] (sick_safetyscanners2_interfaces) StdoutLine: {'line': b'[100%] \x1b[32m\x1b[1mLinking C shared library rosidl_generator_py/sick_safetyscanners2_interfaces/sick_safetyscanners2_interfaces_s__rosidl_typesupport_introspection_c.cpython-310-x86_64-linux-gnu.so\x1b[0m\n'}
[14.314028] (-) TimerEvent: {}
[14.337433] (sick_safetyscanners2_interfaces) StdoutLine: {'line': b'[100%] Built target sick_safetyscanners2_interfaces__rosidl_typesupport_fastrtps_c__pyext\n'}
[14.347175] (sick_safetyscanners2_interfaces) StdoutLine: {'line': b'[100%] Built target sick_safetyscanners2_interfaces__rosidl_typesupport_c__pyext\n'}
[14.358122] (sick_safetyscanners2_interfaces) StdoutLine: {'line': b'[100%] Built target sick_safetyscanners2_interfaces__rosidl_typesupport_introspection_c__pyext\n'}
[14.371585] (sick_safetyscanners2_interfaces) CommandEnded: {'returncode': 0}
[14.372428] (sick_safetyscanners2_interfaces) JobProgress: {'identifier': 'sick_safetyscanners2_interfaces', 'progress': 'install'}
[14.372669] (sick_safetyscanners2_interfaces) Command: {'cmd': ['/usr/bin/cmake', '--install', '/home/nrc/Manual_Control_F3/build/sick_safetyscanners2_interfaces'], 'cwd': '/home/nrc/Manual_Control_F3/build/sick_safetyscanners2_interfaces', 'env': OrderedDict([('GJS_DEBUG_TOPICS', 'JS ERROR;JS LOG'), ('PYTHON_BASIC_REPL', '1'), ('LESSOPEN', '| /usr/bin/lesspipe %s'), ('LANGUAGE', 'en_US:en'), ('USER', 'nrc'), ('LC_TIME', 'vi_VN'), ('XDG_SESSION_TYPE', 'x11'), ('GIT_ASKPASS', '/usr/share/code/resources/app/extensions/git/dist/askpass.sh'), ('SHLVL', '2'), ('LD_LIBRARY_PATH', '/opt/onnxruntime/lib:/opt/onnxruntime/lib:/opt/ros/humble/opt/rviz_ogre_vendor/lib:/opt/ros/humble/lib/x86_64-linux-gnu:/opt/ros/humble/lib:./build/interfaces:./build/interfaces'), ('HOME', '/home/nrc'), ('CHROME_DESKTOP', 'code.desktop'), ('TERM_PROGRAM_VERSION', '1.109.5'), ('DESKTOP_SESSION', 'ubuntu'), ('GIO_LAUNCHED_DESKTOP_FILE', '/usr/share/applications/code.desktop'), ('ROS_PYTHON_VERSION', '3'), ('GNOME_SHELL_SESSION_MODE', 'ubuntu'), ('GTK_MODULES', 'gail:atk-bridge'), ('GK_GL_PATH', '/tmp/gitkraken/gitlens/gitlens-ipc-server-9462-42441.json'), ('VSCODE_GIT_ASKPASS_MAIN', '/usr/share/code/resources/app/extensions/git/dist/askpass-main.js'), ('LC_MONETARY', 'vi_VN'), ('VSCODE_GIT_ASKPASS_NODE', '/usr/share/code/code'), ('MANAGERPID', '5181'), ('PYDEVD_DISABLE_FILE_VALIDATION', '1'), ('DBUS_STARTER_BUS_TYPE', 'session'), ('SYSTEMD_EXEC_PID', '5764'), ('BUNDLED_DEBUGPY_PATH', '/home/nrc/.vscode/extensions/ms-python.debugpy-2025.18.0-linux-x64/bundled/libs/debugpy'), ('VSCODE_PYTHON_AUTOACTIVATE_GUARD', '1'), ('DBUS_SESSION_BUS_ADDRESS', 'unix:path=/run/user/1000/bus,guid=4f74f271f20144af6969dbcc69c0a618'), ('COLORTERM', 'truecolor'), ('GIO_LAUNCHED_DESKTOP_FILE_PID', '9462'), ('ROS_DISTRO', 'humble'), ('GTK_IM_MODULE', 'ibus'), ('LOGNAME', 'nrc'), ('JOURNAL_STREAM', '8:25067'), ('_', '/usr/bin/colcon'), ('ROS_VERSION', '2'), ('XDG_SESSION_CLASS', 'user'), ('USERNAME', 'nrc'), ('TERM', 'xterm-256color'), ('GNOME_DESKTOP_SESSION_ID', 'this-is-deprecated'), ('FC_FONTATIONS', '1'), ('ROS_LOCALHOST_ONLY', '0'), ('WINDOWPATH', '2'), ('CODELLDB_LAUNCH_CONNECT_FILE', '/home/nrc/.config/Code/User/workspaceStorage/94e2e73c08445cc8a785f1c1de57d0fb/vadimcn.vscode-lldb/rpcaddress.txt'), ('PATH', '/home/nrc/.vscode/extensions/vadimcn.vscode-lldb-1.12.1/bin:/home/nrc/.config/Code/User/globalStorage/github.copilot-chat/debugCommand:/home/nrc/.config/Code/User/globalStorage/github.copilot-chat/copilotCli:/opt/ros/humble/bin:/home/nrc/.local/bin:/usr/local/sbin:/usr/local/bin:/usr/sbin:/usr/bin:/sbin:/bin:/usr/games:/usr/local/games:/snap/bin:/snap/bin:/home/nrc/.vscode/extensions/ms-python.debugpy-2025.18.0-linux-x64/bundled/scripts/noConfigScripts'), ('SESSION_MANAGER', 'local/nrc:@/tmp/.ICE-unix/5764,unix/nrc:/tmp/.ICE-unix/5764'), ('INVOCATION_ID', '945c8f5b5c164d2791a0ebdf97089c1f'), ('PAPERSIZE', 'a4'), ('XDG_MENU_PREFIX', 'gnome-'), ('LC_ADDRESS', 'vi_VN'), ('GNOME_TERMINAL_SCREEN', '/org/gnome/Terminal/screen/0600f616_f030_42e0_8e4f_3421a386255a'), ('XDG_RUNTIME_DIR', '/run/user/1000'), ('GDK_BACKEND', 'x11'), ('DISPLAY', ':1'), ('VSCODE_DEBUGPY_ADAPTER_ENDPOINTS', '/home/nrc/.vscode/extensions/ms-python.debugpy-2025.18.0-linux-x64/.noConfigDebugAdapterEndpoints/endpoint-fdd3cf9e82bdf614.txt'), ('LANG', 'en_US.UTF-8'), ('XDG_CURRENT_DESKTOP', 'ubuntu:GNOME'), ('PYTHONSTARTUP', '/home/nrc/.config/Code/User/workspaceStorage/94e2e73c08445cc8a785f1c1de57d0fb/ms-python.python/pythonrc.py'), ('LC_TELEPHONE', 'vi_VN'), ('XMODIFIERS', '@im=ibus'), ('XDG_SESSION_DESKTOP', 'ubuntu'), ('XAUTHORITY', '/run/user/1000/gdm/Xauthority'), ('LS_COLORS', 'rs=0:di=01;34:ln=01;36:mh=00:pi=40;33:so=01;35:do=01;35:bd=40;33;01:cd=40;33;01:or=40;31;01:mi=00:su=37;41:sg=30;43:ca=30;41:tw=30;42:ow=34;42:st=37;44:ex=01;32:*.tar=01;31:*.tgz=01;31:*.arc=01;31:*.arj=01;31:*.taz=01;31:*.lha=01;31:*.lz4=01;31:*.lzh=01;31:*.lzma=01;31:*.tlz=01;31:*.txz=01;31:*.tzo=01;31:*.t7z=01;31:*.zip=01;31:*.z=01;31:*.dz=01;31:*.gz=01;31:*.lrz=01;31:*.lz=01;31:*.lzo=01;31:*.xz=01;31:*.zst=01;31:*.tzst=01;31:*.bz2=01;31:*.bz=01;31:*.tbz=01;31:*.tbz2=01;31:*.tz=01;31:*.deb=01;31:*.rpm=01;31:*.jar=01;31:*.war=01;31:*.ear=01;31:*.sar=01;31:*.rar=01;31:*.alz=01;31:*.ace=01;31:*.zoo=01;31:*.cpio=01;31:*.7z=01;31:*.rz=01;31:*.cab=01;31:*.wim=01;31:*.swm=01;31:*.dwm=01;31:*.esd=01;31:*.jpg=01;35:*.jpeg=01;35:*.mjpg=01;35:*.mjpeg=01;35:*.gif=01;35:*.bmp=01;35:*.pbm=01;35:*.pgm=01;35:*.ppm=01;35:*.tga=01;35:*.xbm=01;35:*.xpm=01;35:*.tif=01;35:*.tiff=01;35:*.png=01;35:*.svg=01;35:*.svgz=01;35:*.mng=01;35:*.pcx=01;35:*.mov=01;35:*.mpg=01;35:*.mpeg=01;35:*.m2v=01;35:*.mkv=01;35:*.webm=01;35:*.webp=01;35:*.ogm=01;35:*.mp4=01;35:*.m4v=01;35:*.mp4v=01;35:*.vob=01;35:*.qt=01;35:*.nuv=01;35:*.wmv=01;35:*.asf=01;35:*.rm=01;35:*.rmvb=01;35:*.flc=01;35:*.avi=01;35:*.fli=01;35:*.flv=01;35:*.gl=01;35:*.dl=01;35:*.xcf=01;35:*.xwd=01;35:*.yuv=01;35:*.cgm=01;35:*.emf=01;35:*.ogv=01;35:*.ogx=01;35:*.aac=00;36:*.au=00;36:*.flac=00;36:*.m4a=00;36:*.mid=00;36:*.midi=00;36:*.mka=00;36:*.mp3=00;36:*.mpc=00;36:*.ogg=00;36:*.ra=00;36:*.wav=00;36:*.oga=00;36:*.opus=00;36:*.spx=00;36:*.xspf=00;36:'), ('VSCODE_GIT_IPC_HANDLE', '/run/user/1000/vscode-git-763ad22665.sock'), ('GNOME_TERMINAL_SERVICE', ':1.169'), ('TERM_PROGRAM', 'vscode'), ('SSH_AGENT_LAUNCHER', 'gnome-keyring'), ('SSH_AUTH_SOCK', '/run/user/1000/keyring/ssh'), ('ROS_DOMAIN_ID', '71'), ('AMENT_PREFIX_PATH', '/opt/ros/humble'), ('SHELL', '/bin/bash'), ('LC_NAME', 'vi_VN'), ('QT_ACCESSIBILITY', '1'), ('NO_AT_BRIDGE', '1'), ('GDMSESSION', 'ubuntu'), ('LESSCLOSE', '/usr/bin/lesspipe %s %s'), ('GK_GL_ADDR', 'http://127.0.0.1:42441'), ('LC_MEASUREMENT', 'vi_VN'), ('GPG_AGENT_INFO', '/run/user/1000/gnupg/S.gpg-agent:0:1'), ('GJS_DEBUG_OUTPUT', 'stderr'), ('LC_IDENTIFICATION', 'vi_VN'), ('VSCODE_GIT_ASKPASS_EXTRA_ARGS', ''), ('QT_IM_MODULE', 'ibus'), ('PWD', '/home/nrc/Manual_Control_F3/build/sick_safetyscanners2_interfaces'), ('LC_ALL', 'en_US.UTF-8'), ('XDG_CONFIG_DIRS', '/etc/xdg/xdg-ubuntu:/etc/xdg'), ('DBUS_STARTER_ADDRESS', 'unix:path=/run/user/1000/bus,guid=4f74f271f20144af6969dbcc69c0a618'), ('XDG_DATA_DIRS', '/usr/share/ubuntu:/usr/share/gnome:/usr/local/share/:/usr/share/:/var/lib/snapd/desktop'), ('PYTHONPATH', '/opt/ros/humble/lib/python3.10/site-packages:/opt/ros/humble/local/lib/python3.10/dist-packages'), ('LC_NUMERIC', 'vi_VN'), ('LC_PAPER', 'vi_VN'), ('SGX_AESM_ADDR', '1'), ('COLCON', '1'), ('VTE_VERSION', '6800'), ('CMAKE_PREFIX_PATH', '/opt/ros/humble')]), 'shell': False}
[14.379453] (sick_safetyscanners2_interfaces) StdoutLine: {'line': b'-- Install configuration: ""\n'}
[14.379605] (sick_safetyscanners2_interfaces) StdoutLine: {'line': b'-- Installing: /home/nrc/Manual_Control_F3/install/sick_safetyscanners2_interfaces/share/ament_index/resource_index/rosidl_interfaces/sick_safetyscanners2_interfaces\n'}
[14.379688] (sick_safetyscanners2_interfaces) StdoutLine: {'line': b'-- Installing: /home/nrc/Manual_Control_F3/install/sick_safetyscanners2_interfaces/include/sick_safetyscanners2_interfaces/sick_safetyscanners2_interfaces\n'}
[14.379745] (sick_safetyscanners2_interfaces) StdoutLine: {'line': b'-- Installing: /home/nrc/Manual_Control_F3/install/sick_safetyscanners2_interfaces/include/sick_safetyscanners2_interfaces/sick_safetyscanners2_interfaces/msg\n'}
[14.379813] (sick_safetyscanners2_interfaces) StdoutLine: {'line': b'-- Installing: /home/nrc/Manual_Control_F3/install/sick_safetyscanners2_interfaces/include/sick_safetyscanners2_interfaces/sick_safetyscanners2_interfaces/msg/application_outputs.h\n'}
[14.379867] (sick_safetyscanners2_interfaces) StdoutLine: {'line': b'-- Installing: /home/nrc/Manual_Control_F3/install/sick_safetyscanners2_interfaces/include/sick_safetyscanners2_interfaces/sick_safetyscanners2_interfaces/msg/rosidl_generator_c__visibility_control.h\n'}
[14.379918] (sick_safetyscanners2_interfaces) StdoutLine: {'line': b'-- Installing: /home/nrc/Manual_Control_F3/install/sick_safetyscanners2_interfaces/include/sick_safetyscanners2_interfaces/sick_safetyscanners2_interfaces/msg/raw_micro_scan_data.h\n'}
[14.379988] (sick_safetyscanners2_interfaces) StdoutLine: {'line': b'-- Installing: /home/nrc/Manual_Control_F3/install/sick_safetyscanners2_interfaces/include/sick_safetyscanners2_interfaces/sick_safetyscanners2_interfaces/msg/general_system_state.h\n'}
[14.380046] (sick_safetyscanners2_interfaces) StdoutLine: {'line': b'-- Installing: /home/nrc/Manual_Control_F3/install/sick_safetyscanners2_interfaces/include/sick_safetyscanners2_interfaces/sick_safetyscanners2_interfaces/msg/extended_laser_scan.h\n'}
[14.380086] (sick_safetyscanners2_interfaces) StdoutLine: {'line': b'-- Installing: /home/nrc/Manual_Control_F3/install/sick_safetyscanners2_interfaces/include/sick_safetyscanners2_interfaces/sick_safetyscanners2_interfaces/msg/measurement_data.h\n'}
[14.380140] (sick_safetyscanners2_interfaces) StdoutLine: {'line': b'-- Installing: /home/nrc/Manual_Control_F3/install/sick_safetyscanners2_interfaces/include/sick_safetyscanners2_interfaces/sick_safetyscanners2_interfaces/msg/intrusion_datum.h\n'}
[14.380186] (sick_safetyscanners2_interfaces) StdoutLine: {'line': b'-- Installing: /home/nrc/Manual_Control_F3/install/sick_safetyscanners2_interfaces/include/sick_safetyscanners2_interfaces/sick_safetyscanners2_interfaces/msg/field.h\n'}
[14.380223] (sick_safetyscanners2_interfaces) StdoutLine: {'line': b'-- Installing: /home/nrc/Manual_Control_F3/install/sick_safetyscanners2_interfaces/include/sick_safetyscanners2_interfaces/sick_safetyscanners2_interfaces/msg/derived_values.h\n'}
[14.380278] (sick_safetyscanners2_interfaces) StdoutLine: {'line': b'-- Installing: /home/nrc/Manual_Control_F3/install/sick_safetyscanners2_interfaces/include/sick_safetyscanners2_interfaces/sick_safetyscanners2_interfaces/msg/application_data.h\n'}
[14.380332] (sick_safetyscanners2_interfaces) StdoutLine: {'line': b'-- Installing: /home/nrc/Manual_Control_F3/install/sick_safetyscanners2_interfaces/include/sick_safetyscanners2_interfaces/sick_safetyscanners2_interfaces/msg/intrusion_data.h\n'}
[14.380377] (sick_safetyscanners2_interfaces) StdoutLine: {'line': b'-- Installing: /home/nrc/Manual_Control_F3/install/sick_safetyscanners2_interfaces/include/sick_safetyscanners2_interfaces/sick_safetyscanners2_interfaces/msg/monitoring_case.h\n'}
[14.380440] (sick_safetyscanners2_interfaces) StdoutLine: {'line': b'-- Installing: /home/nrc/Manual_Control_F3/install/sick_safetyscanners2_interfaces/include/sick_safetyscanners2_interfaces/sick_safetyscanners2_interfaces/msg/data_header.h\n'}
[14.380480] (sick_safetyscanners2_interfaces) StdoutLine: {'line': b'-- Installing: /home/nrc/Manual_Control_F3/install/sick_safetyscanners2_interfaces/include/sick_safetyscanners2_interfaces/sick_safetyscanners2_interfaces/msg/output_paths.h\n'}
[14.380538] (sick_safetyscanners2_interfaces) StdoutLine: {'line': b'-- Installing: /home/nrc/Manual_Control_F3/install/sick_safetyscanners2_interfaces/include/sick_safetyscanners2_interfaces/sick_safetyscanners2_interfaces/msg/detail\n'}
[14.380598] (sick_safetyscanners2_interfaces) StdoutLine: {'line': b'-- Installing: /home/nrc/Manual_Control_F3/install/sick_safetyscanners2_interfaces/include/sick_safetyscanners2_interfaces/sick_safetyscanners2_interfaces/msg/detail/general_system_state__functions.h\n'}
[14.380658] (sick_safetyscanners2_interfaces) StdoutLine: {'line': b'-- Installing: /home/nrc/Manual_Control_F3/install/sick_safetyscanners2_interfaces/include/sick_safetyscanners2_interfaces/sick_safetyscanners2_interfaces/msg/detail/monitoring_case__functions.h\n'}
[14.380707] (sick_safetyscanners2_interfaces) StdoutLine: {'line': b'-- Installing: /home/nrc/Manual_Control_F3/install/sick_safetyscanners2_interfaces/include/sick_safetyscanners2_interfaces/sick_safetyscanners2_interfaces/msg/detail/derived_values__type_support.h\n'}
[14.380770] (sick_safetyscanners2_interfaces) StdoutLine: {'line': b'-- Installing: /home/nrc/Manual_Control_F3/install/sick_safetyscanners2_interfaces/include/sick_safetyscanners2_interfaces/sick_safetyscanners2_interfaces/msg/detail/monitoring_case__struct.h\n'}
[14.380823] (sick_safetyscanners2_interfaces) StdoutLine: {'line': b'-- Installing: /home/nrc/Manual_Control_F3/install/sick_safetyscanners2_interfaces/include/sick_safetyscanners2_interfaces/sick_safetyscanners2_interfaces/msg/detail/monitoring_case__functions.c\n'}
[14.380876] (sick_safetyscanners2_interfaces) StdoutLine: {'line': b'-- Installing: /home/nrc/Manual_Control_F3/install/sick_safetyscanners2_interfaces/include/sick_safetyscanners2_interfaces/sick_safetyscanners2_interfaces/msg/detail/raw_micro_scan_data__functions.h\n'}
[14.380930] (sick_safetyscanners2_interfaces) StdoutLine: {'line': b'-- Installing: /home/nrc/Manual_Control_F3/install/sick_safetyscanners2_interfaces/include/sick_safetyscanners2_interfaces/sick_safetyscanners2_interfaces/msg/detail/output_paths__functions.c\n'}
[14.380996] (sick_safetyscanners2_interfaces) StdoutLine: {'line': b'-- Installing: /home/nrc/Manual_Control_F3/install/sick_safetyscanners2_interfaces/include/sick_safetyscanners2_interfaces/sick_safetyscanners2_interfaces/msg/detail/measurement_data__struct.h\n'}
[14.381046] (sick_safetyscanners2_interfaces) StdoutLine: {'line': b'-- Installing: /home/nrc/Manual_Control_F3/install/sick_safetyscanners2_interfaces/include/sick_safetyscanners2_interfaces/sick_safetyscanners2_interfaces/msg/detail/application_outputs__type_support.h\n'}
[14.381098] (sick_safetyscanners2_interfaces) StdoutLine: {'line': b'-- Installing: /home/nrc/Manual_Control_F3/install/sick_safetyscanners2_interfaces/include/sick_safetyscanners2_interfaces/sick_safetyscanners2_interfaces/msg/detail/data_header__functions.c\n'}
[14.381145] (sick_safetyscanners2_interfaces) StdoutLine: {'line': b'-- Installing: /home/nrc/Manual_Control_F3/install/sick_safetyscanners2_interfaces/include/sick_safetyscanners2_interfaces/sick_safetyscanners2_interfaces/msg/detail/raw_micro_scan_data__type_support.h\n'}
[14.381202] (sick_safetyscanners2_interfaces) StdoutLine: {'line': b'-- Installing: /home/nrc/Manual_Control_F3/install/sick_safetyscanners2_interfaces/include/sick_safetyscanners2_interfaces/sick_safetyscanners2_interfaces/msg/detail/general_system_state__struct.h\n'}
[14.381261] (sick_safetyscanners2_interfaces) StdoutLine: {'line': b'-- Installing: /home/nrc/Manual_Control_F3/install/sick_safetyscanners2_interfaces/include/sick_safetyscanners2_interfaces/sick_safetyscanners2_interfaces/msg/detail/application_data__functions.h\n'}
[14.381320] (sick_safetyscanners2_interfaces) StdoutLine: {'line': b'-- Installing: /home/nrc/Manual_Control_F3/install/sick_safetyscanners2_interfaces/include/sick_safetyscanners2_interfaces/sick_safetyscanners2_interfaces/msg/detail/general_system_state__type_support.h\n'}
[14.381370] (sick_safetyscanners2_interfaces) StdoutLine: {'line': b'-- Installing: /home/nrc/Manual_Control_F3/install/sick_safetyscanners2_interfaces/include/sick_safetyscanners2_interfaces/sick_safetyscanners2_interfaces/msg/detail/application_data__struct.h\n'}
[14.381419] (sick_safetyscanners2_interfaces) StdoutLine: {'line': b'-- Installing: /home/nrc/Manual_Control_F3/install/sick_safetyscanners2_interfaces/include/sick_safetyscanners2_interfaces/sick_safetyscanners2_interfaces/msg/detail/monitoring_case__type_support.h\n'}
[14.381473] (sick_safetyscanners2_interfaces) StdoutLine: {'line': b'-- Installing: /home/nrc/Manual_Control_F3/install/sick_safetyscanners2_interfaces/include/sick_safetyscanners2_interfaces/sick_safetyscanners2_interfaces/msg/detail/application_inputs__struct.h\n'}
[14.381536] (sick_safetyscanners2_interfaces) StdoutLine: {'line': b'-- Installing: /home/nrc/Manual_Control_F3/install/sick_safetyscanners2_interfaces/include/sick_safetyscanners2_interfaces/sick_safetyscanners2_interfaces/msg/detail/intrusion_data__functions.h\n'}
[14.381593] (sick_safetyscanners2_interfaces) StdoutLine: {'line': b'-- Installing: /home/nrc/Manual_Control_F3/install/sick_safetyscanners2_interfaces/include/sick_safetyscanners2_interfaces/sick_safetyscanners2_interfaces/msg/detail/output_paths__functions.h\n'}
[14.381638] (sick_safetyscanners2_interfaces) StdoutLine: {'line': b'-- Installing: /home/nrc/Manual_Control_F3/install/sick_safetyscanners2_interfaces/include/sick_safetyscanners2_interfaces/sick_safetyscanners2_interfaces/msg/detail/intrusion_datum__functions.c\n'}
[14.381687] (sick_safetyscanners2_interfaces) StdoutLine: {'line': b'-- Installing: /home/nrc/Manual_Control_F3/install/sick_safetyscanners2_interfaces/include/sick_safetyscanners2_interfaces/sick_safetyscanners2_interfaces/msg/detail/raw_micro_scan_data__functions.c\n'}
[14.381761] (sick_safetyscanners2_interfaces) StdoutLine: {'line': b'-- Installing: /home/nrc/Manual_Control_F3/install/sick_safetyscanners2_interfaces/include/sick_safetyscanners2_interfaces/sick_safetyscanners2_interfaces/msg/detail/intrusion_data__type_support.h\n'}
[14.381839] (sick_safetyscanners2_interfaces) StdoutLine: {'line': b'-- Installing: /home/nrc/Manual_Control_F3/install/sick_safetyscanners2_interfaces/include/sick_safetyscanners2_interfaces/sick_safetyscanners2_interfaces/msg/detail/intrusion_datum__type_support.h\n'}
[14.381876] (sick_safetyscanners2_interfaces) StdoutLine: {'line': b'-- Installing: /home/nrc/Manual_Control_F3/install/sick_safetyscanners2_interfaces/include/sick_safetyscanners2_interfaces/sick_safetyscanners2_interfaces/msg/detail/application_data__type_support.h\n'}
[14.381924] (sick_safetyscanners2_interfaces) StdoutLine: {'line': b'-- Installing: /home/nrc/Manual_Control_F3/install/sick_safetyscanners2_interfaces/include/sick_safetyscanners2_interfaces/sick_safetyscanners2_interfaces/msg/detail/intrusion_data__functions.c\n'}
[14.381977] (sick_safetyscanners2_interfaces) StdoutLine: {'line': b'-- Installing: /home/nrc/Manual_Control_F3/install/sick_safetyscanners2_interfaces/include/sick_safetyscanners2_interfaces/sick_safetyscanners2_interfaces/msg/detail/application_inputs__functions.h\n'}
[14.382021] (sick_safetyscanners2_interfaces) StdoutLine: {'line': b'-- Installing: /home/nrc/Manual_Control_F3/install/sick_safetyscanners2_interfaces/include/sick_safetyscanners2_interfaces/sick_safetyscanners2_interfaces/msg/detail/intrusion_data__struct.h\n'}
[14.382069] (sick_safetyscanners2_interfaces) StdoutLine: {'line': b'-- Installing: /home/nrc/Manual_Control_F3/install/sick_safetyscanners2_interfaces/include/sick_safetyscanners2_interfaces/sick_safetyscanners2_interfaces/msg/detail/application_data__functions.c\n'}
[14.382117] (sick_safetyscanners2_interfaces) StdoutLine: {'line': b'-- Installing: /home/nrc/Manual_Control_F3/install/sick_safetyscanners2_interfaces/include/sick_safetyscanners2_interfaces/sick_safetyscanners2_interfaces/msg/detail/extended_laser_scan__functions.h\n'}
[14.382165] (sick_safetyscanners2_interfaces) StdoutLine: {'line': b'-- Installing: /home/nrc/Manual_Control_F3/install/sick_safetyscanners2_interfaces/include/sick_safetyscanners2_interfaces/sick_safetyscanners2_interfaces/msg/detail/measurement_data__functions.h\n'}
[14.382223] (sick_safetyscanners2_interfaces) StdoutLine: {'line': b'-- Installing: /home/nrc/Manual_Control_F3/install/sick_safetyscanners2_interfaces/include/sick_safetyscanners2_interfaces/sick_safetyscanners2_interfaces/msg/detail/data_header__functions.h\n'}
[14.382282] (sick_safetyscanners2_interfaces) StdoutLine: {'line': b'-- Installing: /home/nrc/Manual_Control_F3/install/sick_safetyscanners2_interfaces/include/sick_safetyscanners2_interfaces/sick_safetyscanners2_interfaces/msg/detail/field__functions.c\n'}
[14.382343] (sick_safetyscanners2_interfaces) StdoutLine: {'line': b'-- Installing: /home/nrc/Manual_Control_F3/install/sick_safetyscanners2_interfaces/include/sick_safetyscanners2_interfaces/sick_safetyscanners2_interfaces/msg/detail/extended_laser_scan__functions.c\n'}
[14.382407] (sick_safetyscanners2_interfaces) StdoutLine: {'line': b'-- Installing: /home/nrc/Manual_Control_F3/install/sick_safetyscanners2_interfaces/include/sick_safetyscanners2_interfaces/sick_safetyscanners2_interfaces/msg/detail/data_header__type_support.h\n'}
[14.382475] (sick_safetyscanners2_interfaces) StdoutLine: {'line': b'-- Installing: /home/nrc/Manual_Control_F3/install/sick_safetyscanners2_interfaces/include/sick_safetyscanners2_interfaces/sick_safetyscanners2_interfaces/msg/detail/scan_point__functions.c\n'}
[14.382535] (sick_safetyscanners2_interfaces) StdoutLine: {'line': b'-- Installing: /home/nrc/Manual_Control_F3/install/sick_safetyscanners2_interfaces/include/sick_safetyscanners2_interfaces/sick_safetyscanners2_interfaces/msg/detail/scan_point__struct.h\n'}
[14.382590] (sick_safetyscanners2_interfaces) StdoutLine: {'line': b'-- Installing: /home/nrc/Manual_Control_F3/install/sick_safetyscanners2_interfaces/include/sick_safetyscanners2_interfaces/sick_safetyscanners2_interfaces/msg/detail/application_outputs__functions.c\n'}
[14.382647] (sick_safetyscanners2_interfaces) StdoutLine: {'line': b'-- Installing: /home/nrc/Manual_Control_F3/install/sick_safetyscanners2_interfaces/include/sick_safetyscanners2_interfaces/sick_safetyscanners2_interfaces/msg/detail/derived_values__functions.h\n'}
[14.382715] (sick_safetyscanners2_interfaces) StdoutLine: {'line': b'-- Installing: /home/nrc/Manual_Control_F3/install/sick_safetyscanners2_interfaces/include/sick_safetyscanners2_interfaces/sick_safetyscanners2_interfaces/msg/detail/extended_laser_scan__type_support.h\n'}
[14.382792] (sick_safetyscanners2_interfaces) StdoutLine: {'line': b'-- Installing: /home/nrc/Manual_Control_F3/install/sick_safetyscanners2_interfaces/include/sick_safetyscanners2_interfaces/sick_safetyscanners2_interfaces/msg/detail/derived_values__struct.h\n'}
[14.382849] (sick_safetyscanners2_interfaces) StdoutLine: {'line': b'-- Installing: /home/nrc/Manual_Control_F3/install/sick_safetyscanners2_interfaces/include/sick_safetyscanners2_interfaces/sick_safetyscanners2_interfaces/msg/detail/application_outputs__functions.h\n'}
[14.382911] (sick_safetyscanners2_interfaces) StdoutLine: {'line': b'-- Installing: /home/nrc/Manual_Control_F3/install/sick_safetyscanners2_interfaces/include/sick_safetyscanners2_interfaces/sick_safetyscanners2_interfaces/msg/detail/extended_laser_scan__struct.h\n'}
[14.382955] (sick_safetyscanners2_interfaces) StdoutLine: {'line': b'-- Installing: /home/nrc/Manual_Control_F3/install/sick_safetyscanners2_interfaces/include/sick_safetyscanners2_interfaces/sick_safetyscanners2_interfaces/msg/detail/measurement_data__type_support.h\n'}
[14.383019] (sick_safetyscanners2_interfaces) StdoutLine: {'line': b'-- Installing: /home/nrc/Manual_Control_F3/install/sick_safetyscanners2_interfaces/include/sick_safetyscanners2_interfaces/sick_safetyscanners2_interfaces/msg/detail/output_paths__struct.h\n'}
[14.383056] (sick_safetyscanners2_interfaces) StdoutLine: {'line': b'-- Installing: /home/nrc/Manual_Control_F3/install/sick_safetyscanners2_interfaces/include/sick_safetyscanners2_interfaces/sick_safetyscanners2_interfaces/msg/detail/output_paths__type_support.h\n'}
[14.383110] (sick_safetyscanners2_interfaces) StdoutLine: {'line': b'-- Installing: /home/nrc/Manual_Control_F3/install/sick_safetyscanners2_interfaces/include/sick_safetyscanners2_interfaces/sick_safetyscanners2_interfaces/msg/detail/application_inputs__type_support.h\n'}
[14.383169] (sick_safetyscanners2_interfaces) StdoutLine: {'line': b'-- Installing: /home/nrc/Manual_Control_F3/install/sick_safetyscanners2_interfaces/include/sick_safetyscanners2_interfaces/sick_safetyscanners2_interfaces/msg/detail/scan_point__type_support.h\n'}
[14.383206] (sick_safetyscanners2_interfaces) StdoutLine: {'line': b'-- Installing: /home/nrc/Manual_Control_F3/install/sick_safetyscanners2_interfaces/include/sick_safetyscanners2_interfaces/sick_safetyscanners2_interfaces/msg/detail/application_outputs__struct.h\n'}
[14.383261] (sick_safetyscanners2_interfaces) StdoutLine: {'line': b'-- Installing: /home/nrc/Manual_Control_F3/install/sick_safetyscanners2_interfaces/include/sick_safetyscanners2_interfaces/sick_safetyscanners2_interfaces/msg/detail/intrusion_datum__functions.h\n'}
[14.383338] (sick_safetyscanners2_interfaces) StdoutLine: {'line': b'-- Installing: /home/nrc/Manual_Control_F3/install/sick_safetyscanners2_interfaces/include/sick_safetyscanners2_interfaces/sick_safetyscanners2_interfaces/msg/detail/field__struct.h\n'}
[14.383432] (sick_safetyscanners2_interfaces) StdoutLine: {'line': b'-- Installing: /home/nrc/Manual_Control_F3/install/sick_safetyscanners2_interfaces/include/sick_safetyscanners2_interfaces/sick_safetyscanners2_interfaces/msg/detail/scan_point__functions.h\n'}
[14.383499] (sick_safetyscanners2_interfaces) StdoutLine: {'line': b'-- Installing: /home/nrc/Manual_Control_F3/install/sick_safetyscanners2_interfaces/include/sick_safetyscanners2_interfaces/sick_safetyscanners2_interfaces/msg/detail/intrusion_datum__struct.h\n'}
[14.383596] (sick_safetyscanners2_interfaces) StdoutLine: {'line': b'-- Installing: /home/nrc/Manual_Control_F3/install/sick_safetyscanners2_interfaces/include/sick_safetyscanners2_interfaces/sick_safetyscanners2_interfaces/msg/detail/derived_values__functions.c\n'}
[14.383675] (sick_safetyscanners2_interfaces) StdoutLine: {'line': b'-- Installing: /home/nrc/Manual_Control_F3/install/sick_safetyscanners2_interfaces/include/sick_safetyscanners2_interfaces/sick_safetyscanners2_interfaces/msg/detail/general_system_state__functions.c\n'}
[14.383719] (sick_safetyscanners2_interfaces) StdoutLine: {'line': b'-- Installing: /home/nrc/Manual_Control_F3/install/sick_safetyscanners2_interfaces/include/sick_safetyscanners2_interfaces/sick_safetyscanners2_interfaces/msg/detail/field__functions.h\n'}
[14.383755] (sick_safetyscanners2_interfaces) StdoutLine: {'line': b'-- Installing: /home/nrc/Manual_Control_F3/install/sick_safetyscanners2_interfaces/include/sick_safetyscanners2_interfaces/sick_safetyscanners2_interfaces/msg/detail/application_inputs__functions.c\n'}
[14.383792] (sick_safetyscanners2_interfaces) StdoutLine: {'line': b'-- Installing: /home/nrc/Manual_Control_F3/install/sick_safetyscanners2_interfaces/include/sick_safetyscanners2_interfaces/sick_safetyscanners2_interfaces/msg/detail/raw_micro_scan_data__struct.h\n'}
[14.383854] (sick_safetyscanners2_interfaces) StdoutLine: {'line': b'-- Installing: /home/nrc/Manual_Control_F3/install/sick_safetyscanners2_interfaces/include/sick_safetyscanners2_interfaces/sick_safetyscanners2_interfaces/msg/detail/measurement_data__functions.c\n'}
[14.383890] (sick_safetyscanners2_interfaces) StdoutLine: {'line': b'-- Installing: /home/nrc/Manual_Control_F3/install/sick_safetyscanners2_interfaces/include/sick_safetyscanners2_interfaces/sick_safetyscanners2_interfaces/msg/detail/field__type_support.h\n'}
[14.383954] (sick_safetyscanners2_interfaces) StdoutLine: {'line': b'-- Installing: /home/nrc/Manual_Control_F3/install/sick_safetyscanners2_interfaces/include/sick_safetyscanners2_interfaces/sick_safetyscanners2_interfaces/msg/detail/data_header__struct.h\n'}
[14.384021] (sick_safetyscanners2_interfaces) StdoutLine: {'line': b'-- Installing: /home/nrc/Manual_Control_F3/install/sick_safetyscanners2_interfaces/include/sick_safetyscanners2_interfaces/sick_safetyscanners2_interfaces/msg/scan_point.h\n'}
[14.384058] (sick_safetyscanners2_interfaces) StdoutLine: {'line': b'-- Installing: /home/nrc/Manual_Control_F3/install/sick_safetyscanners2_interfaces/include/sick_safetyscanners2_interfaces/sick_safetyscanners2_interfaces/msg/application_inputs.h\n'}
[14.384117] (sick_safetyscanners2_interfaces) StdoutLine: {'line': b'-- Installing: /home/nrc/Manual_Control_F3/install/sick_safetyscanners2_interfaces/include/sick_safetyscanners2_interfaces/sick_safetyscanners2_interfaces/srv\n'}
[14.384155] (sick_safetyscanners2_interfaces) StdoutLine: {'line': b'-- Installing: /home/nrc/Manual_Control_F3/install/sick_safetyscanners2_interfaces/include/sick_safetyscanners2_interfaces/sick_safetyscanners2_interfaces/srv/status_overview.h\n'}
[14.384214] (sick_safetyscanners2_interfaces) StdoutLine: {'line': b'-- Installing: /home/nrc/Manual_Control_F3/install/sick_safetyscanners2_interfaces/include/sick_safetyscanners2_interfaces/sick_safetyscanners2_interfaces/srv/detail\n'}
[14.384251] (sick_safetyscanners2_interfaces) StdoutLine: {'line': b'-- Installing: /home/nrc/Manual_Control_F3/install/sick_safetyscanners2_interfaces/include/sick_safetyscanners2_interfaces/sick_safetyscanners2_interfaces/srv/detail/status_overview__functions.h\n'}
[14.384311] (sick_safetyscanners2_interfaces) StdoutLine: {'line': b'-- Installing: /home/nrc/Manual_Control_F3/install/sick_safetyscanners2_interfaces/include/sick_safetyscanners2_interfaces/sick_safetyscanners2_interfaces/srv/detail/status_overview__struct.h\n'}
[14.384350] (sick_safetyscanners2_interfaces) StdoutLine: {'line': b'-- Installing: /home/nrc/Manual_Control_F3/install/sick_safetyscanners2_interfaces/include/sick_safetyscanners2_interfaces/sick_safetyscanners2_interfaces/srv/detail/field_data__functions.c\n'}
[14.384402] (sick_safetyscanners2_interfaces) StdoutLine: {'line': b'-- Installing: /home/nrc/Manual_Control_F3/install/sick_safetyscanners2_interfaces/include/sick_safetyscanners2_interfaces/sick_safetyscanners2_interfaces/srv/detail/field_data__struct.h\n'}
[14.384458] (sick_safetyscanners2_interfaces) StdoutLine: {'line': b'-- Installing: /home/nrc/Manual_Control_F3/install/sick_safetyscanners2_interfaces/include/sick_safetyscanners2_interfaces/sick_safetyscanners2_interfaces/srv/detail/field_data__type_support.h\n'}
[14.384507] (sick_safetyscanners2_interfaces) StdoutLine: {'line': b'-- Installing: /home/nrc/Manual_Control_F3/install/sick_safetyscanners2_interfaces/include/sick_safetyscanners2_interfaces/sick_safetyscanners2_interfaces/srv/detail/field_data__functions.h\n'}
[14.384539] (sick_safetyscanners2_interfaces) StdoutLine: {'line': b'-- Installing: /home/nrc/Manual_Control_F3/install/sick_safetyscanners2_interfaces/include/sick_safetyscanners2_interfaces/sick_safetyscanners2_interfaces/srv/detail/status_overview__type_support.h\n'}
[14.384593] (sick_safetyscanners2_interfaces) StdoutLine: {'line': b'-- Installing: /home/nrc/Manual_Control_F3/install/sick_safetyscanners2_interfaces/include/sick_safetyscanners2_interfaces/sick_safetyscanners2_interfaces/srv/detail/status_overview__functions.c\n'}
[14.384663] (sick_safetyscanners2_interfaces) StdoutLine: {'line': b'-- Installing: /home/nrc/Manual_Control_F3/install/sick_safetyscanners2_interfaces/include/sick_safetyscanners2_interfaces/sick_safetyscanners2_interfaces/srv/field_data.h\n'}
[14.384845] (sick_safetyscanners2_interfaces) StdoutLine: {'line': b'-- Installing: /home/nrc/Manual_Control_F3/install/sick_safetyscanners2_interfaces/share/sick_safetyscanners2_interfaces/environment/library_path.sh\n'}
[14.384928] (sick_safetyscanners2_interfaces) StdoutLine: {'line': b'-- Installing: /home/nrc/Manual_Control_F3/install/sick_safetyscanners2_interfaces/share/sick_safetyscanners2_interfaces/environment/library_path.dsv\n'}
[14.385032] (sick_safetyscanners2_interfaces) StdoutLine: {'line': b'-- Installing: /home/nrc/Manual_Control_F3/install/sick_safetyscanners2_interfaces/lib/libsick_safetyscanners2_interfaces__rosidl_generator_c.so\n'}
[14.385317] (sick_safetyscanners2_interfaces) StdoutLine: {'line': b'-- Set runtime path of "/home/nrc/Manual_Control_F3/install/sick_safetyscanners2_interfaces/lib/libsick_safetyscanners2_interfaces__rosidl_generator_c.so" to ""\n'}
[14.385375] (sick_safetyscanners2_interfaces) StdoutLine: {'line': b'-- Up-to-date: /home/nrc/Manual_Control_F3/install/sick_safetyscanners2_interfaces/include/sick_safetyscanners2_interfaces/sick_safetyscanners2_interfaces\n'}
[14.385441] (sick_safetyscanners2_interfaces) StdoutLine: {'line': b'-- Up-to-date: /home/nrc/Manual_Control_F3/install/sick_safetyscanners2_interfaces/include/sick_safetyscanners2_interfaces/sick_safetyscanners2_interfaces/msg\n'}
[14.385498] (sick_safetyscanners2_interfaces) StdoutLine: {'line': b'-- Installing: /home/nrc/Manual_Control_F3/install/sick_safetyscanners2_interfaces/include/sick_safetyscanners2_interfaces/sick_safetyscanners2_interfaces/msg/rosidl_typesupport_fastrtps_c__visibility_control.h\n'}
[14.385571] (sick_safetyscanners2_interfaces) StdoutLine: {'line': b'-- Up-to-date: /home/nrc/Manual_Control_F3/install/sick_safetyscanners2_interfaces/include/sick_safetyscanners2_interfaces/sick_safetyscanners2_interfaces/msg/detail\n'}
[14.385659] (sick_safetyscanners2_interfaces) StdoutLine: {'line': b'-- Installing: /home/nrc/Manual_Control_F3/install/sick_safetyscanners2_interfaces/include/sick_safetyscanners2_interfaces/sick_safetyscanners2_interfaces/msg/detail/application_data__rosidl_typesupport_fastrtps_c.h\n'}
[14.385700] (sick_safetyscanners2_interfaces) StdoutLine: {'line': b'-- Installing: /home/nrc/Manual_Control_F3/install/sick_safetyscanners2_interfaces/include/sick_safetyscanners2_interfaces/sick_safetyscanners2_interfaces/msg/detail/raw_micro_scan_data__rosidl_typesupport_fastrtps_c.h\n'}
[14.385757] (sick_safetyscanners2_interfaces) StdoutLine: {'line': b'-- Installing: /home/nrc/Manual_Control_F3/install/sick_safetyscanners2_interfaces/include/sick_safetyscanners2_interfaces/sick_safetyscanners2_interfaces/msg/detail/measurement_data__rosidl_typesupport_fastrtps_c.h\n'}
[14.385813] (sick_safetyscanners2_interfaces) StdoutLine: {'line': b'-- Installing: /home/nrc/Manual_Control_F3/install/sick_safetyscanners2_interfaces/include/sick_safetyscanners2_interfaces/sick_safetyscanners2_interfaces/msg/detail/extended_laser_scan__rosidl_typesupport_fastrtps_c.h\n'}
[14.385868] (sick_safetyscanners2_interfaces) StdoutLine: {'line': b'-- Installing: /home/nrc/Manual_Control_F3/install/sick_safetyscanners2_interfaces/include/sick_safetyscanners2_interfaces/sick_safetyscanners2_interfaces/msg/detail/intrusion_data__rosidl_typesupport_fastrtps_c.h\n'}
[14.385922] (sick_safetyscanners2_interfaces) StdoutLine: {'line': b'-- Installing: /home/nrc/Manual_Control_F3/install/sick_safetyscanners2_interfaces/include/sick_safetyscanners2_interfaces/sick_safetyscanners2_interfaces/msg/detail/derived_values__rosidl_typesupport_fastrtps_c.h\n'}
[14.385984] (sick_safetyscanners2_interfaces) StdoutLine: {'line': b'-- Installing: /home/nrc/Manual_Control_F3/install/sick_safetyscanners2_interfaces/include/sick_safetyscanners2_interfaces/sick_safetyscanners2_interfaces/msg/detail/application_inputs__rosidl_typesupport_fastrtps_c.h\n'}
[14.386039] (sick_safetyscanners2_interfaces) StdoutLine: {'line': b'-- Installing: /home/nrc/Manual_Control_F3/install/sick_safetyscanners2_interfaces/include/sick_safetyscanners2_interfaces/sick_safetyscanners2_interfaces/msg/detail/field__rosidl_typesupport_fastrtps_c.h\n'}
[14.386103] (sick_safetyscanners2_interfaces) StdoutLine: {'line': b'-- Installing: /home/nrc/Manual_Control_F3/install/sick_safetyscanners2_interfaces/include/sick_safetyscanners2_interfaces/sick_safetyscanners2_interfaces/msg/detail/scan_point__rosidl_typesupport_fastrtps_c.h\n'}
[14.386151] (sick_safetyscanners2_interfaces) StdoutLine: {'line': b'-- Installing: /home/nrc/Manual_Control_F3/install/sick_safetyscanners2_interfaces/include/sick_safetyscanners2_interfaces/sick_safetyscanners2_interfaces/msg/detail/monitoring_case__rosidl_typesupport_fastrtps_c.h\n'}
[14.386210] (sick_safetyscanners2_interfaces) StdoutLine: {'line': b'-- Installing: /home/nrc/Manual_Control_F3/install/sick_safetyscanners2_interfaces/include/sick_safetyscanners2_interfaces/sick_safetyscanners2_interfaces/msg/detail/general_system_state__rosidl_typesupport_fastrtps_c.h\n'}
[14.386273] (sick_safetyscanners2_interfaces) StdoutLine: {'line': b'-- Installing: /home/nrc/Manual_Control_F3/install/sick_safetyscanners2_interfaces/include/sick_safetyscanners2_interfaces/sick_safetyscanners2_interfaces/msg/detail/output_paths__rosidl_typesupport_fastrtps_c.h\n'}
[14.386314] (sick_safetyscanners2_interfaces) StdoutLine: {'line': b'-- Installing: /home/nrc/Manual_Control_F3/install/sick_safetyscanners2_interfaces/include/sick_safetyscanners2_interfaces/sick_safetyscanners2_interfaces/msg/detail/data_header__rosidl_typesupport_fastrtps_c.h\n'}
[14.386371] (sick_safetyscanners2_interfaces) StdoutLine: {'line': b'-- Installing: /home/nrc/Manual_Control_F3/install/sick_safetyscanners2_interfaces/include/sick_safetyscanners2_interfaces/sick_safetyscanners2_interfaces/msg/detail/intrusion_datum__rosidl_typesupport_fastrtps_c.h\n'}
[14.386419] (sick_safetyscanners2_interfaces) StdoutLine: {'line': b'-- Installing: /home/nrc/Manual_Control_F3/install/sick_safetyscanners2_interfaces/include/sick_safetyscanners2_interfaces/sick_safetyscanners2_interfaces/msg/detail/application_outputs__rosidl_typesupport_fastrtps_c.h\n'}
[14.386488] (sick_safetyscanners2_interfaces) StdoutLine: {'line': b'-- Up-to-date: /home/nrc/Manual_Control_F3/install/sick_safetyscanners2_interfaces/include/sick_safetyscanners2_interfaces/sick_safetyscanners2_interfaces/srv\n'}
[14.386571] (sick_safetyscanners2_interfaces) StdoutLine: {'line': b'-- Up-to-date: /home/nrc/Manual_Control_F3/install/sick_safetyscanners2_interfaces/include/sick_safetyscanners2_interfaces/sick_safetyscanners2_interfaces/srv/detail\n'}
[14.386641] (sick_safetyscanners2_interfaces) StdoutLine: {'line': b'-- Installing: /home/nrc/Manual_Control_F3/install/sick_safetyscanners2_interfaces/include/sick_safetyscanners2_interfaces/sick_safetyscanners2_interfaces/srv/detail/field_data__rosidl_typesupport_fastrtps_c.h\n'}
[14.386696] (sick_safetyscanners2_interfaces) StdoutLine: {'line': b'-- Installing: /home/nrc/Manual_Control_F3/install/sick_safetyscanners2_interfaces/include/sick_safetyscanners2_interfaces/sick_safetyscanners2_interfaces/srv/detail/status_overview__rosidl_typesupport_fastrtps_c.h\n'}
[14.386751] (sick_safetyscanners2_interfaces) StdoutLine: {'line': b'-- Installing: /home/nrc/Manual_Control_F3/install/sick_safetyscanners2_interfaces/lib/libsick_safetyscanners2_interfaces__rosidl_typesupport_fastrtps_c.so\n'}
[14.386970] (sick_safetyscanners2_interfaces) StdoutLine: {'line': b'-- Set runtime path of "/home/nrc/Manual_Control_F3/install/sick_safetyscanners2_interfaces/lib/libsick_safetyscanners2_interfaces__rosidl_typesupport_fastrtps_c.so" to ""\n'}
[14.387036] (sick_safetyscanners2_interfaces) StdoutLine: {'line': b'-- Up-to-date: /home/nrc/Manual_Control_F3/install/sick_safetyscanners2_interfaces/include/sick_safetyscanners2_interfaces/sick_safetyscanners2_interfaces\n'}
[14.387096] (sick_safetyscanners2_interfaces) StdoutLine: {'line': b'-- Up-to-date: /home/nrc/Manual_Control_F3/install/sick_safetyscanners2_interfaces/include/sick_safetyscanners2_interfaces/sick_safetyscanners2_interfaces/msg\n'}
[14.387139] (sick_safetyscanners2_interfaces) StdoutLine: {'line': b'-- Installing: /home/nrc/Manual_Control_F3/install/sick_safetyscanners2_interfaces/include/sick_safetyscanners2_interfaces/sick_safetyscanners2_interfaces/msg/rosidl_typesupport_introspection_c__visibility_control.h\n'}
[14.387244] (sick_safetyscanners2_interfaces) StdoutLine: {'line': b'-- Up-to-date: /home/nrc/Manual_Control_F3/install/sick_safetyscanners2_interfaces/include/sick_safetyscanners2_interfaces/sick_safetyscanners2_interfaces/msg/detail\n'}
[14.387312] (sick_safetyscanners2_interfaces) StdoutLine: {'line': b'-- Installing: /home/nrc/Manual_Control_F3/install/sick_safetyscanners2_interfaces/include/sick_safetyscanners2_interfaces/sick_safetyscanners2_interfaces/msg/detail/application_outputs__type_support.c\n'}
[14.387371] (sick_safetyscanners2_interfaces) StdoutLine: {'line': b'-- Installing: /home/nrc/Manual_Control_F3/install/sick_safetyscanners2_interfaces/include/sick_safetyscanners2_interfaces/sick_safetyscanners2_interfaces/msg/detail/intrusion_data__type_support.c\n'}
[14.387454] (sick_safetyscanners2_interfaces) StdoutLine: {'line': b'-- Installing: /home/nrc/Manual_Control_F3/install/sick_safetyscanners2_interfaces/include/sick_safetyscanners2_interfaces/sick_safetyscanners2_interfaces/msg/detail/application_data__rosidl_typesupport_introspection_c.h\n'}
[14.387533] (sick_safetyscanners2_interfaces) StdoutLine: {'line': b'-- Installing: /home/nrc/Manual_Control_F3/install/sick_safetyscanners2_interfaces/include/sick_safetyscanners2_interfaces/sick_safetyscanners2_interfaces/msg/detail/derived_values__rosidl_typesupport_introspection_c.h\n'}
[14.387589] (sick_safetyscanners2_interfaces) StdoutLine: {'line': b'-- Installing: /home/nrc/Manual_Control_F3/install/sick_safetyscanners2_interfaces/include/sick_safetyscanners2_interfaces/sick_safetyscanners2_interfaces/msg/detail/general_system_state__type_support.c\n'}
[14.387667] (sick_safetyscanners2_interfaces) StdoutLine: {'line': b'-- Installing: /home/nrc/Manual_Control_F3/install/sick_safetyscanners2_interfaces/include/sick_safetyscanners2_interfaces/sick_safetyscanners2_interfaces/msg/detail/field__rosidl_typesupport_introspection_c.h\n'}
[14.387728] (sick_safetyscanners2_interfaces) StdoutLine: {'line': b'-- Installing: /home/nrc/Manual_Control_F3/install/sick_safetyscanners2_interfaces/include/sick_safetyscanners2_interfaces/sick_safetyscanners2_interfaces/msg/detail/measurement_data__type_support.c\n'}
[14.387776] (sick_safetyscanners2_interfaces) StdoutLine: {'line': b'-- Installing: /home/nrc/Manual_Control_F3/install/sick_safetyscanners2_interfaces/include/sick_safetyscanners2_interfaces/sick_safetyscanners2_interfaces/msg/detail/monitoring_case__type_support.c\n'}
[14.387811] (sick_safetyscanners2_interfaces) StdoutLine: {'line': b'-- Installing: /home/nrc/Manual_Control_F3/install/sick_safetyscanners2_interfaces/include/sick_safetyscanners2_interfaces/sick_safetyscanners2_interfaces/msg/detail/scan_point__rosidl_typesupport_introspection_c.h\n'}
[14.387846] (sick_safetyscanners2_interfaces) StdoutLine: {'line': b'-- Installing: /home/nrc/Manual_Control_F3/install/sick_safetyscanners2_interfaces/include/sick_safetyscanners2_interfaces/sick_safetyscanners2_interfaces/msg/detail/output_paths__rosidl_typesupport_introspection_c.h\n'}
[14.387895] (sick_safetyscanners2_interfaces) StdoutLine: {'line': b'-- Installing: /home/nrc/Manual_Control_F3/install/sick_safetyscanners2_interfaces/include/sick_safetyscanners2_interfaces/sick_safetyscanners2_interfaces/msg/detail/application_data__type_support.c\n'}
[14.387930] (sick_safetyscanners2_interfaces) StdoutLine: {'line': b'-- Installing: /home/nrc/Manual_Control_F3/install/sick_safetyscanners2_interfaces/include/sick_safetyscanners2_interfaces/sick_safetyscanners2_interfaces/msg/detail/intrusion_data__rosidl_typesupport_introspection_c.h\n'}
[14.387987] (sick_safetyscanners2_interfaces) StdoutLine: {'line': b'-- Installing: /home/nrc/Manual_Control_F3/install/sick_safetyscanners2_interfaces/include/sick_safetyscanners2_interfaces/sick_safetyscanners2_interfaces/msg/detail/application_inputs__rosidl_typesupport_introspection_c.h\n'}
[14.388021] (sick_safetyscanners2_interfaces) StdoutLine: {'line': b'-- Installing: /home/nrc/Manual_Control_F3/install/sick_safetyscanners2_interfaces/include/sick_safetyscanners2_interfaces/sick_safetyscanners2_interfaces/msg/detail/measurement_data__rosidl_typesupport_introspection_c.h\n'}
[14.388073] (sick_safetyscanners2_interfaces) StdoutLine: {'line': b'-- Installing: /home/nrc/Manual_Control_F3/install/sick_safetyscanners2_interfaces/include/sick_safetyscanners2_interfaces/sick_safetyscanners2_interfaces/msg/detail/intrusion_datum__type_support.c\n'}
[14.388148] (sick_safetyscanners2_interfaces) StdoutLine: {'line': b'-- Installing: /home/nrc/Manual_Control_F3/install/sick_safetyscanners2_interfaces/include/sick_safetyscanners2_interfaces/sick_safetyscanners2_interfaces/msg/detail/general_system_state__rosidl_typesupport_introspection_c.h\n'}
[14.388228] (sick_safetyscanners2_interfaces) StdoutLine: {'line': b'-- Installing: /home/nrc/Manual_Control_F3/install/sick_safetyscanners2_interfaces/include/sick_safetyscanners2_interfaces/sick_safetyscanners2_interfaces/msg/detail/application_inputs__type_support.c\n'}
[14.388286] (sick_safetyscanners2_interfaces) StdoutLine: {'line': b'-- Installing: /home/nrc/Manual_Control_F3/install/sick_safetyscanners2_interfaces/include/sick_safetyscanners2_interfaces/sick_safetyscanners2_interfaces/msg/detail/scan_point__type_support.c\n'}
[14.388362] (sick_safetyscanners2_interfaces) StdoutLine: {'line': b'-- Installing: /home/nrc/Manual_Control_F3/install/sick_safetyscanners2_interfaces/include/sick_safetyscanners2_interfaces/sick_safetyscanners2_interfaces/msg/detail/raw_micro_scan_data__type_support.c\n'}
[14.388420] (sick_safetyscanners2_interfaces) StdoutLine: {'line': b'-- Installing: /home/nrc/Manual_Control_F3/install/sick_safetyscanners2_interfaces/include/sick_safetyscanners2_interfaces/sick_safetyscanners2_interfaces/msg/detail/output_paths__type_support.c\n'}
[14.388508] (sick_safetyscanners2_interfaces) StdoutLine: {'line': b'-- Installing: /home/nrc/Manual_Control_F3/install/sick_safetyscanners2_interfaces/include/sick_safetyscanners2_interfaces/sick_safetyscanners2_interfaces/msg/detail/application_outputs__rosidl_typesupport_introspection_c.h\n'}
[14.388610] (sick_safetyscanners2_interfaces) StdoutLine: {'line': b'-- Installing: /home/nrc/Manual_Control_F3/install/sick_safetyscanners2_interfaces/include/sick_safetyscanners2_interfaces/sick_safetyscanners2_interfaces/msg/detail/data_header__type_support.c\n'}
[14.388656] (sick_safetyscanners2_interfaces) StdoutLine: {'line': b'-- Installing: /home/nrc/Manual_Control_F3/install/sick_safetyscanners2_interfaces/include/sick_safetyscanners2_interfaces/sick_safetyscanners2_interfaces/msg/detail/monitoring_case__rosidl_typesupport_introspection_c.h\n'}
[14.388713] (sick_safetyscanners2_interfaces) StdoutLine: {'line': b'-- Installing: /home/nrc/Manual_Control_F3/install/sick_safetyscanners2_interfaces/include/sick_safetyscanners2_interfaces/sick_safetyscanners2_interfaces/msg/detail/derived_values__type_support.c\n'}
[14.388750] (sick_safetyscanners2_interfaces) StdoutLine: {'line': b'-- Installing: /home/nrc/Manual_Control_F3/install/sick_safetyscanners2_interfaces/include/sick_safetyscanners2_interfaces/sick_safetyscanners2_interfaces/msg/detail/field__type_support.c\n'}
[14.388798] (sick_safetyscanners2_interfaces) StdoutLine: {'line': b'-- Installing: /home/nrc/Manual_Control_F3/install/sick_safetyscanners2_interfaces/include/sick_safetyscanners2_interfaces/sick_safetyscanners2_interfaces/msg/detail/raw_micro_scan_data__rosidl_typesupport_introspection_c.h\n'}
[14.388843] (sick_safetyscanners2_interfaces) StdoutLine: {'line': b'-- Installing: /home/nrc/Manual_Control_F3/install/sick_safetyscanners2_interfaces/include/sick_safetyscanners2_interfaces/sick_safetyscanners2_interfaces/msg/detail/intrusion_datum__rosidl_typesupport_introspection_c.h\n'}
[14.388892] (sick_safetyscanners2_interfaces) StdoutLine: {'line': b'-- Installing: /home/nrc/Manual_Control_F3/install/sick_safetyscanners2_interfaces/include/sick_safetyscanners2_interfaces/sick_safetyscanners2_interfaces/msg/detail/extended_laser_scan__type_support.c\n'}
[14.388952] (sick_safetyscanners2_interfaces) StdoutLine: {'line': b'-- Installing: /home/nrc/Manual_Control_F3/install/sick_safetyscanners2_interfaces/include/sick_safetyscanners2_interfaces/sick_safetyscanners2_interfaces/msg/detail/extended_laser_scan__rosidl_typesupport_introspection_c.h\n'}
[14.389013] (sick_safetyscanners2_interfaces) StdoutLine: {'line': b'-- Installing: /home/nrc/Manual_Control_F3/install/sick_safetyscanners2_interfaces/include/sick_safetyscanners2_interfaces/sick_safetyscanners2_interfaces/msg/detail/data_header__rosidl_typesupport_introspection_c.h\n'}
[14.389072] (sick_safetyscanners2_interfaces) StdoutLine: {'line': b'-- Up-to-date: /home/nrc/Manual_Control_F3/install/sick_safetyscanners2_interfaces/include/sick_safetyscanners2_interfaces/sick_safetyscanners2_interfaces/srv\n'}
[14.389147] (sick_safetyscanners2_interfaces) StdoutLine: {'line': b'-- Up-to-date: /home/nrc/Manual_Control_F3/install/sick_safetyscanners2_interfaces/include/sick_safetyscanners2_interfaces/sick_safetyscanners2_interfaces/srv/detail\n'}
[14.389226] (sick_safetyscanners2_interfaces) StdoutLine: {'line': b'-- Installing: /home/nrc/Manual_Control_F3/install/sick_safetyscanners2_interfaces/include/sick_safetyscanners2_interfaces/sick_safetyscanners2_interfaces/srv/detail/field_data__type_support.c\n'}
[14.389289] (sick_safetyscanners2_interfaces) StdoutLine: {'line': b'-- Installing: /home/nrc/Manual_Control_F3/install/sick_safetyscanners2_interfaces/include/sick_safetyscanners2_interfaces/sick_safetyscanners2_interfaces/srv/detail/field_data__rosidl_typesupport_introspection_c.h\n'}
[14.389359] (sick_safetyscanners2_interfaces) StdoutLine: {'line': b'-- Installing: /home/nrc/Manual_Control_F3/install/sick_safetyscanners2_interfaces/include/sick_safetyscanners2_interfaces/sick_safetyscanners2_interfaces/srv/detail/status_overview__type_support.c\n'}
[14.389437] (sick_safetyscanners2_interfaces) StdoutLine: {'line': b'-- Installing: /home/nrc/Manual_Control_F3/install/sick_safetyscanners2_interfaces/include/sick_safetyscanners2_interfaces/sick_safetyscanners2_interfaces/srv/detail/status_overview__rosidl_typesupport_introspection_c.h\n'}
[14.389496] (sick_safetyscanners2_interfaces) StdoutLine: {'line': b'-- Installing: /home/nrc/Manual_Control_F3/install/sick_safetyscanners2_interfaces/lib/libsick_safetyscanners2_interfaces__rosidl_typesupport_introspection_c.so\n'}
[14.389631] (sick_safetyscanners2_interfaces) StdoutLine: {'line': b'-- Set runtime path of "/home/nrc/Manual_Control_F3/install/sick_safetyscanners2_interfaces/lib/libsick_safetyscanners2_interfaces__rosidl_typesupport_introspection_c.so" to ""\n'}
[14.389710] (sick_safetyscanners2_interfaces) StdoutLine: {'line': b'-- Installing: /home/nrc/Manual_Control_F3/install/sick_safetyscanners2_interfaces/lib/libsick_safetyscanners2_interfaces__rosidl_typesupport_c.so\n'}
[14.389859] (sick_safetyscanners2_interfaces) StdoutLine: {'line': b'-- Set runtime path of "/home/nrc/Manual_Control_F3/install/sick_safetyscanners2_interfaces/lib/libsick_safetyscanners2_interfaces__rosidl_typesupport_c.so" to ""\n'}
[14.389940] (sick_safetyscanners2_interfaces) StdoutLine: {'line': b'-- Up-to-date: /home/nrc/Manual_Control_F3/install/sick_safetyscanners2_interfaces/include/sick_safetyscanners2_interfaces/sick_safetyscanners2_interfaces\n'}
[14.390028] (sick_safetyscanners2_interfaces) StdoutLine: {'line': b'-- Up-to-date: /home/nrc/Manual_Control_F3/install/sick_safetyscanners2_interfaces/include/sick_safetyscanners2_interfaces/sick_safetyscanners2_interfaces/msg\n'}
[14.390102] (sick_safetyscanners2_interfaces) StdoutLine: {'line': b'-- Installing: /home/nrc/Manual_Control_F3/install/sick_safetyscanners2_interfaces/include/sick_safetyscanners2_interfaces/sick_safetyscanners2_interfaces/msg/intrusion_data.hpp\n'}
[14.390162] (sick_safetyscanners2_interfaces) StdoutLine: {'line': b'-- Installing: /home/nrc/Manual_Control_F3/install/sick_safetyscanners2_interfaces/include/sick_safetyscanners2_interfaces/sick_safetyscanners2_interfaces/msg/monitoring_case.hpp\n'}
[14.390240] (sick_safetyscanners2_interfaces) StdoutLine: {'line': b'-- Installing: /home/nrc/Manual_Control_F3/install/sick_safetyscanners2_interfaces/include/sick_safetyscanners2_interfaces/sick_safetyscanners2_interfaces/msg/scan_point.hpp\n'}
[14.390317] (sick_safetyscanners2_interfaces) StdoutLine: {'line': b'-- Installing: /home/nrc/Manual_Control_F3/install/sick_safetyscanners2_interfaces/include/sick_safetyscanners2_interfaces/sick_safetyscanners2_interfaces/msg/raw_micro_scan_data.hpp\n'}
[14.390377] (sick_safetyscanners2_interfaces) StdoutLine: {'line': b'-- Installing: /home/nrc/Manual_Control_F3/install/sick_safetyscanners2_interfaces/include/sick_safetyscanners2_interfaces/sick_safetyscanners2_interfaces/msg/application_data.hpp\n'}
[14.390457] (sick_safetyscanners2_interfaces) StdoutLine: {'line': b'-- Installing: /home/nrc/Manual_Control_F3/install/sick_safetyscanners2_interfaces/include/sick_safetyscanners2_interfaces/sick_safetyscanners2_interfaces/msg/application_inputs.hpp\n'}
[14.390516] (sick_safetyscanners2_interfaces) StdoutLine: {'line': b'-- Installing: /home/nrc/Manual_Control_F3/install/sick_safetyscanners2_interfaces/include/sick_safetyscanners2_interfaces/sick_safetyscanners2_interfaces/msg/derived_values.hpp\n'}
[14.390575] (sick_safetyscanners2_interfaces) StdoutLine: {'line': b'-- Installing: /home/nrc/Manual_Control_F3/install/sick_safetyscanners2_interfaces/include/sick_safetyscanners2_interfaces/sick_safetyscanners2_interfaces/msg/data_header.hpp\n'}
[14.390633] (sick_safetyscanners2_interfaces) StdoutLine: {'line': b'-- Installing: /home/nrc/Manual_Control_F3/install/sick_safetyscanners2_interfaces/include/sick_safetyscanners2_interfaces/sick_safetyscanners2_interfaces/msg/rosidl_generator_cpp__visibility_control.hpp\n'}
[14.390709] (sick_safetyscanners2_interfaces) StdoutLine: {'line': b'-- Installing: /home/nrc/Manual_Control_F3/install/sick_safetyscanners2_interfaces/include/sick_safetyscanners2_interfaces/sick_safetyscanners2_interfaces/msg/intrusion_datum.hpp\n'}
[14.390793] (sick_safetyscanners2_interfaces) StdoutLine: {'line': b'-- Installing: /home/nrc/Manual_Control_F3/install/sick_safetyscanners2_interfaces/include/sick_safetyscanners2_interfaces/sick_safetyscanners2_interfaces/msg/extended_laser_scan.hpp\n'}
[14.390853] (sick_safetyscanners2_interfaces) StdoutLine: {'line': b'-- Installing: /home/nrc/Manual_Control_F3/install/sick_safetyscanners2_interfaces/include/sick_safetyscanners2_interfaces/sick_safetyscanners2_interfaces/msg/general_system_state.hpp\n'}
[14.390911] (sick_safetyscanners2_interfaces) StdoutLine: {'line': b'-- Installing: /home/nrc/Manual_Control_F3/install/sick_safetyscanners2_interfaces/include/sick_safetyscanners2_interfaces/sick_safetyscanners2_interfaces/msg/application_outputs.hpp\n'}
[14.390995] (sick_safetyscanners2_interfaces) StdoutLine: {'line': b'-- Up-to-date: /home/nrc/Manual_Control_F3/install/sick_safetyscanners2_interfaces/include/sick_safetyscanners2_interfaces/sick_safetyscanners2_interfaces/msg/detail\n'}
[14.391056] (sick_safetyscanners2_interfaces) StdoutLine: {'line': b'-- Installing: /home/nrc/Manual_Control_F3/install/sick_safetyscanners2_interfaces/include/sick_safetyscanners2_interfaces/sick_safetyscanners2_interfaces/msg/detail/monitoring_case__type_support.hpp\n'}
[14.391117] (sick_safetyscanners2_interfaces) StdoutLine: {'line': b'-- Installing: /home/nrc/Manual_Control_F3/install/sick_safetyscanners2_interfaces/include/sick_safetyscanners2_interfaces/sick_safetyscanners2_interfaces/msg/detail/application_data__struct.hpp\n'}
[14.391198] (sick_safetyscanners2_interfaces) StdoutLine: {'line': b'-- Installing: /home/nrc/Manual_Control_F3/install/sick_safetyscanners2_interfaces/include/sick_safetyscanners2_interfaces/sick_safetyscanners2_interfaces/msg/detail/raw_micro_scan_data__type_support.hpp\n'}
[14.391256] (sick_safetyscanners2_interfaces) StdoutLine: {'line': b'-- Installing: /home/nrc/Manual_Control_F3/install/sick_safetyscanners2_interfaces/include/sick_safetyscanners2_interfaces/sick_safetyscanners2_interfaces/msg/detail/extended_laser_scan__struct.hpp\n'}
[14.391315] (sick_safetyscanners2_interfaces) StdoutLine: {'line': b'-- Installing: /home/nrc/Manual_Control_F3/install/sick_safetyscanners2_interfaces/include/sick_safetyscanners2_interfaces/sick_safetyscanners2_interfaces/msg/detail/monitoring_case__traits.hpp\n'}
[14.391374] (sick_safetyscanners2_interfaces) StdoutLine: {'line': b'-- Installing: /home/nrc/Manual_Control_F3/install/sick_safetyscanners2_interfaces/include/sick_safetyscanners2_interfaces/sick_safetyscanners2_interfaces/msg/detail/measurement_data__struct.hpp\n'}
[14.391461] (sick_safetyscanners2_interfaces) StdoutLine: {'line': b'-- Installing: /home/nrc/Manual_Control_F3/install/sick_safetyscanners2_interfaces/include/sick_safetyscanners2_interfaces/sick_safetyscanners2_interfaces/msg/detail/measurement_data__type_support.hpp\n'}
[14.391538] (sick_safetyscanners2_interfaces) StdoutLine: {'line': b'-- Installing: /home/nrc/Manual_Control_F3/install/sick_safetyscanners2_interfaces/include/sick_safetyscanners2_interfaces/sick_safetyscanners2_interfaces/msg/detail/measurement_data__builder.hpp\n'}
[14.391593] (sick_safetyscanners2_interfaces) StdoutLine: {'line': b'-- Installing: /home/nrc/Manual_Control_F3/install/sick_safetyscanners2_interfaces/include/sick_safetyscanners2_interfaces/sick_safetyscanners2_interfaces/msg/detail/application_outputs__builder.hpp\n'}
[14.391655] (sick_safetyscanners2_interfaces) StdoutLine: {'line': b'-- Installing: /home/nrc/Manual_Control_F3/install/sick_safetyscanners2_interfaces/include/sick_safetyscanners2_interfaces/sick_safetyscanners2_interfaces/msg/detail/intrusion_data__type_support.hpp\n'}
[14.391713] (sick_safetyscanners2_interfaces) StdoutLine: {'line': b'-- Installing: /home/nrc/Manual_Control_F3/install/sick_safetyscanners2_interfaces/include/sick_safetyscanners2_interfaces/sick_safetyscanners2_interfaces/msg/detail/output_paths__type_support.hpp\n'}
[14.391798] (sick_safetyscanners2_interfaces) StdoutLine: {'line': b'-- Installing: /home/nrc/Manual_Control_F3/install/sick_safetyscanners2_interfaces/include/sick_safetyscanners2_interfaces/sick_safetyscanners2_interfaces/msg/detail/field__traits.hpp\n'}
[14.391860] (sick_safetyscanners2_interfaces) StdoutLine: {'line': b'-- Installing: /home/nrc/Manual_Control_F3/install/sick_safetyscanners2_interfaces/include/sick_safetyscanners2_interfaces/sick_safetyscanners2_interfaces/msg/detail/output_paths__struct.hpp\n'}
[14.391919] (sick_safetyscanners2_interfaces) StdoutLine: {'line': b'-- Installing: /home/nrc/Manual_Control_F3/install/sick_safetyscanners2_interfaces/include/sick_safetyscanners2_interfaces/sick_safetyscanners2_interfaces/msg/detail/measurement_data__traits.hpp\n'}
[14.392007] (sick_safetyscanners2_interfaces) StdoutLine: {'line': b'-- Installing: /home/nrc/Manual_Control_F3/install/sick_safetyscanners2_interfaces/include/sick_safetyscanners2_interfaces/sick_safetyscanners2_interfaces/msg/detail/raw_micro_scan_data__struct.hpp\n'}
[14.392063] (sick_safetyscanners2_interfaces) StdoutLine: {'line': b'-- Installing: /home/nrc/Manual_Control_F3/install/sick_safetyscanners2_interfaces/include/sick_safetyscanners2_interfaces/sick_safetyscanners2_interfaces/msg/detail/data_header__type_support.hpp\n'}
[14.392112] (sick_safetyscanners2_interfaces) StdoutLine: {'line': b'-- Installing: /home/nrc/Manual_Control_F3/install/sick_safetyscanners2_interfaces/include/sick_safetyscanners2_interfaces/sick_safetyscanners2_interfaces/msg/detail/general_system_state__struct.hpp\n'}
[14.392188] (sick_safetyscanners2_interfaces) StdoutLine: {'line': b'-- Installing: /home/nrc/Manual_Control_F3/install/sick_safetyscanners2_interfaces/include/sick_safetyscanners2_interfaces/sick_safetyscanners2_interfaces/msg/detail/application_inputs__struct.hpp\n'}
[14.392225] (sick_safetyscanners2_interfaces) StdoutLine: {'line': b'-- Installing: /home/nrc/Manual_Control_F3/install/sick_safetyscanners2_interfaces/include/sick_safetyscanners2_interfaces/sick_safetyscanners2_interfaces/msg/detail/application_inputs__traits.hpp\n'}
[14.392275] (sick_safetyscanners2_interfaces) StdoutLine: {'line': b'-- Installing: /home/nrc/Manual_Control_F3/install/sick_safetyscanners2_interfaces/include/sick_safetyscanners2_interfaces/sick_safetyscanners2_interfaces/msg/detail/general_system_state__type_support.hpp\n'}
[14.392380] (sick_safetyscanners2_interfaces) StdoutLine: {'line': b'-- Installing: /home/nrc/Manual_Control_F3/install/sick_safetyscanners2_interfaces/include/sick_safetyscanners2_interfaces/sick_safetyscanners2_interfaces/msg/detail/monitoring_case__struct.hpp\n'}
[14.392459] (sick_safetyscanners2_interfaces) StdoutLine: {'line': b'-- Installing: /home/nrc/Manual_Control_F3/install/sick_safetyscanners2_interfaces/include/sick_safetyscanners2_interfaces/sick_safetyscanners2_interfaces/msg/detail/data_header__builder.hpp\n'}
[14.392500] (sick_safetyscanners2_interfaces) StdoutLine: {'line': b'-- Installing: /home/nrc/Manual_Control_F3/install/sick_safetyscanners2_interfaces/include/sick_safetyscanners2_interfaces/sick_safetyscanners2_interfaces/msg/detail/intrusion_datum__traits.hpp\n'}
[14.392535] (sick_safetyscanners2_interfaces) StdoutLine: {'line': b'-- Installing: /home/nrc/Manual_Control_F3/install/sick_safetyscanners2_interfaces/include/sick_safetyscanners2_interfaces/sick_safetyscanners2_interfaces/msg/detail/scan_point__traits.hpp\n'}
[14.392598] (sick_safetyscanners2_interfaces) StdoutLine: {'line': b'-- Installing: /home/nrc/Manual_Control_F3/install/sick_safetyscanners2_interfaces/include/sick_safetyscanners2_interfaces/sick_safetyscanners2_interfaces/msg/detail/data_header__struct.hpp\n'}
[14.392692] (sick_safetyscanners2_interfaces) StdoutLine: {'line': b'-- Installing: /home/nrc/Manual_Control_F3/install/sick_safetyscanners2_interfaces/include/sick_safetyscanners2_interfaces/sick_safetyscanners2_interfaces/msg/detail/intrusion_data__builder.hpp\n'}
[14.392759] (sick_safetyscanners2_interfaces) StdoutLine: {'line': b'-- Installing: /home/nrc/Manual_Control_F3/install/sick_safetyscanners2_interfaces/include/sick_safetyscanners2_interfaces/sick_safetyscanners2_interfaces/msg/detail/field__builder.hpp\n'}
[14.392811] (sick_safetyscanners2_interfaces) StdoutLine: {'line': b'-- Installing: /home/nrc/Manual_Control_F3/install/sick_safetyscanners2_interfaces/include/sick_safetyscanners2_interfaces/sick_safetyscanners2_interfaces/msg/detail/application_inputs__type_support.hpp\n'}
[14.392865] (sick_safetyscanners2_interfaces) StdoutLine: {'line': b'-- Installing: /home/nrc/Manual_Control_F3/install/sick_safetyscanners2_interfaces/include/sick_safetyscanners2_interfaces/sick_safetyscanners2_interfaces/msg/detail/data_header__traits.hpp\n'}
[14.392923] (sick_safetyscanners2_interfaces) StdoutLine: {'line': b'-- Installing: /home/nrc/Manual_Control_F3/install/sick_safetyscanners2_interfaces/include/sick_safetyscanners2_interfaces/sick_safetyscanners2_interfaces/msg/detail/output_paths__builder.hpp\n'}
[14.392997] (sick_safetyscanners2_interfaces) StdoutLine: {'line': b'-- Installing: /home/nrc/Manual_Control_F3/install/sick_safetyscanners2_interfaces/include/sick_safetyscanners2_interfaces/sick_safetyscanners2_interfaces/msg/detail/intrusion_datum__struct.hpp\n'}
[14.393064] (sick_safetyscanners2_interfaces) StdoutLine: {'line': b'-- Installing: /home/nrc/Manual_Control_F3/install/sick_safetyscanners2_interfaces/include/sick_safetyscanners2_interfaces/sick_safetyscanners2_interfaces/msg/detail/derived_values__type_support.hpp\n'}
[14.393126] (sick_safetyscanners2_interfaces) StdoutLine: {'line': b'-- Installing: /home/nrc/Manual_Control_F3/install/sick_safetyscanners2_interfaces/include/sick_safetyscanners2_interfaces/sick_safetyscanners2_interfaces/msg/detail/field__struct.hpp\n'}
[14.393185] (sick_safetyscanners2_interfaces) StdoutLine: {'line': b'-- Installing: /home/nrc/Manual_Control_F3/install/sick_safetyscanners2_interfaces/include/sick_safetyscanners2_interfaces/sick_safetyscanners2_interfaces/msg/detail/application_outputs__traits.hpp\n'}
[14.393259] (sick_safetyscanners2_interfaces) StdoutLine: {'line': b'-- Installing: /home/nrc/Manual_Control_F3/install/sick_safetyscanners2_interfaces/include/sick_safetyscanners2_interfaces/sick_safetyscanners2_interfaces/msg/detail/scan_point__struct.hpp\n'}
[14.393331] (sick_safetyscanners2_interfaces) StdoutLine: {'line': b'-- Installing: /home/nrc/Manual_Control_F3/install/sick_safetyscanners2_interfaces/include/sick_safetyscanners2_interfaces/sick_safetyscanners2_interfaces/msg/detail/extended_laser_scan__builder.hpp\n'}
[14.393465] (sick_safetyscanners2_interfaces) StdoutLine: {'line': b'-- Installing: /home/nrc/Manual_Control_F3/install/sick_safetyscanners2_interfaces/include/sick_safetyscanners2_interfaces/sick_safetyscanners2_interfaces/msg/detail/intrusion_data__struct.hpp\n'}
[14.393559] (sick_safetyscanners2_interfaces) StdoutLine: {'line': b'-- Installing: /home/nrc/Manual_Control_F3/install/sick_safetyscanners2_interfaces/include/sick_safetyscanners2_interfaces/sick_safetyscanners2_interfaces/msg/detail/general_system_state__traits.hpp\n'}
[14.393644] (sick_safetyscanners2_interfaces) StdoutLine: {'line': b'-- Installing: /home/nrc/Manual_Control_F3/install/sick_safetyscanners2_interfaces/include/sick_safetyscanners2_interfaces/sick_safetyscanners2_interfaces/msg/detail/application_inputs__builder.hpp\n'}
[14.393729] (sick_safetyscanners2_interfaces) StdoutLine: {'line': b'-- Installing: /home/nrc/Manual_Control_F3/install/sick_safetyscanners2_interfaces/include/sick_safetyscanners2_interfaces/sick_safetyscanners2_interfaces/msg/detail/output_paths__traits.hpp\n'}
[14.393813] (sick_safetyscanners2_interfaces) StdoutLine: {'line': b'-- Installing: /home/nrc/Manual_Control_F3/install/sick_safetyscanners2_interfaces/include/sick_safetyscanners2_interfaces/sick_safetyscanners2_interfaces/msg/detail/intrusion_data__traits.hpp\n'}
[14.393886] (sick_safetyscanners2_interfaces) StdoutLine: {'line': b'-- Installing: /home/nrc/Manual_Control_F3/install/sick_safetyscanners2_interfaces/include/sick_safetyscanners2_interfaces/sick_safetyscanners2_interfaces/msg/detail/intrusion_datum__type_support.hpp\n'}
[14.393962] (sick_safetyscanners2_interfaces) StdoutLine: {'line': b'-- Installing: /home/nrc/Manual_Control_F3/install/sick_safetyscanners2_interfaces/include/sick_safetyscanners2_interfaces/sick_safetyscanners2_interfaces/msg/detail/application_data__traits.hpp\n'}
[14.394054] (sick_safetyscanners2_interfaces) StdoutLine: {'line': b'-- Installing: /home/nrc/Manual_Control_F3/install/sick_safetyscanners2_interfaces/include/sick_safetyscanners2_interfaces/sick_safetyscanners2_interfaces/msg/detail/application_data__builder.hpp\n'}
[14.394142] (sick_safetyscanners2_interfaces) StdoutLine: {'line': b'-- Installing: /home/nrc/Manual_Control_F3/install/sick_safetyscanners2_interfaces/include/sick_safetyscanners2_interfaces/sick_safetyscanners2_interfaces/msg/detail/intrusion_datum__builder.hpp\n'}
[14.394219] (sick_safetyscanners2_interfaces) StdoutLine: {'line': b'-- Installing: /home/nrc/Manual_Control_F3/install/sick_safetyscanners2_interfaces/include/sick_safetyscanners2_interfaces/sick_safetyscanners2_interfaces/msg/detail/raw_micro_scan_data__traits.hpp\n'}
[14.394299] (sick_safetyscanners2_interfaces) StdoutLine: {'line': b'-- Installing: /home/nrc/Manual_Control_F3/install/sick_safetyscanners2_interfaces/include/sick_safetyscanners2_interfaces/sick_safetyscanners2_interfaces/msg/detail/application_data__type_support.hpp\n'}
[14.394384] (sick_safetyscanners2_interfaces) StdoutLine: {'line': b'-- Installing: /home/nrc/Manual_Control_F3/install/sick_safetyscanners2_interfaces/include/sick_safetyscanners2_interfaces/sick_safetyscanners2_interfaces/msg/detail/raw_micro_scan_data__builder.hpp\n'}
[14.394468] (sick_safetyscanners2_interfaces) StdoutLine: {'line': b'-- Installing: /home/nrc/Manual_Control_F3/install/sick_safetyscanners2_interfaces/include/sick_safetyscanners2_interfaces/sick_safetyscanners2_interfaces/msg/detail/general_system_state__builder.hpp\n'}
[14.394559] (sick_safetyscanners2_interfaces) StdoutLine: {'line': b'-- Installing: /home/nrc/Manual_Control_F3/install/sick_safetyscanners2_interfaces/include/sick_safetyscanners2_interfaces/sick_safetyscanners2_interfaces/msg/detail/derived_values__struct.hpp\n'}
[14.394644] (sick_safetyscanners2_interfaces) StdoutLine: {'line': b'-- Installing: /home/nrc/Manual_Control_F3/install/sick_safetyscanners2_interfaces/include/sick_safetyscanners2_interfaces/sick_safetyscanners2_interfaces/msg/detail/field__type_support.hpp\n'}
[14.394729] (sick_safetyscanners2_interfaces) StdoutLine: {'line': b'-- Installing: /home/nrc/Manual_Control_F3/install/sick_safetyscanners2_interfaces/include/sick_safetyscanners2_interfaces/sick_safetyscanners2_interfaces/msg/detail/monitoring_case__builder.hpp\n'}
[14.394815] (sick_safetyscanners2_interfaces) StdoutLine: {'line': b'-- Installing: /home/nrc/Manual_Control_F3/install/sick_safetyscanners2_interfaces/include/sick_safetyscanners2_interfaces/sick_safetyscanners2_interfaces/msg/detail/application_outputs__struct.hpp\n'}
[14.394907] (sick_safetyscanners2_interfaces) StdoutLine: {'line': b'-- Installing: /home/nrc/Manual_Control_F3/install/sick_safetyscanners2_interfaces/include/sick_safetyscanners2_interfaces/sick_safetyscanners2_interfaces/msg/detail/extended_laser_scan__type_support.hpp\n'}
[14.395001] (sick_safetyscanners2_interfaces) StdoutLine: {'line': b'-- Installing: /home/nrc/Manual_Control_F3/install/sick_safetyscanners2_interfaces/include/sick_safetyscanners2_interfaces/sick_safetyscanners2_interfaces/msg/detail/extended_laser_scan__traits.hpp\n'}
[14.395094] (sick_safetyscanners2_interfaces) StdoutLine: {'line': b'-- Installing: /home/nrc/Manual_Control_F3/install/sick_safetyscanners2_interfaces/include/sick_safetyscanners2_interfaces/sick_safetyscanners2_interfaces/msg/detail/derived_values__builder.hpp\n'}
[14.395176] (sick_safetyscanners2_interfaces) StdoutLine: {'line': b'-- Installing: /home/nrc/Manual_Control_F3/install/sick_safetyscanners2_interfaces/include/sick_safetyscanners2_interfaces/sick_safetyscanners2_interfaces/msg/detail/scan_point__type_support.hpp\n'}
[14.395274] (sick_safetyscanners2_interfaces) StdoutLine: {'line': b'-- Installing: /home/nrc/Manual_Control_F3/install/sick_safetyscanners2_interfaces/include/sick_safetyscanners2_interfaces/sick_safetyscanners2_interfaces/msg/detail/derived_values__traits.hpp\n'}
[14.395355] (sick_safetyscanners2_interfaces) StdoutLine: {'line': b'-- Installing: /home/nrc/Manual_Control_F3/install/sick_safetyscanners2_interfaces/include/sick_safetyscanners2_interfaces/sick_safetyscanners2_interfaces/msg/detail/scan_point__builder.hpp\n'}
[14.395419] (sick_safetyscanners2_interfaces) StdoutLine: {'line': b'-- Installing: /home/nrc/Manual_Control_F3/install/sick_safetyscanners2_interfaces/include/sick_safetyscanners2_interfaces/sick_safetyscanners2_interfaces/msg/detail/application_outputs__type_support.hpp\n'}
[14.395466] (sick_safetyscanners2_interfaces) StdoutLine: {'line': b'-- Installing: /home/nrc/Manual_Control_F3/install/sick_safetyscanners2_interfaces/include/sick_safetyscanners2_interfaces/sick_safetyscanners2_interfaces/msg/measurement_data.hpp\n'}
[14.395512] (sick_safetyscanners2_interfaces) StdoutLine: {'line': b'-- Installing: /home/nrc/Manual_Control_F3/install/sick_safetyscanners2_interfaces/include/sick_safetyscanners2_interfaces/sick_safetyscanners2_interfaces/msg/output_paths.hpp\n'}
[14.395563] (sick_safetyscanners2_interfaces) StdoutLine: {'line': b'-- Installing: /home/nrc/Manual_Control_F3/install/sick_safetyscanners2_interfaces/include/sick_safetyscanners2_interfaces/sick_safetyscanners2_interfaces/msg/field.hpp\n'}
[14.395620] (sick_safetyscanners2_interfaces) StdoutLine: {'line': b'-- Up-to-date: /home/nrc/Manual_Control_F3/install/sick_safetyscanners2_interfaces/include/sick_safetyscanners2_interfaces/sick_safetyscanners2_interfaces/srv\n'}
[14.395680] (sick_safetyscanners2_interfaces) StdoutLine: {'line': b'-- Installing: /home/nrc/Manual_Control_F3/install/sick_safetyscanners2_interfaces/include/sick_safetyscanners2_interfaces/sick_safetyscanners2_interfaces/srv/field_data.hpp\n'}
[14.395738] (sick_safetyscanners2_interfaces) StdoutLine: {'line': b'-- Installing: /home/nrc/Manual_Control_F3/install/sick_safetyscanners2_interfaces/include/sick_safetyscanners2_interfaces/sick_safetyscanners2_interfaces/srv/status_overview.hpp\n'}
[14.395808] (sick_safetyscanners2_interfaces) StdoutLine: {'line': b'-- Up-to-date: /home/nrc/Manual_Control_F3/install/sick_safetyscanners2_interfaces/include/sick_safetyscanners2_interfaces/sick_safetyscanners2_interfaces/srv/detail\n'}
[14.395848] (sick_safetyscanners2_interfaces) StdoutLine: {'line': b'-- Installing: /home/nrc/Manual_Control_F3/install/sick_safetyscanners2_interfaces/include/sick_safetyscanners2_interfaces/sick_safetyscanners2_interfaces/srv/detail/status_overview__struct.hpp\n'}
[14.395893] (sick_safetyscanners2_interfaces) StdoutLine: {'line': b'-- Installing: /home/nrc/Manual_Control_F3/install/sick_safetyscanners2_interfaces/include/sick_safetyscanners2_interfaces/sick_safetyscanners2_interfaces/srv/detail/field_data__struct.hpp\n'}
[14.395955] (sick_safetyscanners2_interfaces) StdoutLine: {'line': b'-- Installing: /home/nrc/Manual_Control_F3/install/sick_safetyscanners2_interfaces/include/sick_safetyscanners2_interfaces/sick_safetyscanners2_interfaces/srv/detail/status_overview__traits.hpp\n'}
[14.396016] (sick_safetyscanners2_interfaces) StdoutLine: {'line': b'-- Installing: /home/nrc/Manual_Control_F3/install/sick_safetyscanners2_interfaces/include/sick_safetyscanners2_interfaces/sick_safetyscanners2_interfaces/srv/detail/field_data__builder.hpp\n'}
[14.396062] (sick_safetyscanners2_interfaces) StdoutLine: {'line': b'-- Installing: /home/nrc/Manual_Control_F3/install/sick_safetyscanners2_interfaces/include/sick_safetyscanners2_interfaces/sick_safetyscanners2_interfaces/srv/detail/field_data__type_support.hpp\n'}
[14.396127] (sick_safetyscanners2_interfaces) StdoutLine: {'line': b'-- Installing: /home/nrc/Manual_Control_F3/install/sick_safetyscanners2_interfaces/include/sick_safetyscanners2_interfaces/sick_safetyscanners2_interfaces/srv/detail/status_overview__type_support.hpp\n'}
[14.396175] (sick_safetyscanners2_interfaces) StdoutLine: {'line': b'-- Installing: /home/nrc/Manual_Control_F3/install/sick_safetyscanners2_interfaces/include/sick_safetyscanners2_interfaces/sick_safetyscanners2_interfaces/srv/detail/field_data__traits.hpp\n'}
[14.396235] (sick_safetyscanners2_interfaces) StdoutLine: {'line': b'-- Installing: /home/nrc/Manual_Control_F3/install/sick_safetyscanners2_interfaces/include/sick_safetyscanners2_interfaces/sick_safetyscanners2_interfaces/srv/detail/status_overview__builder.hpp\n'}
[14.396295] (sick_safetyscanners2_interfaces) StdoutLine: {'line': b'-- Up-to-date: /home/nrc/Manual_Control_F3/install/sick_safetyscanners2_interfaces/include/sick_safetyscanners2_interfaces/sick_safetyscanners2_interfaces\n'}
[14.396365] (sick_safetyscanners2_interfaces) StdoutLine: {'line': b'-- Up-to-date: /home/nrc/Manual_Control_F3/install/sick_safetyscanners2_interfaces/include/sick_safetyscanners2_interfaces/sick_safetyscanners2_interfaces/msg\n'}
[14.396411] (sick_safetyscanners2_interfaces) StdoutLine: {'line': b'-- Installing: /home/nrc/Manual_Control_F3/install/sick_safetyscanners2_interfaces/include/sick_safetyscanners2_interfaces/sick_safetyscanners2_interfaces/msg/rosidl_typesupport_fastrtps_cpp__visibility_control.h\n'}
[14.396455] (sick_safetyscanners2_interfaces) StdoutLine: {'line': b'-- Up-to-date: /home/nrc/Manual_Control_F3/install/sick_safetyscanners2_interfaces/include/sick_safetyscanners2_interfaces/sick_safetyscanners2_interfaces/msg/detail\n'}
[14.396498] (sick_safetyscanners2_interfaces) StdoutLine: {'line': b'-- Installing: /home/nrc/Manual_Control_F3/install/sick_safetyscanners2_interfaces/include/sick_safetyscanners2_interfaces/sick_safetyscanners2_interfaces/msg/detail/intrusion_datum__rosidl_typesupport_fastrtps_cpp.hpp\n'}
[14.396562] (sick_safetyscanners2_interfaces) StdoutLine: {'line': b'-- Installing: /home/nrc/Manual_Control_F3/install/sick_safetyscanners2_interfaces/include/sick_safetyscanners2_interfaces/sick_safetyscanners2_interfaces/msg/detail/data_header__rosidl_typesupport_fastrtps_cpp.hpp\n'}
[14.396620] (sick_safetyscanners2_interfaces) StdoutLine: {'line': b'-- Installing: /home/nrc/Manual_Control_F3/install/sick_safetyscanners2_interfaces/include/sick_safetyscanners2_interfaces/sick_safetyscanners2_interfaces/msg/detail/application_inputs__rosidl_typesupport_fastrtps_cpp.hpp\n'}
[14.396665] (sick_safetyscanners2_interfaces) StdoutLine: {'line': b'-- Installing: /home/nrc/Manual_Control_F3/install/sick_safetyscanners2_interfaces/include/sick_safetyscanners2_interfaces/sick_safetyscanners2_interfaces/msg/detail/raw_micro_scan_data__rosidl_typesupport_fastrtps_cpp.hpp\n'}
[14.396709] (sick_safetyscanners2_interfaces) StdoutLine: {'line': b'-- Installing: /home/nrc/Manual_Control_F3/install/sick_safetyscanners2_interfaces/include/sick_safetyscanners2_interfaces/sick_safetyscanners2_interfaces/msg/detail/field__rosidl_typesupport_fastrtps_cpp.hpp\n'}
[14.396767] (sick_safetyscanners2_interfaces) StdoutLine: {'line': b'-- Installing: /home/nrc/Manual_Control_F3/install/sick_safetyscanners2_interfaces/include/sick_safetyscanners2_interfaces/sick_safetyscanners2_interfaces/msg/detail/general_system_state__rosidl_typesupport_fastrtps_cpp.hpp\n'}
[14.396839] (sick_safetyscanners2_interfaces) StdoutLine: {'line': b'-- Installing: /home/nrc/Manual_Control_F3/install/sick_safetyscanners2_interfaces/include/sick_safetyscanners2_interfaces/sick_safetyscanners2_interfaces/msg/detail/application_outputs__rosidl_typesupport_fastrtps_cpp.hpp\n'}
[14.396884] (sick_safetyscanners2_interfaces) StdoutLine: {'line': b'-- Installing: /home/nrc/Manual_Control_F3/install/sick_safetyscanners2_interfaces/include/sick_safetyscanners2_interfaces/sick_safetyscanners2_interfaces/msg/detail/dds_fastrtps\n'}
[14.396928] (sick_safetyscanners2_interfaces) StdoutLine: {'line': b'-- Installing: /home/nrc/Manual_Control_F3/install/sick_safetyscanners2_interfaces/include/sick_safetyscanners2_interfaces/sick_safetyscanners2_interfaces/msg/detail/extended_laser_scan__rosidl_typesupport_fastrtps_cpp.hpp\n'}
[14.396999] (sick_safetyscanners2_interfaces) StdoutLine: {'line': b'-- Installing: /home/nrc/Manual_Control_F3/install/sick_safetyscanners2_interfaces/include/sick_safetyscanners2_interfaces/sick_safetyscanners2_interfaces/msg/detail/monitoring_case__rosidl_typesupport_fastrtps_cpp.hpp\n'}
[14.397036] (sick_safetyscanners2_interfaces) StdoutLine: {'line': b'-- Installing: /home/nrc/Manual_Control_F3/install/sick_safetyscanners2_interfaces/include/sick_safetyscanners2_interfaces/sick_safetyscanners2_interfaces/msg/detail/scan_point__rosidl_typesupport_fastrtps_cpp.hpp\n'}
[14.397080] (sick_safetyscanners2_interfaces) StdoutLine: {'line': b'-- Installing: /home/nrc/Manual_Control_F3/install/sick_safetyscanners2_interfaces/include/sick_safetyscanners2_interfaces/sick_safetyscanners2_interfaces/msg/detail/intrusion_data__rosidl_typesupport_fastrtps_cpp.hpp\n'}
[14.397139] (sick_safetyscanners2_interfaces) StdoutLine: {'line': b'-- Installing: /home/nrc/Manual_Control_F3/install/sick_safetyscanners2_interfaces/include/sick_safetyscanners2_interfaces/sick_safetyscanners2_interfaces/msg/detail/measurement_data__rosidl_typesupport_fastrtps_cpp.hpp\n'}
[14.397185] (sick_safetyscanners2_interfaces) StdoutLine: {'line': b'-- Installing: /home/nrc/Manual_Control_F3/install/sick_safetyscanners2_interfaces/include/sick_safetyscanners2_interfaces/sick_safetyscanners2_interfaces/msg/detail/output_paths__rosidl_typesupport_fastrtps_cpp.hpp\n'}
[14.397243] (sick_safetyscanners2_interfaces) StdoutLine: {'line': b'-- Installing: /home/nrc/Manual_Control_F3/install/sick_safetyscanners2_interfaces/include/sick_safetyscanners2_interfaces/sick_safetyscanners2_interfaces/msg/detail/application_data__rosidl_typesupport_fastrtps_cpp.hpp\n'}
[14.397301] (sick_safetyscanners2_interfaces) StdoutLine: {'line': b'-- Installing: /home/nrc/Manual_Control_F3/install/sick_safetyscanners2_interfaces/include/sick_safetyscanners2_interfaces/sick_safetyscanners2_interfaces/msg/detail/derived_values__rosidl_typesupport_fastrtps_cpp.hpp\n'}
[14.397358] (sick_safetyscanners2_interfaces) StdoutLine: {'line': b'-- Up-to-date: /home/nrc/Manual_Control_F3/install/sick_safetyscanners2_interfaces/include/sick_safetyscanners2_interfaces/sick_safetyscanners2_interfaces/srv\n'}
[14.397429] (sick_safetyscanners2_interfaces) StdoutLine: {'line': b'-- Up-to-date: /home/nrc/Manual_Control_F3/install/sick_safetyscanners2_interfaces/include/sick_safetyscanners2_interfaces/sick_safetyscanners2_interfaces/srv/detail\n'}
[14.397467] (sick_safetyscanners2_interfaces) StdoutLine: {'line': b'-- Installing: /home/nrc/Manual_Control_F3/install/sick_safetyscanners2_interfaces/include/sick_safetyscanners2_interfaces/sick_safetyscanners2_interfaces/srv/detail/dds_fastrtps\n'}
[14.397505] (sick_safetyscanners2_interfaces) StdoutLine: {'line': b'-- Installing: /home/nrc/Manual_Control_F3/install/sick_safetyscanners2_interfaces/include/sick_safetyscanners2_interfaces/sick_safetyscanners2_interfaces/srv/detail/status_overview__rosidl_typesupport_fastrtps_cpp.hpp\n'}
[14.397550] (sick_safetyscanners2_interfaces) StdoutLine: {'line': b'-- Installing: /home/nrc/Manual_Control_F3/install/sick_safetyscanners2_interfaces/include/sick_safetyscanners2_interfaces/sick_safetyscanners2_interfaces/srv/detail/field_data__rosidl_typesupport_fastrtps_cpp.hpp\n'}
[14.397608] (sick_safetyscanners2_interfaces) StdoutLine: {'line': b'-- Installing: /home/nrc/Manual_Control_F3/install/sick_safetyscanners2_interfaces/lib/libsick_safetyscanners2_interfaces__rosidl_typesupport_fastrtps_cpp.so\n'}
[14.397965] (sick_safetyscanners2_interfaces) StdoutLine: {'line': b'-- Set runtime path of "/home/nrc/Manual_Control_F3/install/sick_safetyscanners2_interfaces/lib/libsick_safetyscanners2_interfaces__rosidl_typesupport_fastrtps_cpp.so" to ""\n'}
[14.398057] (sick_safetyscanners2_interfaces) StdoutLine: {'line': b'-- Up-to-date: /home/nrc/Manual_Control_F3/install/sick_safetyscanners2_interfaces/include/sick_safetyscanners2_interfaces/sick_safetyscanners2_interfaces\n'}
[14.398103] (sick_safetyscanners2_interfaces) StdoutLine: {'line': b'-- Up-to-date: /home/nrc/Manual_Control_F3/install/sick_safetyscanners2_interfaces/include/sick_safetyscanners2_interfaces/sick_safetyscanners2_interfaces/msg\n'}
[14.398147] (sick_safetyscanners2_interfaces) StdoutLine: {'line': b'-- Up-to-date: /home/nrc/Manual_Control_F3/install/sick_safetyscanners2_interfaces/include/sick_safetyscanners2_interfaces/sick_safetyscanners2_interfaces/msg/detail\n'}
[14.398205] (sick_safetyscanners2_interfaces) StdoutLine: {'line': b'-- Installing: /home/nrc/Manual_Control_F3/install/sick_safetyscanners2_interfaces/include/sick_safetyscanners2_interfaces/sick_safetyscanners2_interfaces/msg/detail/data_header__rosidl_typesupport_introspection_cpp.hpp\n'}
[14.398279] (sick_safetyscanners2_interfaces) StdoutLine: {'line': b'-- Installing: /home/nrc/Manual_Control_F3/install/sick_safetyscanners2_interfaces/include/sick_safetyscanners2_interfaces/sick_safetyscanners2_interfaces/msg/detail/application_outputs__rosidl_typesupport_introspection_cpp.hpp\n'}
[14.398326] (sick_safetyscanners2_interfaces) StdoutLine: {'line': b'-- Installing: /home/nrc/Manual_Control_F3/install/sick_safetyscanners2_interfaces/include/sick_safetyscanners2_interfaces/sick_safetyscanners2_interfaces/msg/detail/intrusion_datum__rosidl_typesupport_introspection_cpp.hpp\n'}
[14.398369] (sick_safetyscanners2_interfaces) StdoutLine: {'line': b'-- Installing: /home/nrc/Manual_Control_F3/install/sick_safetyscanners2_interfaces/include/sick_safetyscanners2_interfaces/sick_safetyscanners2_interfaces/msg/detail/intrusion_data__rosidl_typesupport_introspection_cpp.hpp\n'}
[14.398433] (sick_safetyscanners2_interfaces) StdoutLine: {'line': b'-- Installing: /home/nrc/Manual_Control_F3/install/sick_safetyscanners2_interfaces/include/sick_safetyscanners2_interfaces/sick_safetyscanners2_interfaces/msg/detail/derived_values__type_support.cpp\n'}
[14.398477] (sick_safetyscanners2_interfaces) StdoutLine: {'line': b'-- Installing: /home/nrc/Manual_Control_F3/install/sick_safetyscanners2_interfaces/include/sick_safetyscanners2_interfaces/sick_safetyscanners2_interfaces/msg/detail/scan_point__type_support.cpp\n'}
[14.398539] (sick_safetyscanners2_interfaces) StdoutLine: {'line': b'-- Installing: /home/nrc/Manual_Control_F3/install/sick_safetyscanners2_interfaces/include/sick_safetyscanners2_interfaces/sick_safetyscanners2_interfaces/msg/detail/application_inputs__type_support.cpp\n'}
[14.398584] (sick_safetyscanners2_interfaces) StdoutLine: {'line': b'-- Installing: /home/nrc/Manual_Control_F3/install/sick_safetyscanners2_interfaces/include/sick_safetyscanners2_interfaces/sick_safetyscanners2_interfaces/msg/detail/general_system_state__type_support.cpp\n'}
[14.398641] (sick_safetyscanners2_interfaces) StdoutLine: {'line': b'-- Installing: /home/nrc/Manual_Control_F3/install/sick_safetyscanners2_interfaces/include/sick_safetyscanners2_interfaces/sick_safetyscanners2_interfaces/msg/detail/application_data__type_support.cpp\n'}
[14.398700] (sick_safetyscanners2_interfaces) StdoutLine: {'line': b'-- Installing: /home/nrc/Manual_Control_F3/install/sick_safetyscanners2_interfaces/include/sick_safetyscanners2_interfaces/sick_safetyscanners2_interfaces/msg/detail/raw_micro_scan_data__type_support.cpp\n'}
[14.398769] (sick_safetyscanners2_interfaces) StdoutLine: {'line': b'-- Installing: /home/nrc/Manual_Control_F3/install/sick_safetyscanners2_interfaces/include/sick_safetyscanners2_interfaces/sick_safetyscanners2_interfaces/msg/detail/output_paths__rosidl_typesupport_introspection_cpp.hpp\n'}
[14.398806] (sick_safetyscanners2_interfaces) StdoutLine: {'line': b'-- Installing: /home/nrc/Manual_Control_F3/install/sick_safetyscanners2_interfaces/include/sick_safetyscanners2_interfaces/sick_safetyscanners2_interfaces/msg/detail/measurement_data__type_support.cpp\n'}
[14.398847] (sick_safetyscanners2_interfaces) StdoutLine: {'line': b'-- Installing: /home/nrc/Manual_Control_F3/install/sick_safetyscanners2_interfaces/include/sick_safetyscanners2_interfaces/sick_safetyscanners2_interfaces/msg/detail/scan_point__rosidl_typesupport_introspection_cpp.hpp\n'}
[14.398903] (sick_safetyscanners2_interfaces) StdoutLine: {'line': b'-- Installing: /home/nrc/Manual_Control_F3/install/sick_safetyscanners2_interfaces/include/sick_safetyscanners2_interfaces/sick_safetyscanners2_interfaces/msg/detail/extended_laser_scan__rosidl_typesupport_introspection_cpp.hpp\n'}
[14.398967] (sick_safetyscanners2_interfaces) StdoutLine: {'line': b'-- Installing: /home/nrc/Manual_Control_F3/install/sick_safetyscanners2_interfaces/include/sick_safetyscanners2_interfaces/sick_safetyscanners2_interfaces/msg/detail/monitoring_case__rosidl_typesupport_introspection_cpp.hpp\n'}
[14.399024] (sick_safetyscanners2_interfaces) StdoutLine: {'line': b'-- Installing: /home/nrc/Manual_Control_F3/install/sick_safetyscanners2_interfaces/include/sick_safetyscanners2_interfaces/sick_safetyscanners2_interfaces/msg/detail/extended_laser_scan__type_support.cpp\n'}
[14.399078] (sick_safetyscanners2_interfaces) StdoutLine: {'line': b'-- Installing: /home/nrc/Manual_Control_F3/install/sick_safetyscanners2_interfaces/include/sick_safetyscanners2_interfaces/sick_safetyscanners2_interfaces/msg/detail/measurement_data__rosidl_typesupport_introspection_cpp.hpp\n'}
[14.399135] (sick_safetyscanners2_interfaces) StdoutLine: {'line': b'-- Installing: /home/nrc/Manual_Control_F3/install/sick_safetyscanners2_interfaces/include/sick_safetyscanners2_interfaces/sick_safetyscanners2_interfaces/msg/detail/data_header__type_support.cpp\n'}
[14.399193] (sick_safetyscanners2_interfaces) StdoutLine: {'line': b'-- Installing: /home/nrc/Manual_Control_F3/install/sick_safetyscanners2_interfaces/include/sick_safetyscanners2_interfaces/sick_safetyscanners2_interfaces/msg/detail/monitoring_case__type_support.cpp\n'}
[14.399243] (sick_safetyscanners2_interfaces) StdoutLine: {'line': b'-- Installing: /home/nrc/Manual_Control_F3/install/sick_safetyscanners2_interfaces/include/sick_safetyscanners2_interfaces/sick_safetyscanners2_interfaces/msg/detail/application_inputs__rosidl_typesupport_introspection_cpp.hpp\n'}
[14.399299] (sick_safetyscanners2_interfaces) StdoutLine: {'line': b'-- Installing: /home/nrc/Manual_Control_F3/install/sick_safetyscanners2_interfaces/include/sick_safetyscanners2_interfaces/sick_safetyscanners2_interfaces/msg/detail/general_system_state__rosidl_typesupport_introspection_cpp.hpp\n'}
[14.399357] (sick_safetyscanners2_interfaces) StdoutLine: {'line': b'-- Installing: /home/nrc/Manual_Control_F3/install/sick_safetyscanners2_interfaces/include/sick_safetyscanners2_interfaces/sick_safetyscanners2_interfaces/msg/detail/field__rosidl_typesupport_introspection_cpp.hpp\n'}
[14.399415] (sick_safetyscanners2_interfaces) StdoutLine: {'line': b'-- Installing: /home/nrc/Manual_Control_F3/install/sick_safetyscanners2_interfaces/include/sick_safetyscanners2_interfaces/sick_safetyscanners2_interfaces/msg/detail/output_paths__type_support.cpp\n'}
[14.399472] (sick_safetyscanners2_interfaces) StdoutLine: {'line': b'-- Installing: /home/nrc/Manual_Control_F3/install/sick_safetyscanners2_interfaces/include/sick_safetyscanners2_interfaces/sick_safetyscanners2_interfaces/msg/detail/application_data__rosidl_typesupport_introspection_cpp.hpp\n'}
[14.399528] (sick_safetyscanners2_interfaces) StdoutLine: {'line': b'-- Installing: /home/nrc/Manual_Control_F3/install/sick_safetyscanners2_interfaces/include/sick_safetyscanners2_interfaces/sick_safetyscanners2_interfaces/msg/detail/intrusion_datum__type_support.cpp\n'}
[14.400117] (sick_safetyscanners2_interfaces) StdoutLine: {'line': b'-- Installing: /home/nrc/Manual_Control_F3/install/sick_safetyscanners2_interfaces/include/sick_safetyscanners2_interfaces/sick_safetyscanners2_interfaces/msg/detail/raw_micro_scan_data__rosidl_typesupport_introspection_cpp.hpp\n'}
[14.400193] (sick_safetyscanners2_interfaces) StdoutLine: {'line': b'-- Installing: /home/nrc/Manual_Control_F3/install/sick_safetyscanners2_interfaces/include/sick_safetyscanners2_interfaces/sick_safetyscanners2_interfaces/msg/detail/derived_values__rosidl_typesupport_introspection_cpp.hpp\n'}
[14.400239] (sick_safetyscanners2_interfaces) StdoutLine: {'line': b'-- Installing: /home/nrc/Manual_Control_F3/install/sick_safetyscanners2_interfaces/include/sick_safetyscanners2_interfaces/sick_safetyscanners2_interfaces/msg/detail/field__type_support.cpp\n'}
[14.400285] (sick_safetyscanners2_interfaces) StdoutLine: {'line': b'-- Installing: /home/nrc/Manual_Control_F3/install/sick_safetyscanners2_interfaces/include/sick_safetyscanners2_interfaces/sick_safetyscanners2_interfaces/msg/detail/intrusion_data__type_support.cpp\n'}
[14.400329] (sick_safetyscanners2_interfaces) StdoutLine: {'line': b'-- Installing: /home/nrc/Manual_Control_F3/install/sick_safetyscanners2_interfaces/include/sick_safetyscanners2_interfaces/sick_safetyscanners2_interfaces/msg/detail/application_outputs__type_support.cpp\n'}
[14.400372] (sick_safetyscanners2_interfaces) StdoutLine: {'line': b'-- Up-to-date: /home/nrc/Manual_Control_F3/install/sick_safetyscanners2_interfaces/include/sick_safetyscanners2_interfaces/sick_safetyscanners2_interfaces/srv\n'}
[14.400415] (sick_safetyscanners2_interfaces) StdoutLine: {'line': b'-- Up-to-date: /home/nrc/Manual_Control_F3/install/sick_safetyscanners2_interfaces/include/sick_safetyscanners2_interfaces/sick_safetyscanners2_interfaces/srv/detail\n'}
[14.400459] (sick_safetyscanners2_interfaces) StdoutLine: {'line': b'-- Installing: /home/nrc/Manual_Control_F3/install/sick_safetyscanners2_interfaces/include/sick_safetyscanners2_interfaces/sick_safetyscanners2_interfaces/srv/detail/field_data__type_support.cpp\n'}
[14.400516] (sick_safetyscanners2_interfaces) StdoutLine: {'line': b'-- Installing: /home/nrc/Manual_Control_F3/install/sick_safetyscanners2_interfaces/include/sick_safetyscanners2_interfaces/sick_safetyscanners2_interfaces/srv/detail/status_overview__rosidl_typesupport_introspection_cpp.hpp\n'}
[14.400549] (sick_safetyscanners2_interfaces) StdoutLine: {'line': b'-- Installing: /home/nrc/Manual_Control_F3/install/sick_safetyscanners2_interfaces/include/sick_safetyscanners2_interfaces/sick_safetyscanners2_interfaces/srv/detail/field_data__rosidl_typesupport_introspection_cpp.hpp\n'}
[14.400582] (sick_safetyscanners2_interfaces) StdoutLine: {'line': b'-- Installing: /home/nrc/Manual_Control_F3/install/sick_safetyscanners2_interfaces/include/sick_safetyscanners2_interfaces/sick_safetyscanners2_interfaces/srv/detail/status_overview__type_support.cpp\n'}
[14.400625] (sick_safetyscanners2_interfaces) StdoutLine: {'line': b'-- Installing: /home/nrc/Manual_Control_F3/install/sick_safetyscanners2_interfaces/lib/libsick_safetyscanners2_interfaces__rosidl_typesupport_introspection_cpp.so\n'}
[14.400792] (sick_safetyscanners2_interfaces) StdoutLine: {'line': b'-- Set runtime path of "/home/nrc/Manual_Control_F3/install/sick_safetyscanners2_interfaces/lib/libsick_safetyscanners2_interfaces__rosidl_typesupport_introspection_cpp.so" to ""\n'}
[14.400845] (sick_safetyscanners2_interfaces) StdoutLine: {'line': b'-- Installing: /home/nrc/Manual_Control_F3/install/sick_safetyscanners2_interfaces/lib/libsick_safetyscanners2_interfaces__rosidl_typesupport_cpp.so\n'}
[14.401140] (sick_safetyscanners2_interfaces) StdoutLine: {'line': b'-- Set runtime path of "/home/nrc/Manual_Control_F3/install/sick_safetyscanners2_interfaces/lib/libsick_safetyscanners2_interfaces__rosidl_typesupport_cpp.so" to ""\n'}
[14.401206] (sick_safetyscanners2_interfaces) StdoutLine: {'line': b'-- Installing: /home/nrc/Manual_Control_F3/install/sick_safetyscanners2_interfaces/share/sick_safetyscanners2_interfaces/environment/pythonpath.sh\n'}
[14.401258] (sick_safetyscanners2_interfaces) StdoutLine: {'line': b'-- Installing: /home/nrc/Manual_Control_F3/install/sick_safetyscanners2_interfaces/share/sick_safetyscanners2_interfaces/environment/pythonpath.dsv\n'}
[14.401332] (sick_safetyscanners2_interfaces) StdoutLine: {'line': b'-- Installing: /home/nrc/Manual_Control_F3/install/sick_safetyscanners2_interfaces/local/lib/python3.10/dist-packages/sick_safetyscanners2_interfaces-1.0.0-py3.10.egg-info\n'}
[14.401445] (sick_safetyscanners2_interfaces) StdoutLine: {'line': b'-- Installing: /home/nrc/Manual_Control_F3/install/sick_safetyscanners2_interfaces/local/lib/python3.10/dist-packages/sick_safetyscanners2_interfaces-1.0.0-py3.10.egg-info/SOURCES.txt\n'}
[14.401507] (sick_safetyscanners2_interfaces) StdoutLine: {'line': b'-- Installing: /home/nrc/Manual_Control_F3/install/sick_safetyscanners2_interfaces/local/lib/python3.10/dist-packages/sick_safetyscanners2_interfaces-1.0.0-py3.10.egg-info/dependency_links.txt\n'}
[14.401591] (sick_safetyscanners2_interfaces) StdoutLine: {'line': b'-- Installing: /home/nrc/Manual_Control_F3/install/sick_safetyscanners2_interfaces/local/lib/python3.10/dist-packages/sick_safetyscanners2_interfaces-1.0.0-py3.10.egg-info/top_level.txt\n'}
[14.401660] (sick_safetyscanners2_interfaces) StdoutLine: {'line': b'-- Installing: /home/nrc/Manual_Control_F3/install/sick_safetyscanners2_interfaces/local/lib/python3.10/dist-packages/sick_safetyscanners2_interfaces-1.0.0-py3.10.egg-info/PKG-INFO\n'}
[14.401730] (sick_safetyscanners2_interfaces) StdoutLine: {'line': b'-- Installing: /home/nrc/Manual_Control_F3/install/sick_safetyscanners2_interfaces/local/lib/python3.10/dist-packages/sick_safetyscanners2_interfaces\n'}
[14.401801] (sick_safetyscanners2_interfaces) StdoutLine: {'line': b'-- Installing: /home/nrc/Manual_Control_F3/install/sick_safetyscanners2_interfaces/local/lib/python3.10/dist-packages/sick_safetyscanners2_interfaces/__init__.py\n'}
[14.401863] (sick_safetyscanners2_interfaces) StdoutLine: {'line': b'-- Installing: /home/nrc/Manual_Control_F3/install/sick_safetyscanners2_interfaces/local/lib/python3.10/dist-packages/sick_safetyscanners2_interfaces/sick_safetyscanners2_interfaces_s__rosidl_typesupport_fastrtps_c.cpython-310-x86_64-linux-gnu.so\n'}
[14.401944] (sick_safetyscanners2_interfaces) StdoutLine: {'line': b'-- Installing: /home/nrc/Manual_Control_F3/install/sick_safetyscanners2_interfaces/local/lib/python3.10/dist-packages/sick_safetyscanners2_interfaces/_sick_safetyscanners2_interfaces_s.ep.rosidl_typesupport_fastrtps_c.c\n'}
[14.402041] (sick_safetyscanners2_interfaces) StdoutLine: {'line': b'-- Installing: /home/nrc/Manual_Control_F3/install/sick_safetyscanners2_interfaces/local/lib/python3.10/dist-packages/sick_safetyscanners2_interfaces/libsick_safetyscanners2_interfaces__rosidl_generator_py.so\n'}
[14.402174] (sick_safetyscanners2_interfaces) StdoutLine: {'line': b'-- Installing: /home/nrc/Manual_Control_F3/install/sick_safetyscanners2_interfaces/local/lib/python3.10/dist-packages/sick_safetyscanners2_interfaces/sick_safetyscanners2_interfaces_s__rosidl_typesupport_c.cpython-310-x86_64-linux-gnu.so\n'}
[14.402263] (sick_safetyscanners2_interfaces) StdoutLine: {'line': b'-- Installing: /home/nrc/Manual_Control_F3/install/sick_safetyscanners2_interfaces/local/lib/python3.10/dist-packages/sick_safetyscanners2_interfaces/msg\n'}
[14.402319] (sick_safetyscanners2_interfaces) StdoutLine: {'line': b'-- Installing: /home/nrc/Manual_Control_F3/install/sick_safetyscanners2_interfaces/local/lib/python3.10/dist-packages/sick_safetyscanners2_interfaces/msg/_application_data_s.c\n'}
[14.402375] (sick_safetyscanners2_interfaces) StdoutLine: {'line': b'-- Installing: /home/nrc/Manual_Control_F3/install/sick_safetyscanners2_interfaces/local/lib/python3.10/dist-packages/sick_safetyscanners2_interfaces/msg/_application_inputs.py\n'}
[14.402453] (sick_safetyscanners2_interfaces) StdoutLine: {'line': b'-- Installing: /home/nrc/Manual_Control_F3/install/sick_safetyscanners2_interfaces/local/lib/python3.10/dist-packages/sick_safetyscanners2_interfaces/msg/_derived_values_s.c\n'}
[14.402531] (sick_safetyscanners2_interfaces) StdoutLine: {'line': b'-- Installing: /home/nrc/Manual_Control_F3/install/sick_safetyscanners2_interfaces/local/lib/python3.10/dist-packages/sick_safetyscanners2_interfaces/msg/_measurement_data.py\n'}
[14.402602] (sick_safetyscanners2_interfaces) StdoutLine: {'line': b'-- Installing: /home/nrc/Manual_Control_F3/install/sick_safetyscanners2_interfaces/local/lib/python3.10/dist-packages/sick_safetyscanners2_interfaces/msg/_intrusion_data_s.c\n'}
[14.402684] (sick_safetyscanners2_interfaces) StdoutLine: {'line': b'-- Installing: /home/nrc/Manual_Control_F3/install/sick_safetyscanners2_interfaces/local/lib/python3.10/dist-packages/sick_safetyscanners2_interfaces/msg/_application_inputs_s.c\n'}
[14.402750] (sick_safetyscanners2_interfaces) StdoutLine: {'line': b'-- Installing: /home/nrc/Manual_Control_F3/install/sick_safetyscanners2_interfaces/local/lib/python3.10/dist-packages/sick_safetyscanners2_interfaces/msg/_derived_values.py\n'}
[14.402804] (sick_safetyscanners2_interfaces) StdoutLine: {'line': b'-- Installing: /home/nrc/Manual_Control_F3/install/sick_safetyscanners2_interfaces/local/lib/python3.10/dist-packages/sick_safetyscanners2_interfaces/msg/_extended_laser_scan_s.c\n'}
[14.402858] (sick_safetyscanners2_interfaces) StdoutLine: {'line': b'-- Installing: /home/nrc/Manual_Control_F3/install/sick_safetyscanners2_interfaces/local/lib/python3.10/dist-packages/sick_safetyscanners2_interfaces/msg/_output_paths.py\n'}
[14.402912] (sick_safetyscanners2_interfaces) StdoutLine: {'line': b'-- Installing: /home/nrc/Manual_Control_F3/install/sick_safetyscanners2_interfaces/local/lib/python3.10/dist-packages/sick_safetyscanners2_interfaces/msg/_field.py\n'}
[14.402985] (sick_safetyscanners2_interfaces) StdoutLine: {'line': b'-- Installing: /home/nrc/Manual_Control_F3/install/sick_safetyscanners2_interfaces/local/lib/python3.10/dist-packages/sick_safetyscanners2_interfaces/msg/_scan_point_s.c\n'}
[14.403023] (sick_safetyscanners2_interfaces) StdoutLine: {'line': b'-- Installing: /home/nrc/Manual_Control_F3/install/sick_safetyscanners2_interfaces/local/lib/python3.10/dist-packages/sick_safetyscanners2_interfaces/msg/__init__.py\n'}
[14.403069] (sick_safetyscanners2_interfaces) StdoutLine: {'line': b'-- Installing: /home/nrc/Manual_Control_F3/install/sick_safetyscanners2_interfaces/local/lib/python3.10/dist-packages/sick_safetyscanners2_interfaces/msg/_general_system_state_s.c\n'}
[14.403117] (sick_safetyscanners2_interfaces) StdoutLine: {'line': b'-- Installing: /home/nrc/Manual_Control_F3/install/sick_safetyscanners2_interfaces/local/lib/python3.10/dist-packages/sick_safetyscanners2_interfaces/msg/_application_outputs.py\n'}
[14.403149] (sick_safetyscanners2_interfaces) StdoutLine: {'line': b'-- Installing: /home/nrc/Manual_Control_F3/install/sick_safetyscanners2_interfaces/local/lib/python3.10/dist-packages/sick_safetyscanners2_interfaces/msg/_raw_micro_scan_data.py\n'}
[14.403205] (sick_safetyscanners2_interfaces) StdoutLine: {'line': b'-- Installing: /home/nrc/Manual_Control_F3/install/sick_safetyscanners2_interfaces/local/lib/python3.10/dist-packages/sick_safetyscanners2_interfaces/msg/_extended_laser_scan.py\n'}
[14.403284] (sick_safetyscanners2_interfaces) StdoutLine: {'line': b'-- Installing: /home/nrc/Manual_Control_F3/install/sick_safetyscanners2_interfaces/local/lib/python3.10/dist-packages/sick_safetyscanners2_interfaces/msg/_monitoring_case.py\n'}
[14.403360] (sick_safetyscanners2_interfaces) StdoutLine: {'line': b'-- Installing: /home/nrc/Manual_Control_F3/install/sick_safetyscanners2_interfaces/local/lib/python3.10/dist-packages/sick_safetyscanners2_interfaces/msg/_measurement_data_s.c\n'}
[14.403410] (sick_safetyscanners2_interfaces) StdoutLine: {'line': b'-- Installing: /home/nrc/Manual_Control_F3/install/sick_safetyscanners2_interfaces/local/lib/python3.10/dist-packages/sick_safetyscanners2_interfaces/msg/_application_outputs_s.c\n'}
[14.403486] (sick_safetyscanners2_interfaces) StdoutLine: {'line': b'-- Installing: /home/nrc/Manual_Control_F3/install/sick_safetyscanners2_interfaces/local/lib/python3.10/dist-packages/sick_safetyscanners2_interfaces/msg/_output_paths_s.c\n'}
[14.403551] (sick_safetyscanners2_interfaces) StdoutLine: {'line': b'-- Installing: /home/nrc/Manual_Control_F3/install/sick_safetyscanners2_interfaces/local/lib/python3.10/dist-packages/sick_safetyscanners2_interfaces/msg/_scan_point.py\n'}
[14.403588] (sick_safetyscanners2_interfaces) StdoutLine: {'line': b'-- Installing: /home/nrc/Manual_Control_F3/install/sick_safetyscanners2_interfaces/local/lib/python3.10/dist-packages/sick_safetyscanners2_interfaces/msg/_general_system_state.py\n'}
[14.403651] (sick_safetyscanners2_interfaces) StdoutLine: {'line': b'-- Installing: /home/nrc/Manual_Control_F3/install/sick_safetyscanners2_interfaces/local/lib/python3.10/dist-packages/sick_safetyscanners2_interfaces/msg/_field_s.c\n'}
[14.403712] (sick_safetyscanners2_interfaces) StdoutLine: {'line': b'-- Installing: /home/nrc/Manual_Control_F3/install/sick_safetyscanners2_interfaces/local/lib/python3.10/dist-packages/sick_safetyscanners2_interfaces/msg/_raw_micro_scan_data_s.c\n'}
[14.403764] (sick_safetyscanners2_interfaces) StdoutLine: {'line': b'-- Installing: /home/nrc/Manual_Control_F3/install/sick_safetyscanners2_interfaces/local/lib/python3.10/dist-packages/sick_safetyscanners2_interfaces/msg/_data_header_s.c\n'}
[14.403816] (sick_safetyscanners2_interfaces) StdoutLine: {'line': b'-- Installing: /home/nrc/Manual_Control_F3/install/sick_safetyscanners2_interfaces/local/lib/python3.10/dist-packages/sick_safetyscanners2_interfaces/msg/_application_data.py\n'}
[14.403875] (sick_safetyscanners2_interfaces) StdoutLine: {'line': b'-- Installing: /home/nrc/Manual_Control_F3/install/sick_safetyscanners2_interfaces/local/lib/python3.10/dist-packages/sick_safetyscanners2_interfaces/msg/_intrusion_datum.py\n'}
[14.403928] (sick_safetyscanners2_interfaces) StdoutLine: {'line': b'-- Installing: /home/nrc/Manual_Control_F3/install/sick_safetyscanners2_interfaces/local/lib/python3.10/dist-packages/sick_safetyscanners2_interfaces/msg/_monitoring_case_s.c\n'}
[14.404003] (sick_safetyscanners2_interfaces) StdoutLine: {'line': b'-- Installing: /home/nrc/Manual_Control_F3/install/sick_safetyscanners2_interfaces/local/lib/python3.10/dist-packages/sick_safetyscanners2_interfaces/msg/_intrusion_datum_s.c\n'}
[14.404060] (sick_safetyscanners2_interfaces) StdoutLine: {'line': b'-- Installing: /home/nrc/Manual_Control_F3/install/sick_safetyscanners2_interfaces/local/lib/python3.10/dist-packages/sick_safetyscanners2_interfaces/msg/_intrusion_data.py\n'}
[14.404121] (sick_safetyscanners2_interfaces) StdoutLine: {'line': b'-- Installing: /home/nrc/Manual_Control_F3/install/sick_safetyscanners2_interfaces/local/lib/python3.10/dist-packages/sick_safetyscanners2_interfaces/msg/_data_header.py\n'}
[14.404182] (sick_safetyscanners2_interfaces) StdoutLine: {'line': b'-- Installing: /home/nrc/Manual_Control_F3/install/sick_safetyscanners2_interfaces/local/lib/python3.10/dist-packages/sick_safetyscanners2_interfaces/srv\n'}
[14.404240] (sick_safetyscanners2_interfaces) StdoutLine: {'line': b'-- Installing: /home/nrc/Manual_Control_F3/install/sick_safetyscanners2_interfaces/local/lib/python3.10/dist-packages/sick_safetyscanners2_interfaces/srv/__init__.py\n'}
[14.404301] (sick_safetyscanners2_interfaces) StdoutLine: {'line': b'-- Installing: /home/nrc/Manual_Control_F3/install/sick_safetyscanners2_interfaces/local/lib/python3.10/dist-packages/sick_safetyscanners2_interfaces/srv/_status_overview.py\n'}
[14.404363] (sick_safetyscanners2_interfaces) StdoutLine: {'line': b'-- Installing: /home/nrc/Manual_Control_F3/install/sick_safetyscanners2_interfaces/local/lib/python3.10/dist-packages/sick_safetyscanners2_interfaces/srv/_field_data.py\n'}
[14.404437] (sick_safetyscanners2_interfaces) StdoutLine: {'line': b'-- Installing: /home/nrc/Manual_Control_F3/install/sick_safetyscanners2_interfaces/local/lib/python3.10/dist-packages/sick_safetyscanners2_interfaces/srv/_field_data_s.c\n'}
[14.404512] (sick_safetyscanners2_interfaces) StdoutLine: {'line': b'-- Installing: /home/nrc/Manual_Control_F3/install/sick_safetyscanners2_interfaces/local/lib/python3.10/dist-packages/sick_safetyscanners2_interfaces/srv/_status_overview_s.c\n'}
[14.404580] (sick_safetyscanners2_interfaces) StdoutLine: {'line': b'-- Installing: /home/nrc/Manual_Control_F3/install/sick_safetyscanners2_interfaces/local/lib/python3.10/dist-packages/sick_safetyscanners2_interfaces/sick_safetyscanners2_interfaces_s__rosidl_typesupport_introspection_c.cpython-310-x86_64-linux-gnu.so\n'}
[14.404641] (sick_safetyscanners2_interfaces) StdoutLine: {'line': b'-- Installing: /home/nrc/Manual_Control_F3/install/sick_safetyscanners2_interfaces/local/lib/python3.10/dist-packages/sick_safetyscanners2_interfaces/_sick_safetyscanners2_interfaces_s.ep.rosidl_typesupport_introspection_c.c\n'}
[14.404744] (sick_safetyscanners2_interfaces) StdoutLine: {'line': b'-- Installing: /home/nrc/Manual_Control_F3/install/sick_safetyscanners2_interfaces/local/lib/python3.10/dist-packages/sick_safetyscanners2_interfaces/_sick_safetyscanners2_interfaces_s.ep.rosidl_typesupport_c.c\n'}
[14.414110] (-) TimerEvent: {}
[14.455229] (sick_safetyscanners2_interfaces) StdoutLine: {'line': b"Listing '/home/nrc/Manual_Control_F3/install/sick_safetyscanners2_interfaces/local/lib/python3.10/dist-packages/sick_safetyscanners2_interfaces'...\n"}
[14.455406] (sick_safetyscanners2_interfaces) StdoutLine: {'line': b"Compiling '/home/nrc/Manual_Control_F3/install/sick_safetyscanners2_interfaces/local/lib/python3.10/dist-packages/sick_safetyscanners2_interfaces/__init__.py'...\n"}
[14.455452] (sick_safetyscanners2_interfaces) StdoutLine: {'line': b"Listing '/home/nrc/Manual_Control_F3/install/sick_safetyscanners2_interfaces/local/lib/python3.10/dist-packages/sick_safetyscanners2_interfaces/msg'...\n"}
[14.455488] (sick_safetyscanners2_interfaces) StdoutLine: {'line': b"Compiling '/home/nrc/Manual_Control_F3/install/sick_safetyscanners2_interfaces/local/lib/python3.10/dist-packages/sick_safetyscanners2_interfaces/msg/__init__.py'...\n"}
[14.455528] (sick_safetyscanners2_interfaces) StdoutLine: {'line': b"Compiling '/home/nrc/Manual_Control_F3/install/sick_safetyscanners2_interfaces/local/lib/python3.10/dist-packages/sick_safetyscanners2_interfaces/msg/_application_data.py'...\n"}
[14.455561] (sick_safetyscanners2_interfaces) StdoutLine: {'line': b"Compiling '/home/nrc/Manual_Control_F3/install/sick_safetyscanners2_interfaces/local/lib/python3.10/dist-packages/sick_safetyscanners2_interfaces/msg/_application_inputs.py'...\n"}
[14.455594] (sick_safetyscanners2_interfaces) StdoutLine: {'line': b"Compiling '/home/nrc/Manual_Control_F3/install/sick_safetyscanners2_interfaces/local/lib/python3.10/dist-packages/sick_safetyscanners2_interfaces/msg/_application_outputs.py'...\n"}
[14.455626] (sick_safetyscanners2_interfaces) StdoutLine: {'line': b"Compiling '/home/nrc/Manual_Control_F3/install/sick_safetyscanners2_interfaces/local/lib/python3.10/dist-packages/sick_safetyscanners2_interfaces/msg/_data_header.py'...\n"}
[14.455659] (sick_safetyscanners2_interfaces) StdoutLine: {'line': b"Compiling '/home/nrc/Manual_Control_F3/install/sick_safetyscanners2_interfaces/local/lib/python3.10/dist-packages/sick_safetyscanners2_interfaces/msg/_derived_values.py'...\n"}
[14.455691] (sick_safetyscanners2_interfaces) StdoutLine: {'line': b"Compiling '/home/nrc/Manual_Control_F3/install/sick_safetyscanners2_interfaces/local/lib/python3.10/dist-packages/sick_safetyscanners2_interfaces/msg/_extended_laser_scan.py'...\n"}
[14.455723] (sick_safetyscanners2_interfaces) StdoutLine: {'line': b"Compiling '/home/nrc/Manual_Control_F3/install/sick_safetyscanners2_interfaces/local/lib/python3.10/dist-packages/sick_safetyscanners2_interfaces/msg/_field.py'...\n"}
[14.455755] (sick_safetyscanners2_interfaces) StdoutLine: {'line': b"Compiling '/home/nrc/Manual_Control_F3/install/sick_safetyscanners2_interfaces/local/lib/python3.10/dist-packages/sick_safetyscanners2_interfaces/msg/_general_system_state.py'...\n"}
[14.455791] (sick_safetyscanners2_interfaces) StdoutLine: {'line': b"Compiling '/home/nrc/Manual_Control_F3/install/sick_safetyscanners2_interfaces/local/lib/python3.10/dist-packages/sick_safetyscanners2_interfaces/msg/_intrusion_data.py'...\n"}
[14.455826] (sick_safetyscanners2_interfaces) StdoutLine: {'line': b"Compiling '/home/nrc/Manual_Control_F3/install/sick_safetyscanners2_interfaces/local/lib/python3.10/dist-packages/sick_safetyscanners2_interfaces/msg/_intrusion_datum.py'...\n"}
[14.455861] (sick_safetyscanners2_interfaces) StdoutLine: {'line': b"Compiling '/home/nrc/Manual_Control_F3/install/sick_safetyscanners2_interfaces/local/lib/python3.10/dist-packages/sick_safetyscanners2_interfaces/msg/_measurement_data.py'...\n"}
[14.455905] (sick_safetyscanners2_interfaces) StdoutLine: {'line': b"Compiling '/home/nrc/Manual_Control_F3/install/sick_safetyscanners2_interfaces/local/lib/python3.10/dist-packages/sick_safetyscanners2_interfaces/msg/_monitoring_case.py'...\n"}
[14.455940] (sick_safetyscanners2_interfaces) StdoutLine: {'line': b"Compiling '/home/nrc/Manual_Control_F3/install/sick_safetyscanners2_interfaces/local/lib/python3.10/dist-packages/sick_safetyscanners2_interfaces/msg/_output_paths.py'...\n"}
[14.455996] (sick_safetyscanners2_interfaces) StdoutLine: {'line': b"Compiling '/home/nrc/Manual_Control_F3/install/sick_safetyscanners2_interfaces/local/lib/python3.10/dist-packages/sick_safetyscanners2_interfaces/msg/_raw_micro_scan_data.py'...\n"}
[14.456043] (sick_safetyscanners2_interfaces) StdoutLine: {'line': b"Compiling '/home/nrc/Manual_Control_F3/install/sick_safetyscanners2_interfaces/local/lib/python3.10/dist-packages/sick_safetyscanners2_interfaces/msg/_scan_point.py'...\n"}
[14.456105] (sick_safetyscanners2_interfaces) StdoutLine: {'line': b"Listing '/home/nrc/Manual_Control_F3/install/sick_safetyscanners2_interfaces/local/lib/python3.10/dist-packages/sick_safetyscanners2_interfaces/srv'...\n"}
[14.456172] (sick_safetyscanners2_interfaces) StdoutLine: {'line': b"Compiling '/home/nrc/Manual_Control_F3/install/sick_safetyscanners2_interfaces/local/lib/python3.10/dist-packages/sick_safetyscanners2_interfaces/srv/__init__.py'...\n"}
[14.456240] (sick_safetyscanners2_interfaces) StdoutLine: {'line': b"Compiling '/home/nrc/Manual_Control_F3/install/sick_safetyscanners2_interfaces/local/lib/python3.10/dist-packages/sick_safetyscanners2_interfaces/srv/_field_data.py'...\n"}
[14.456281] (sick_safetyscanners2_interfaces) StdoutLine: {'line': b"Compiling '/home/nrc/Manual_Control_F3/install/sick_safetyscanners2_interfaces/local/lib/python3.10/dist-packages/sick_safetyscanners2_interfaces/srv/_status_overview.py'...\n"}
[14.459972] (sick_safetyscanners2_interfaces) StdoutLine: {'line': b'-- Installing: /home/nrc/Manual_Control_F3/install/sick_safetyscanners2_interfaces/local/lib/python3.10/dist-packages/sick_safetyscanners2_interfaces/sick_safetyscanners2_interfaces_s__rosidl_typesupport_fastrtps_c.cpython-310-x86_64-linux-gnu.so\n'}
[14.460195] (sick_safetyscanners2_interfaces) StdoutLine: {'line': b'-- Set runtime path of "/home/nrc/Manual_Control_F3/install/sick_safetyscanners2_interfaces/local/lib/python3.10/dist-packages/sick_safetyscanners2_interfaces/sick_safetyscanners2_interfaces_s__rosidl_typesupport_fastrtps_c.cpython-310-x86_64-linux-gnu.so" to ""\n'}
[14.460327] (sick_safetyscanners2_interfaces) StdoutLine: {'line': b'-- Installing: /home/nrc/Manual_Control_F3/install/sick_safetyscanners2_interfaces/local/lib/python3.10/dist-packages/sick_safetyscanners2_interfaces/sick_safetyscanners2_interfaces_s__rosidl_typesupport_introspection_c.cpython-310-x86_64-linux-gnu.so\n'}
[14.460537] (sick_safetyscanners2_interfaces) StdoutLine: {'line': b'-- Set runtime path of "/home/nrc/Manual_Control_F3/install/sick_safetyscanners2_interfaces/local/lib/python3.10/dist-packages/sick_safetyscanners2_interfaces/sick_safetyscanners2_interfaces_s__rosidl_typesupport_introspection_c.cpython-310-x86_64-linux-gnu.so" to ""\n'}
[14.460656] (sick_safetyscanners2_interfaces) StdoutLine: {'line': b'-- Installing: /home/nrc/Manual_Control_F3/install/sick_safetyscanners2_interfaces/local/lib/python3.10/dist-packages/sick_safetyscanners2_interfaces/sick_safetyscanners2_interfaces_s__rosidl_typesupport_c.cpython-310-x86_64-linux-gnu.so\n'}
[14.460916] (sick_safetyscanners2_interfaces) StdoutLine: {'line': b'-- Set runtime path of "/home/nrc/Manual_Control_F3/install/sick_safetyscanners2_interfaces/local/lib/python3.10/dist-packages/sick_safetyscanners2_interfaces/sick_safetyscanners2_interfaces_s__rosidl_typesupport_c.cpython-310-x86_64-linux-gnu.so" to ""\n'}
[14.460994] (sick_safetyscanners2_interfaces) StdoutLine: {'line': b'-- Installing: /home/nrc/Manual_Control_F3/install/sick_safetyscanners2_interfaces/lib/libsick_safetyscanners2_interfaces__rosidl_generator_py.so\n'}
[14.461257] (sick_safetyscanners2_interfaces) StdoutLine: {'line': b'-- Set runtime path of "/home/nrc/Manual_Control_F3/install/sick_safetyscanners2_interfaces/lib/libsick_safetyscanners2_interfaces__rosidl_generator_py.so" to ""\n'}
[14.461312] (sick_safetyscanners2_interfaces) StdoutLine: {'line': b'-- Installing: /home/nrc/Manual_Control_F3/install/sick_safetyscanners2_interfaces/share/sick_safetyscanners2_interfaces/msg/ApplicationData.idl\n'}
[14.461407] (sick_safetyscanners2_interfaces) StdoutLine: {'line': b'-- Installing: /home/nrc/Manual_Control_F3/install/sick_safetyscanners2_interfaces/share/sick_safetyscanners2_interfaces/msg/ApplicationInputs.idl\n'}
[14.461491] (sick_safetyscanners2_interfaces) StdoutLine: {'line': b'-- Installing: /home/nrc/Manual_Control_F3/install/sick_safetyscanners2_interfaces/share/sick_safetyscanners2_interfaces/msg/ApplicationOutputs.idl\n'}
[14.461553] (sick_safetyscanners2_interfaces) StdoutLine: {'line': b'-- Installing: /home/nrc/Manual_Control_F3/install/sick_safetyscanners2_interfaces/share/sick_safetyscanners2_interfaces/msg/DataHeader.idl\n'}
[14.461645] (sick_safetyscanners2_interfaces) StdoutLine: {'line': b'-- Installing: /home/nrc/Manual_Control_F3/install/sick_safetyscanners2_interfaces/share/sick_safetyscanners2_interfaces/msg/DerivedValues.idl\n'}
[14.461737] (sick_safetyscanners2_interfaces) StdoutLine: {'line': b'-- Installing: /home/nrc/Manual_Control_F3/install/sick_safetyscanners2_interfaces/share/sick_safetyscanners2_interfaces/msg/ExtendedLaserScan.idl\n'}
[14.461846] (sick_safetyscanners2_interfaces) StdoutLine: {'line': b'-- Installing: /home/nrc/Manual_Control_F3/install/sick_safetyscanners2_interfaces/share/sick_safetyscanners2_interfaces/msg/Field.idl\n'}
[14.461943] (sick_safetyscanners2_interfaces) StdoutLine: {'line': b'-- Installing: /home/nrc/Manual_Control_F3/install/sick_safetyscanners2_interfaces/share/sick_safetyscanners2_interfaces/msg/GeneralSystemState.idl\n'}
[14.462021] (sick_safetyscanners2_interfaces) StdoutLine: {'line': b'-- Installing: /home/nrc/Manual_Control_F3/install/sick_safetyscanners2_interfaces/share/sick_safetyscanners2_interfaces/msg/IntrusionData.idl\n'}
[14.462102] (sick_safetyscanners2_interfaces) StdoutLine: {'line': b'-- Installing: /home/nrc/Manual_Control_F3/install/sick_safetyscanners2_interfaces/share/sick_safetyscanners2_interfaces/msg/IntrusionDatum.idl\n'}
[14.462179] (sick_safetyscanners2_interfaces) StdoutLine: {'line': b'-- Installing: /home/nrc/Manual_Control_F3/install/sick_safetyscanners2_interfaces/share/sick_safetyscanners2_interfaces/msg/MeasurementData.idl\n'}
[14.462259] (sick_safetyscanners2_interfaces) StdoutLine: {'line': b'-- Installing: /home/nrc/Manual_Control_F3/install/sick_safetyscanners2_interfaces/share/sick_safetyscanners2_interfaces/msg/MonitoringCase.idl\n'}
[14.462347] (sick_safetyscanners2_interfaces) StdoutLine: {'line': b'-- Installing: /home/nrc/Manual_Control_F3/install/sick_safetyscanners2_interfaces/share/sick_safetyscanners2_interfaces/msg/OutputPaths.idl\n'}
[14.462425] (sick_safetyscanners2_interfaces) StdoutLine: {'line': b'-- Installing: /home/nrc/Manual_Control_F3/install/sick_safetyscanners2_interfaces/share/sick_safetyscanners2_interfaces/msg/RawMicroScanData.idl\n'}
[14.462515] (sick_safetyscanners2_interfaces) StdoutLine: {'line': b'-- Installing: /home/nrc/Manual_Control_F3/install/sick_safetyscanners2_interfaces/share/sick_safetyscanners2_interfaces/msg/ScanPoint.idl\n'}
[14.462626] (sick_safetyscanners2_interfaces) StdoutLine: {'line': b'-- Installing: /home/nrc/Manual_Control_F3/install/sick_safetyscanners2_interfaces/share/sick_safetyscanners2_interfaces/srv/FieldData.idl\n'}
[14.462723] (sick_safetyscanners2_interfaces) StdoutLine: {'line': b'-- Installing: /home/nrc/Manual_Control_F3/install/sick_safetyscanners2_interfaces/share/sick_safetyscanners2_interfaces/srv/StatusOverview.idl\n'}
[14.462808] (sick_safetyscanners2_interfaces) StdoutLine: {'line': b'-- Installing: /home/nrc/Manual_Control_F3/install/sick_safetyscanners2_interfaces/share/sick_safetyscanners2_interfaces/msg/ApplicationData.msg\n'}
[14.462884] (sick_safetyscanners2_interfaces) StdoutLine: {'line': b'-- Installing: /home/nrc/Manual_Control_F3/install/sick_safetyscanners2_interfaces/share/sick_safetyscanners2_interfaces/msg/ApplicationInputs.msg\n'}
[14.462960] (sick_safetyscanners2_interfaces) StdoutLine: {'line': b'-- Installing: /home/nrc/Manual_Control_F3/install/sick_safetyscanners2_interfaces/share/sick_safetyscanners2_interfaces/msg/ApplicationOutputs.msg\n'}
[14.463119] (sick_safetyscanners2_interfaces) StdoutLine: {'line': b'-- Installing: /home/nrc/Manual_Control_F3/install/sick_safetyscanners2_interfaces/share/sick_safetyscanners2_interfaces/msg/DataHeader.msg\n'}
[14.463217] (sick_safetyscanners2_interfaces) StdoutLine: {'line': b'-- Installing: /home/nrc/Manual_Control_F3/install/sick_safetyscanners2_interfaces/share/sick_safetyscanners2_interfaces/msg/DerivedValues.msg\n'}
[14.463326] (sick_safetyscanners2_interfaces) StdoutLine: {'line': b'-- Installing: /home/nrc/Manual_Control_F3/install/sick_safetyscanners2_interfaces/share/sick_safetyscanners2_interfaces/msg/ExtendedLaserScan.msg\n'}
[14.463463] (sick_safetyscanners2_interfaces) StdoutLine: {'line': b'-- Installing: /home/nrc/Manual_Control_F3/install/sick_safetyscanners2_interfaces/share/sick_safetyscanners2_interfaces/msg/Field.msg\n'}
[14.463595] (sick_safetyscanners2_interfaces) StdoutLine: {'line': b'-- Installing: /home/nrc/Manual_Control_F3/install/sick_safetyscanners2_interfaces/share/sick_safetyscanners2_interfaces/msg/GeneralSystemState.msg\n'}
[14.463708] (sick_safetyscanners2_interfaces) StdoutLine: {'line': b'-- Installing: /home/nrc/Manual_Control_F3/install/sick_safetyscanners2_interfaces/share/sick_safetyscanners2_interfaces/msg/IntrusionData.msg\n'}
[14.463807] (sick_safetyscanners2_interfaces) StdoutLine: {'line': b'-- Installing: /home/nrc/Manual_Control_F3/install/sick_safetyscanners2_interfaces/share/sick_safetyscanners2_interfaces/msg/IntrusionDatum.msg\n'}
[14.463881] (sick_safetyscanners2_interfaces) StdoutLine: {'line': b'-- Installing: /home/nrc/Manual_Control_F3/install/sick_safetyscanners2_interfaces/share/sick_safetyscanners2_interfaces/msg/MeasurementData.msg\n'}
[14.463962] (sick_safetyscanners2_interfaces) StdoutLine: {'line': b'-- Installing: /home/nrc/Manual_Control_F3/install/sick_safetyscanners2_interfaces/share/sick_safetyscanners2_interfaces/msg/MonitoringCase.msg\n'}
[14.464049] (sick_safetyscanners2_interfaces) StdoutLine: {'line': b'-- Installing: /home/nrc/Manual_Control_F3/install/sick_safetyscanners2_interfaces/share/sick_safetyscanners2_interfaces/msg/OutputPaths.msg\n'}
[14.464125] (sick_safetyscanners2_interfaces) StdoutLine: {'line': b'-- Installing: /home/nrc/Manual_Control_F3/install/sick_safetyscanners2_interfaces/share/sick_safetyscanners2_interfaces/msg/RawMicroScanData.msg\n'}
[14.464265] (sick_safetyscanners2_interfaces) StdoutLine: {'line': b'-- Installing: /home/nrc/Manual_Control_F3/install/sick_safetyscanners2_interfaces/share/sick_safetyscanners2_interfaces/msg/ScanPoint.msg\n'}
[14.464440] (sick_safetyscanners2_interfaces) StdoutLine: {'line': b'-- Installing: /home/nrc/Manual_Control_F3/install/sick_safetyscanners2_interfaces/share/sick_safetyscanners2_interfaces/srv/FieldData.srv\n'}
[14.464555] (sick_safetyscanners2_interfaces) StdoutLine: {'line': b'-- Installing: /home/nrc/Manual_Control_F3/install/sick_safetyscanners2_interfaces/share/sick_safetyscanners2_interfaces/srv/FieldData_Request.msg\n'}
[14.464661] (sick_safetyscanners2_interfaces) StdoutLine: {'line': b'-- Installing: /home/nrc/Manual_Control_F3/install/sick_safetyscanners2_interfaces/share/sick_safetyscanners2_interfaces/srv/FieldData_Response.msg\n'}
[14.464737] (sick_safetyscanners2_interfaces) StdoutLine: {'line': b'-- Installing: /home/nrc/Manual_Control_F3/install/sick_safetyscanners2_interfaces/share/sick_safetyscanners2_interfaces/srv/StatusOverview.srv\n'}
[14.464809] (sick_safetyscanners2_interfaces) StdoutLine: {'line': b'-- Installing: /home/nrc/Manual_Control_F3/install/sick_safetyscanners2_interfaces/share/sick_safetyscanners2_interfaces/srv/StatusOverview_Request.msg\n'}
[14.464885] (sick_safetyscanners2_interfaces) StdoutLine: {'line': b'-- Installing: /home/nrc/Manual_Control_F3/install/sick_safetyscanners2_interfaces/share/sick_safetyscanners2_interfaces/srv/StatusOverview_Response.msg\n'}
[14.465005] (sick_safetyscanners2_interfaces) StdoutLine: {'line': b'-- Installing: /home/nrc/Manual_Control_F3/install/sick_safetyscanners2_interfaces/share/ament_index/resource_index/package_run_dependencies/sick_safetyscanners2_interfaces\n'}
[14.465148] (sick_safetyscanners2_interfaces) StdoutLine: {'line': b'-- Installing: /home/nrc/Manual_Control_F3/install/sick_safetyscanners2_interfaces/share/ament_index/resource_index/parent_prefix_path/sick_safetyscanners2_interfaces\n'}
[14.465285] (sick_safetyscanners2_interfaces) StdoutLine: {'line': b'-- Installing: /home/nrc/Manual_Control_F3/install/sick_safetyscanners2_interfaces/share/sick_safetyscanners2_interfaces/environment/ament_prefix_path.sh\n'}
[14.465419] (sick_safetyscanners2_interfaces) StdoutLine: {'line': b'-- Installing: /home/nrc/Manual_Control_F3/install/sick_safetyscanners2_interfaces/share/sick_safetyscanners2_interfaces/environment/ament_prefix_path.dsv\n'}
[14.465529] (sick_safetyscanners2_interfaces) StdoutLine: {'line': b'-- Installing: /home/nrc/Manual_Control_F3/install/sick_safetyscanners2_interfaces/share/sick_safetyscanners2_interfaces/environment/path.sh\n'}
[14.465613] (sick_safetyscanners2_interfaces) StdoutLine: {'line': b'-- Installing: /home/nrc/Manual_Control_F3/install/sick_safetyscanners2_interfaces/share/sick_safetyscanners2_interfaces/environment/path.dsv\n'}
[14.465687] (sick_safetyscanners2_interfaces) StdoutLine: {'line': b'-- Installing: /home/nrc/Manual_Control_F3/install/sick_safetyscanners2_interfaces/share/sick_safetyscanners2_interfaces/local_setup.bash\n'}
[14.465770] (sick_safetyscanners2_interfaces) StdoutLine: {'line': b'-- Installing: /home/nrc/Manual_Control_F3/install/sick_safetyscanners2_interfaces/share/sick_safetyscanners2_interfaces/local_setup.sh\n'}
[14.465851] (sick_safetyscanners2_interfaces) StdoutLine: {'line': b'-- Installing: /home/nrc/Manual_Control_F3/install/sick_safetyscanners2_interfaces/share/sick_safetyscanners2_interfaces/local_setup.zsh\n'}
[14.465925] (sick_safetyscanners2_interfaces) StdoutLine: {'line': b'-- Installing: /home/nrc/Manual_Control_F3/install/sick_safetyscanners2_interfaces/share/sick_safetyscanners2_interfaces/local_setup.dsv\n'}
[14.466055] (sick_safetyscanners2_interfaces) StdoutLine: {'line': b'-- Installing: /home/nrc/Manual_Control_F3/install/sick_safetyscanners2_interfaces/share/sick_safetyscanners2_interfaces/package.dsv\n'}
[14.466250] (sick_safetyscanners2_interfaces) StdoutLine: {'line': b'-- Installing: /home/nrc/Manual_Control_F3/install/sick_safetyscanners2_interfaces/share/ament_index/resource_index/packages/sick_safetyscanners2_interfaces\n'}
[14.466427] (sick_safetyscanners2_interfaces) StdoutLine: {'line': b'-- Installing: /home/nrc/Manual_Control_F3/install/sick_safetyscanners2_interfaces/share/sick_safetyscanners2_interfaces/cmake/export_sick_safetyscanners2_interfaces__rosidl_generator_cExport.cmake\n'}
[14.466504] (sick_safetyscanners2_interfaces) StdoutLine: {'line': b'-- Installing: /home/nrc/Manual_Control_F3/install/sick_safetyscanners2_interfaces/share/sick_safetyscanners2_interfaces/cmake/export_sick_safetyscanners2_interfaces__rosidl_generator_cExport-noconfig.cmake\n'}
[14.466611] (sick_safetyscanners2_interfaces) StdoutLine: {'line': b'-- Installing: /home/nrc/Manual_Control_F3/install/sick_safetyscanners2_interfaces/share/sick_safetyscanners2_interfaces/cmake/export_sick_safetyscanners2_interfaces__rosidl_typesupport_fastrtps_cExport.cmake\n'}
[14.466698] (sick_safetyscanners2_interfaces) StdoutLine: {'line': b'-- Installing: /home/nrc/Manual_Control_F3/install/sick_safetyscanners2_interfaces/share/sick_safetyscanners2_interfaces/cmake/export_sick_safetyscanners2_interfaces__rosidl_typesupport_fastrtps_cExport-noconfig.cmake\n'}
[14.466790] (sick_safetyscanners2_interfaces) StdoutLine: {'line': b'-- Installing: /home/nrc/Manual_Control_F3/install/sick_safetyscanners2_interfaces/share/sick_safetyscanners2_interfaces/cmake/sick_safetyscanners2_interfaces__rosidl_typesupport_introspection_cExport.cmake\n'}
[14.466912] (sick_safetyscanners2_interfaces) StdoutLine: {'line': b'-- Installing: /home/nrc/Manual_Control_F3/install/sick_safetyscanners2_interfaces/share/sick_safetyscanners2_interfaces/cmake/sick_safetyscanners2_interfaces__rosidl_typesupport_introspection_cExport-noconfig.cmake\n'}
[14.467086] (sick_safetyscanners2_interfaces) StdoutLine: {'line': b'-- Installing: /home/nrc/Manual_Control_F3/install/sick_safetyscanners2_interfaces/share/sick_safetyscanners2_interfaces/cmake/sick_safetyscanners2_interfaces__rosidl_typesupport_cExport.cmake\n'}
[14.467226] (sick_safetyscanners2_interfaces) StdoutLine: {'line': b'-- Installing: /home/nrc/Manual_Control_F3/install/sick_safetyscanners2_interfaces/share/sick_safetyscanners2_interfaces/cmake/sick_safetyscanners2_interfaces__rosidl_typesupport_cExport-noconfig.cmake\n'}
[14.467348] (sick_safetyscanners2_interfaces) StdoutLine: {'line': b'-- Installing: /home/nrc/Manual_Control_F3/install/sick_safetyscanners2_interfaces/share/sick_safetyscanners2_interfaces/cmake/export_sick_safetyscanners2_interfaces__rosidl_generator_cppExport.cmake\n'}
[14.467434] (sick_safetyscanners2_interfaces) StdoutLine: {'line': b'-- Installing: /home/nrc/Manual_Control_F3/install/sick_safetyscanners2_interfaces/share/sick_safetyscanners2_interfaces/cmake/export_sick_safetyscanners2_interfaces__rosidl_typesupport_fastrtps_cppExport.cmake\n'}
[14.467519] (sick_safetyscanners2_interfaces) StdoutLine: {'line': b'-- Installing: /home/nrc/Manual_Control_F3/install/sick_safetyscanners2_interfaces/share/sick_safetyscanners2_interfaces/cmake/export_sick_safetyscanners2_interfaces__rosidl_typesupport_fastrtps_cppExport-noconfig.cmake\n'}
[14.467629] (sick_safetyscanners2_interfaces) StdoutLine: {'line': b'-- Installing: /home/nrc/Manual_Control_F3/install/sick_safetyscanners2_interfaces/share/sick_safetyscanners2_interfaces/cmake/sick_safetyscanners2_interfaces__rosidl_typesupport_introspection_cppExport.cmake\n'}
[14.467747] (sick_safetyscanners2_interfaces) StdoutLine: {'line': b'-- Installing: /home/nrc/Manual_Control_F3/install/sick_safetyscanners2_interfaces/share/sick_safetyscanners2_interfaces/cmake/sick_safetyscanners2_interfaces__rosidl_typesupport_introspection_cppExport-noconfig.cmake\n'}
[14.467878] (sick_safetyscanners2_interfaces) StdoutLine: {'line': b'-- Installing: /home/nrc/Manual_Control_F3/install/sick_safetyscanners2_interfaces/share/sick_safetyscanners2_interfaces/cmake/sick_safetyscanners2_interfaces__rosidl_typesupport_cppExport.cmake\n'}
[14.468040] (sick_safetyscanners2_interfaces) StdoutLine: {'line': b'-- Installing: /home/nrc/Manual_Control_F3/install/sick_safetyscanners2_interfaces/share/sick_safetyscanners2_interfaces/cmake/sick_safetyscanners2_interfaces__rosidl_typesupport_cppExport-noconfig.cmake\n'}
[14.468176] (sick_safetyscanners2_interfaces) StdoutLine: {'line': b'-- Installing: /home/nrc/Manual_Control_F3/install/sick_safetyscanners2_interfaces/share/sick_safetyscanners2_interfaces/cmake/export_sick_safetyscanners2_interfaces__rosidl_generator_pyExport.cmake\n'}
[14.468272] (sick_safetyscanners2_interfaces) StdoutLine: {'line': b'-- Installing: /home/nrc/Manual_Control_F3/install/sick_safetyscanners2_interfaces/share/sick_safetyscanners2_interfaces/cmake/export_sick_safetyscanners2_interfaces__rosidl_generator_pyExport-noconfig.cmake\n'}
[14.468350] (sick_safetyscanners2_interfaces) StdoutLine: {'line': b'-- Installing: /home/nrc/Manual_Control_F3/install/sick_safetyscanners2_interfaces/share/sick_safetyscanners2_interfaces/cmake/rosidl_cmake-extras.cmake\n'}
[14.468432] (sick_safetyscanners2_interfaces) StdoutLine: {'line': b'-- Installing: /home/nrc/Manual_Control_F3/install/sick_safetyscanners2_interfaces/share/sick_safetyscanners2_interfaces/cmake/ament_cmake_export_dependencies-extras.cmake\n'}
[14.468526] (sick_safetyscanners2_interfaces) StdoutLine: {'line': b'-- Installing: /home/nrc/Manual_Control_F3/install/sick_safetyscanners2_interfaces/share/sick_safetyscanners2_interfaces/cmake/ament_cmake_export_include_directories-extras.cmake\n'}
[14.468619] (sick_safetyscanners2_interfaces) StdoutLine: {'line': b'-- Installing: /home/nrc/Manual_Control_F3/install/sick_safetyscanners2_interfaces/share/sick_safetyscanners2_interfaces/cmake/ament_cmake_export_libraries-extras.cmake\n'}
[14.468772] (sick_safetyscanners2_interfaces) StdoutLine: {'line': b'-- Installing: /home/nrc/Manual_Control_F3/install/sick_safetyscanners2_interfaces/share/sick_safetyscanners2_interfaces/cmake/ament_cmake_export_targets-extras.cmake\n'}
[14.468899] (sick_safetyscanners2_interfaces) StdoutLine: {'line': b'-- Installing: /home/nrc/Manual_Control_F3/install/sick_safetyscanners2_interfaces/share/sick_safetyscanners2_interfaces/cmake/rosidl_cmake_export_typesupport_targets-extras.cmake\n'}
[14.469044] (sick_safetyscanners2_interfaces) StdoutLine: {'line': b'-- Installing: /home/nrc/Manual_Control_F3/install/sick_safetyscanners2_interfaces/share/sick_safetyscanners2_interfaces/cmake/rosidl_cmake_export_typesupport_libraries-extras.cmake\n'}
[14.469169] (sick_safetyscanners2_interfaces) StdoutLine: {'line': b'-- Installing: /home/nrc/Manual_Control_F3/install/sick_safetyscanners2_interfaces/share/sick_safetyscanners2_interfaces/cmake/sick_safetyscanners2_interfacesConfig.cmake\n'}
[14.469229] (sick_safetyscanners2_interfaces) StdoutLine: {'line': b'-- Installing: /home/nrc/Manual_Control_F3/install/sick_safetyscanners2_interfaces/share/sick_safetyscanners2_interfaces/cmake/sick_safetyscanners2_interfacesConfig-version.cmake\n'}
[14.469283] (sick_safetyscanners2_interfaces) StdoutLine: {'line': b'-- Installing: /home/nrc/Manual_Control_F3/install/sick_safetyscanners2_interfaces/share/sick_safetyscanners2_interfaces/package.xml\n'}
[14.471046] (sick_safetyscanners2_interfaces) CommandEnded: {'returncode': 0}
[14.481195] (sick_safetyscanners2_interfaces) JobEnded: {'identifier': 'sick_safetyscanners2_interfaces', 'rc': 0}
[14.481882] (sick_safetyscanners2) JobStarted: {'identifier': 'sick_safetyscanners2'}
[14.486716] (sick_safetyscanners2) JobProgress: {'identifier': 'sick_safetyscanners2', 'progress': 'cmake'}
[14.487061] (sick_safetyscanners2) Command: {'cmd': ['/usr/bin/cmake', '/home/nrc/Manual_Control_F3/src/sick_safetyscanners2', '-DCMAKE_INSTALL_PREFIX=/home/nrc/Manual_Control_F3/install/sick_safetyscanners2'], 'cwd': '/home/nrc/Manual_Control_F3/build/sick_safetyscanners2', 'env': OrderedDict([('GJS_DEBUG_TOPICS', 'JS ERROR;JS LOG'), ('PYTHON_BASIC_REPL', '1'), ('LESSOPEN', '| /usr/bin/lesspipe %s'), ('LANGUAGE', 'en_US:en'), ('USER', 'nrc'), ('LC_TIME', 'vi_VN'), ('XDG_SESSION_TYPE', 'x11'), ('GIT_ASKPASS', '/usr/share/code/resources/app/extensions/git/dist/askpass.sh'), ('SHLVL', '2'), ('LD_LIBRARY_PATH', '/home/nrc/Manual_Control_F3/install/sick_safetyscanners2_interfaces/lib:/opt/onnxruntime/lib:/opt/onnxruntime/lib:/opt/ros/humble/opt/rviz_ogre_vendor/lib:/opt/ros/humble/lib/x86_64-linux-gnu:/opt/ros/humble/lib:./build/interfaces:./build/interfaces'), ('HOME', '/home/nrc'), ('CHROME_DESKTOP', 'code.desktop'), ('TERM_PROGRAM_VERSION', '1.109.5'), ('DESKTOP_SESSION', 'ubuntu'), ('GIO_LAUNCHED_DESKTOP_FILE', '/usr/share/applications/code.desktop'), ('ROS_PYTHON_VERSION', '3'), ('GNOME_SHELL_SESSION_MODE', 'ubuntu'), ('GTK_MODULES', 'gail:atk-bridge'), ('GK_GL_PATH', '/tmp/gitkraken/gitlens/gitlens-ipc-server-9462-42441.json'), ('VSCODE_GIT_ASKPASS_MAIN', '/usr/share/code/resources/app/extensions/git/dist/askpass-main.js'), ('LC_MONETARY', 'vi_VN'), ('VSCODE_GIT_ASKPASS_NODE', '/usr/share/code/code'), ('MANAGERPID', '5181'), ('PYDEVD_DISABLE_FILE_VALIDATION', '1'), ('DBUS_STARTER_BUS_TYPE', 'session'), ('SYSTEMD_EXEC_PID', '5764'), ('BUNDLED_DEBUGPY_PATH', '/home/nrc/.vscode/extensions/ms-python.debugpy-2025.18.0-linux-x64/bundled/libs/debugpy'), ('VSCODE_PYTHON_AUTOACTIVATE_GUARD', '1'), ('DBUS_SESSION_BUS_ADDRESS', 'unix:path=/run/user/1000/bus,guid=4f74f271f20144af6969dbcc69c0a618'), ('COLORTERM', 'truecolor'), ('GIO_LAUNCHED_DESKTOP_FILE_PID', '9462'), ('ROS_DISTRO', 'humble'), ('GTK_IM_MODULE', 'ibus'), ('LOGNAME', 'nrc'), ('JOURNAL_STREAM', '8:25067'), ('_', '/usr/bin/colcon'), ('ROS_VERSION', '2'), ('XDG_SESSION_CLASS', 'user'), ('USERNAME', 'nrc'), ('TERM', 'xterm-256color'), ('GNOME_DESKTOP_SESSION_ID', 'this-is-deprecated'), ('FC_FONTATIONS', '1'), ('ROS_LOCALHOST_ONLY', '0'), ('WINDOWPATH', '2'), ('CODELLDB_LAUNCH_CONNECT_FILE', '/home/nrc/.config/Code/User/workspaceStorage/94e2e73c08445cc8a785f1c1de57d0fb/vadimcn.vscode-lldb/rpcaddress.txt'), ('PATH', '/home/nrc/.vscode/extensions/vadimcn.vscode-lldb-1.12.1/bin:/home/nrc/.config/Code/User/globalStorage/github.copilot-chat/debugCommand:/home/nrc/.config/Code/User/globalStorage/github.copilot-chat/copilotCli:/opt/ros/humble/bin:/home/nrc/.local/bin:/usr/local/sbin:/usr/local/bin:/usr/sbin:/usr/bin:/sbin:/bin:/usr/games:/usr/local/games:/snap/bin:/snap/bin:/home/nrc/.vscode/extensions/ms-python.debugpy-2025.18.0-linux-x64/bundled/scripts/noConfigScripts'), ('SESSION_MANAGER', 'local/nrc:@/tmp/.ICE-unix/5764,unix/nrc:/tmp/.ICE-unix/5764'), ('INVOCATION_ID', '945c8f5b5c164d2791a0ebdf97089c1f'), ('PAPERSIZE', 'a4'), ('XDG_MENU_PREFIX', 'gnome-'), ('LC_ADDRESS', 'vi_VN'), ('GNOME_TERMINAL_SCREEN', '/org/gnome/Terminal/screen/0600f616_f030_42e0_8e4f_3421a386255a'), ('XDG_RUNTIME_DIR', '/run/user/1000'), ('GDK_BACKEND', 'x11'), ('DISPLAY', ':1'), ('VSCODE_DEBUGPY_ADAPTER_ENDPOINTS', '/home/nrc/.vscode/extensions/ms-python.debugpy-2025.18.0-linux-x64/.noConfigDebugAdapterEndpoints/endpoint-fdd3cf9e82bdf614.txt'), ('LANG', 'en_US.UTF-8'), ('XDG_CURRENT_DESKTOP', 'ubuntu:GNOME'), ('PYTHONSTARTUP', '/home/nrc/.config/Code/User/workspaceStorage/94e2e73c08445cc8a785f1c1de57d0fb/ms-python.python/pythonrc.py'), ('LC_TELEPHONE', 'vi_VN'), ('XMODIFIERS', '@im=ibus'), ('XDG_SESSION_DESKTOP', 'ubuntu'), ('XAUTHORITY', '/run/user/1000/gdm/Xauthority'), ('LS_COLORS', 'rs=0:di=01;34:ln=01;36:mh=00:pi=40;33:so=01;35:do=01;35:bd=40;33;01:cd=40;33;01:or=40;31;01:mi=00:su=37;41:sg=30;43:ca=30;41:tw=30;42:ow=34;42:st=37;44:ex=01;32:*.tar=01;31:*.tgz=01;31:*.arc=01;31:*.arj=01;31:*.taz=01;31:*.lha=01;31:*.lz4=01;31:*.lzh=01;31:*.lzma=01;31:*.tlz=01;31:*.txz=01;31:*.tzo=01;31:*.t7z=01;31:*.zip=01;31:*.z=01;31:*.dz=01;31:*.gz=01;31:*.lrz=01;31:*.lz=01;31:*.lzo=01;31:*.xz=01;31:*.zst=01;31:*.tzst=01;31:*.bz2=01;31:*.bz=01;31:*.tbz=01;31:*.tbz2=01;31:*.tz=01;31:*.deb=01;31:*.rpm=01;31:*.jar=01;31:*.war=01;31:*.ear=01;31:*.sar=01;31:*.rar=01;31:*.alz=01;31:*.ace=01;31:*.zoo=01;31:*.cpio=01;31:*.7z=01;31:*.rz=01;31:*.cab=01;31:*.wim=01;31:*.swm=01;31:*.dwm=01;31:*.esd=01;31:*.jpg=01;35:*.jpeg=01;35:*.mjpg=01;35:*.mjpeg=01;35:*.gif=01;35:*.bmp=01;35:*.pbm=01;35:*.pgm=01;35:*.ppm=01;35:*.tga=01;35:*.xbm=01;35:*.xpm=01;35:*.tif=01;35:*.tiff=01;35:*.png=01;35:*.svg=01;35:*.svgz=01;35:*.mng=01;35:*.pcx=01;35:*.mov=01;35:*.mpg=01;35:*.mpeg=01;35:*.m2v=01;35:*.mkv=01;35:*.webm=01;35:*.webp=01;35:*.ogm=01;35:*.mp4=01;35:*.m4v=01;35:*.mp4v=01;35:*.vob=01;35:*.qt=01;35:*.nuv=01;35:*.wmv=01;35:*.asf=01;35:*.rm=01;35:*.rmvb=01;35:*.flc=01;35:*.avi=01;35:*.fli=01;35:*.flv=01;35:*.gl=01;35:*.dl=01;35:*.xcf=01;35:*.xwd=01;35:*.yuv=01;35:*.cgm=01;35:*.emf=01;35:*.ogv=01;35:*.ogx=01;35:*.aac=00;36:*.au=00;36:*.flac=00;36:*.m4a=00;36:*.mid=00;36:*.midi=00;36:*.mka=00;36:*.mp3=00;36:*.mpc=00;36:*.ogg=00;36:*.ra=00;36:*.wav=00;36:*.oga=00;36:*.opus=00;36:*.spx=00;36:*.xspf=00;36:'), ('VSCODE_GIT_IPC_HANDLE', '/run/user/1000/vscode-git-763ad22665.sock'), ('GNOME_TERMINAL_SERVICE', ':1.169'), ('TERM_PROGRAM', 'vscode'), ('SSH_AGENT_LAUNCHER', 'gnome-keyring'), ('SSH_AUTH_SOCK', '/run/user/1000/keyring/ssh'), ('ROS_DOMAIN_ID', '71'), ('AMENT_PREFIX_PATH', '/home/nrc/Manual_Control_F3/install/sick_safetyscanners2_interfaces:/opt/ros/humble'), ('SHELL', '/bin/bash'), ('LC_NAME', 'vi_VN'), ('QT_ACCESSIBILITY', '1'), ('NO_AT_BRIDGE', '1'), ('GDMSESSION', 'ubuntu'), ('LESSCLOSE', '/usr/bin/lesspipe %s %s'), ('GK_GL_ADDR', 'http://127.0.0.1:42441'), ('LC_MEASUREMENT', 'vi_VN'), ('GPG_AGENT_INFO', '/run/user/1000/gnupg/S.gpg-agent:0:1'), ('GJS_DEBUG_OUTPUT', 'stderr'), ('LC_IDENTIFICATION', 'vi_VN'), ('VSCODE_GIT_ASKPASS_EXTRA_ARGS', ''), ('QT_IM_MODULE', 'ibus'), ('PWD', '/home/nrc/Manual_Control_F3/build/sick_safetyscanners2'), ('LC_ALL', 'en_US.UTF-8'), ('XDG_CONFIG_DIRS', '/etc/xdg/xdg-ubuntu:/etc/xdg'), ('DBUS_STARTER_ADDRESS', 'unix:path=/run/user/1000/bus,guid=4f74f271f20144af6969dbcc69c0a618'), ('XDG_DATA_DIRS', '/usr/share/ubuntu:/usr/share/gnome:/usr/local/share/:/usr/share/:/var/lib/snapd/desktop'), ('PYTHONPATH', '/home/nrc/Manual_Control_F3/install/sick_safetyscanners2_interfaces/local/lib/python3.10/dist-packages:/opt/ros/humble/lib/python3.10/site-packages:/opt/ros/humble/local/lib/python3.10/dist-packages'), ('LC_NUMERIC', 'vi_VN'), ('LC_PAPER', 'vi_VN'), ('SGX_AESM_ADDR', '1'), ('COLCON', '1'), ('VTE_VERSION', '6800'), ('CMAKE_PREFIX_PATH', '/home/nrc/Manual_Control_F3/install/sick_safetyscanners2_interfaces:/opt/ros/humble')]), 'shell': False}
[14.514209] (-) TimerEvent: {}
[14.533292] (sick_safetyscanners2) StdoutLine: {'line': b'-- The C compiler identification is GNU 11.4.0\n'}
[14.575317] (sick_safetyscanners2) StdoutLine: {'line': b'-- The CXX compiler identification is GNU 11.4.0\n'}
[14.580229] (sick_safetyscanners2) StdoutLine: {'line': b'-- Detecting C compiler ABI info\n'}
[14.615261] (-) TimerEvent: {}
[14.666093] (sick_safetyscanners2) StdoutLine: {'line': b'-- Detecting C compiler ABI info - done\n'}
[14.671443] (sick_safetyscanners2) StdoutLine: {'line': b'-- Check for working C compiler: /usr/bin/cc - skipped\n'}
[14.671585] (sick_safetyscanners2) StdoutLine: {'line': b'-- Detecting C compile features\n'}
[14.671827] (sick_safetyscanners2) StdoutLine: {'line': b'-- Detecting C compile features - done\n'}
[14.674362] (sick_safetyscanners2) StdoutLine: {'line': b'-- Detecting CXX compiler ABI info\n'}
[14.715356] (-) TimerEvent: {}
[14.748201] (sick_safetyscanners2) StdoutLine: {'line': b'-- Detecting CXX compiler ABI info - done\n'}
[14.755322] (sick_safetyscanners2) StdoutLine: {'line': b'-- Check for working CXX compiler: /usr/bin/c++ - skipped\n'}
[14.755474] (sick_safetyscanners2) StdoutLine: {'line': b'-- Detecting CXX compile features\n'}
[14.757137] (sick_safetyscanners2) StdoutLine: {'line': b'-- Detecting CXX compile features - done\n'}
[14.758120] (sick_safetyscanners2) StdoutLine: {'line': b'-- Found ament_cmake: 1.3.13 (/opt/ros/humble/share/ament_cmake/cmake)\n'}
[14.815572] (-) TimerEvent: {}
[14.908730] (sick_safetyscanners2) StdoutLine: {'line': b'-- Found Python3: /usr/bin/python3 (found version "3.10.12") found components: Interpreter \n'}
[14.915666] (-) TimerEvent: {}
[15.016362] (-) TimerEvent: {}
[15.017059] (sick_safetyscanners2) StdoutLine: {'line': b'-- Found Boost: /usr/lib/x86_64-linux-gnu/cmake/Boost-1.74.0/BoostConfig.cmake (found version "1.74.0") found components: chrono \n'}
[15.019361] (sick_safetyscanners2) StdoutLine: {'line': b'-- Found diagnostic_updater: 4.0.6 (/opt/ros/humble/share/diagnostic_updater/cmake)\n'}
[15.059004] (sick_safetyscanners2) StdoutLine: {'line': b'-- Found rosidl_generator_c: 3.1.8 (/opt/ros/humble/share/rosidl_generator_c/cmake)\n'}
[15.071081] (sick_safetyscanners2) StdoutLine: {'line': b'-- Found rosidl_adapter: 3.1.8 (/opt/ros/humble/share/rosidl_adapter/cmake)\n'}
[15.094867] (sick_safetyscanners2) StdoutLine: {'line': b'-- Found rosidl_generator_cpp: 3.1.8 (/opt/ros/humble/share/rosidl_generator_cpp/cmake)\n'}
[15.110596] (sick_safetyscanners2) StdoutLine: {'line': b'-- Using all available rosidl_typesupport_c: rosidl_typesupport_fastrtps_c;rosidl_typesupport_introspection_c\n'}
[15.116471] (-) TimerEvent: {}
[15.126417] (sick_safetyscanners2) StdoutLine: {'line': b'-- Using all available rosidl_typesupport_cpp: rosidl_typesupport_fastrtps_cpp;rosidl_typesupport_introspection_cpp\n'}
[15.214519] (sick_safetyscanners2) StdoutLine: {'line': b'-- Found rmw_implementation_cmake: 6.1.2 (/opt/ros/humble/share/rmw_implementation_cmake/cmake)\n'}
[15.216543] (-) TimerEvent: {}
[15.216896] (sick_safetyscanners2) StdoutLine: {'line': b'-- Found rmw_fastrtps_cpp: 6.2.10 (/opt/ros/humble/share/rmw_fastrtps_cpp/cmake)\n'}
[15.298808] (sick_safetyscanners2) StdoutLine: {'line': b'-- Found OpenSSL: /usr/lib/x86_64-linux-gnu/libcrypto.so (found version "3.0.2")  \n'}
[15.316675] (-) TimerEvent: {}
[15.321026] (sick_safetyscanners2) StdoutLine: {'line': b'-- Found FastRTPS: /opt/ros/humble/include  \n'}
[15.361510] (sick_safetyscanners2) StdoutLine: {'line': b"-- Using RMW implementation 'rmw_fastrtps_cpp' as default\n"}
[15.368069] (sick_safetyscanners2) StdoutLine: {'line': b'-- Looking for pthread.h\n'}
[15.418931] (-) TimerEvent: {}
[15.462532] (sick_safetyscanners2) StdoutLine: {'line': b'-- Looking for pthread.h - found\n'}
[15.462792] (sick_safetyscanners2) StdoutLine: {'line': b'-- Performing Test CMAKE_HAVE_LIBC_PTHREAD\n'}
[15.519016] (-) TimerEvent: {}
[15.539068] (sick_safetyscanners2) StdoutLine: {'line': b'-- Performing Test CMAKE_HAVE_LIBC_PTHREAD - Success\n'}
[15.540692] (sick_safetyscanners2) StdoutLine: {'line': b'-- Found Threads: TRUE  \n'}
[15.584169] (sick_safetyscanners2) StdoutLine: {'line': b'-- Found rclcpp_components: 16.0.18 (/opt/ros/humble/share/rclcpp_components/cmake)\n'}
[15.612051] (sick_safetyscanners2) StdoutLine: {'line': b'-- Found rclcpp_lifecycle: 16.0.18 (/opt/ros/humble/share/rclcpp_lifecycle/cmake)\n'}
[15.620728] (-) TimerEvent: {}
[15.639252] (sick_safetyscanners2) StdoutLine: {'line': b'-- Found sensor_msgs: 4.9.1 (/opt/ros/humble/share/sensor_msgs/cmake)\n'}
[15.693647] (sick_safetyscanners2) StdoutLine: {'line': b'-- Found Boost: /usr/lib/x86_64-linux-gnu/cmake/Boost-1.74.0/BoostConfig.cmake (found version "1.74.0") found components: chrono system thread \n'}
[15.694018] (sick_safetyscanners2) StdoutLine: {'line': b'-- Found sick_safetyscanners2_interfaces: 1.0.0 (/home/nrc/Manual_Control_F3/install/sick_safetyscanners2_interfaces/share/sick_safetyscanners2_interfaces/cmake)\n'}
[15.716289] (sick_safetyscanners2) StdoutLine: {'line': b'-- Found ament_lint_auto: 0.12.15 (/opt/ros/humble/share/ament_lint_auto/cmake)\n'}
[15.720819] (-) TimerEvent: {}
[15.783047] (sick_safetyscanners2) StdoutLine: {'line': b'-- Found python_cmake_module: 0.10.0 (/opt/ros/humble/share/python_cmake_module/cmake)\n'}
[15.804796] (sick_safetyscanners2) StdoutLine: {'line': b'-- Found PythonInterp: /usr/bin/python3 (found suitable version "3.10.12", minimum required is "3.6") \n'}
[15.811178] (sick_safetyscanners2) StdoutLine: {'line': b'-- Found PythonLibs: /usr/lib/x86_64-linux-gnu/libpython3.10.so (found suitable version "3.10.12", minimum required is "3.5") \n'}
[15.811370] (sick_safetyscanners2) StdoutLine: {'line': b'-- Using PYTHON_EXECUTABLE: /usr/bin/python3\n'}
[15.811441] (sick_safetyscanners2) StdoutLine: {'line': b'-- Using PYTHON_INCLUDE_DIRS: /usr/include/python3.10\n'}
[15.811479] (sick_safetyscanners2) StdoutLine: {'line': b'-- Using PYTHON_LIBRARIES: /usr/lib/x86_64-linux-gnu/libpython3.10.so\n'}
[15.820908] (-) TimerEvent: {}
[15.830351] (sick_safetyscanners2) StdoutLine: {'line': b'-- Found PythonExtra: .so  \n'}
[15.853483] (sick_safetyscanners2) StdoutLine: {'line': b"-- Added test 'copyright' to check source files copyright and LICENSE\n"}
[15.856241] (sick_safetyscanners2) StdoutLine: {'line': b"-- Added test 'cppcheck' to perform static code analysis on C / C++ code\n"}
[15.856515] (sick_safetyscanners2) StdoutLine: {'line': b'-- Configured cppcheck include dirs: $<BUILD_INTERFACE:/home/nrc/Manual_Control_F3/src/sick_safetyscanners2/include>\n'}
[15.856617] (sick_safetyscanners2) StdoutLine: {'line': b'-- Configured cppcheck exclude dirs and/or files: \n'}
[15.859255] (sick_safetyscanners2) StdoutLine: {'line': b"-- Added test 'cpplint' to check C / C++ code against the Google style\n"}
[15.859351] (sick_safetyscanners2) StdoutLine: {'line': b'-- Configured cpplint exclude dirs and/or files: \n'}
[15.859854] (sick_safetyscanners2) StdoutLine: {'line': b"-- Added test 'flake8' to check Python code syntax and style conventions\n"}
[15.860764] (sick_safetyscanners2) StdoutLine: {'line': b"-- Added test 'lint_cmake' to check CMake code style\n"}
[15.861320] (sick_safetyscanners2) StdoutLine: {'line': b"-- Added test 'pep257' to check Python code against some of the docstring style conventions in PEP 257\n"}
[15.863886] (sick_safetyscanners2) StdoutLine: {'line': b"-- Added test 'uncrustify' to check C / C++ code style\n"}
[15.864006] (sick_safetyscanners2) StdoutLine: {'line': b'-- Configured uncrustify additional arguments: \n'}
[15.864639] (sick_safetyscanners2) StdoutLine: {'line': b"-- Added test 'xmllint' to check XML markup files\n"}
[15.868039] (sick_safetyscanners2) StdoutLine: {'line': b'-- Configuring done\n'}
[15.889968] (sick_safetyscanners2) StdoutLine: {'line': b'-- Generating done\n'}
[15.898613] (sick_safetyscanners2) StdoutLine: {'line': b'-- Build files have been written to: /home/nrc/Manual_Control_F3/build/sick_safetyscanners2\n'}
[15.908084] (sick_safetyscanners2) CommandEnded: {'returncode': 0}
[15.908553] (sick_safetyscanners2) JobProgress: {'identifier': 'sick_safetyscanners2', 'progress': 'build'}
[15.908755] (sick_safetyscanners2) Command: {'cmd': ['/usr/bin/cmake', '--build', '/home/nrc/Manual_Control_F3/build/sick_safetyscanners2', '--', '-j8', '-l8'], 'cwd': '/home/nrc/Manual_Control_F3/build/sick_safetyscanners2', 'env': OrderedDict([('GJS_DEBUG_TOPICS', 'JS ERROR;JS LOG'), ('PYTHON_BASIC_REPL', '1'), ('LESSOPEN', '| /usr/bin/lesspipe %s'), ('LANGUAGE', 'en_US:en'), ('USER', 'nrc'), ('LC_TIME', 'vi_VN'), ('XDG_SESSION_TYPE', 'x11'), ('GIT_ASKPASS', '/usr/share/code/resources/app/extensions/git/dist/askpass.sh'), ('SHLVL', '2'), ('LD_LIBRARY_PATH', '/home/nrc/Manual_Control_F3/install/sick_safetyscanners2_interfaces/lib:/opt/onnxruntime/lib:/opt/onnxruntime/lib:/opt/ros/humble/opt/rviz_ogre_vendor/lib:/opt/ros/humble/lib/x86_64-linux-gnu:/opt/ros/humble/lib:./build/interfaces:./build/interfaces'), ('HOME', '/home/nrc'), ('CHROME_DESKTOP', 'code.desktop'), ('TERM_PROGRAM_VERSION', '1.109.5'), ('DESKTOP_SESSION', 'ubuntu'), ('GIO_LAUNCHED_DESKTOP_FILE', '/usr/share/applications/code.desktop'), ('ROS_PYTHON_VERSION', '3'), ('GNOME_SHELL_SESSION_MODE', 'ubuntu'), ('GTK_MODULES', 'gail:atk-bridge'), ('GK_GL_PATH', '/tmp/gitkraken/gitlens/gitlens-ipc-server-9462-42441.json'), ('VSCODE_GIT_ASKPASS_MAIN', '/usr/share/code/resources/app/extensions/git/dist/askpass-main.js'), ('LC_MONETARY', 'vi_VN'), ('VSCODE_GIT_ASKPASS_NODE', '/usr/share/code/code'), ('MANAGERPID', '5181'), ('PYDEVD_DISABLE_FILE_VALIDATION', '1'), ('DBUS_STARTER_BUS_TYPE', 'session'), ('SYSTEMD_EXEC_PID', '5764'), ('BUNDLED_DEBUGPY_PATH', '/home/nrc/.vscode/extensions/ms-python.debugpy-2025.18.0-linux-x64/bundled/libs/debugpy'), ('VSCODE_PYTHON_AUTOACTIVATE_GUARD', '1'), ('DBUS_SESSION_BUS_ADDRESS', 'unix:path=/run/user/1000/bus,guid=4f74f271f20144af6969dbcc69c0a618'), ('COLORTERM', 'truecolor'), ('GIO_LAUNCHED_DESKTOP_FILE_PID', '9462'), ('ROS_DISTRO', 'humble'), ('GTK_IM_MODULE', 'ibus'), ('LOGNAME', 'nrc'), ('JOURNAL_STREAM', '8:25067'), ('_', '/usr/bin/colcon'), ('ROS_VERSION', '2'), ('XDG_SESSION_CLASS', 'user'), ('USERNAME', 'nrc'), ('TERM', 'xterm-256color'), ('GNOME_DESKTOP_SESSION_ID', 'this-is-deprecated'), ('FC_FONTATIONS', '1'), ('ROS_LOCALHOST_ONLY', '0'), ('WINDOWPATH', '2'), ('CODELLDB_LAUNCH_CONNECT_FILE', '/home/nrc/.config/Code/User/workspaceStorage/94e2e73c08445cc8a785f1c1de57d0fb/vadimcn.vscode-lldb/rpcaddress.txt'), ('PATH', '/home/nrc/.vscode/extensions/vadimcn.vscode-lldb-1.12.1/bin:/home/nrc/.config/Code/User/globalStorage/github.copilot-chat/debugCommand:/home/nrc/.config/Code/User/globalStorage/github.copilot-chat/copilotCli:/opt/ros/humble/bin:/home/nrc/.local/bin:/usr/local/sbin:/usr/local/bin:/usr/sbin:/usr/bin:/sbin:/bin:/usr/games:/usr/local/games:/snap/bin:/snap/bin:/home/nrc/.vscode/extensions/ms-python.debugpy-2025.18.0-linux-x64/bundled/scripts/noConfigScripts'), ('SESSION_MANAGER', 'local/nrc:@/tmp/.ICE-unix/5764,unix/nrc:/tmp/.ICE-unix/5764'), ('INVOCATION_ID', '945c8f5b5c164d2791a0ebdf97089c1f'), ('PAPERSIZE', 'a4'), ('XDG_MENU_PREFIX', 'gnome-'), ('LC_ADDRESS', 'vi_VN'), ('GNOME_TERMINAL_SCREEN', '/org/gnome/Terminal/screen/0600f616_f030_42e0_8e4f_3421a386255a'), ('XDG_RUNTIME_DIR', '/run/user/1000'), ('GDK_BACKEND', 'x11'), ('DISPLAY', ':1'), ('VSCODE_DEBUGPY_ADAPTER_ENDPOINTS', '/home/nrc/.vscode/extensions/ms-python.debugpy-2025.18.0-linux-x64/.noConfigDebugAdapterEndpoints/endpoint-fdd3cf9e82bdf614.txt'), ('LANG', 'en_US.UTF-8'), ('XDG_CURRENT_DESKTOP', 'ubuntu:GNOME'), ('PYTHONSTARTUP', '/home/nrc/.config/Code/User/workspaceStorage/94e2e73c08445cc8a785f1c1de57d0fb/ms-python.python/pythonrc.py'), ('LC_TELEPHONE', 'vi_VN'), ('XMODIFIERS', '@im=ibus'), ('XDG_SESSION_DESKTOP', 'ubuntu'), ('XAUTHORITY', '/run/user/1000/gdm/Xauthority'), ('LS_COLORS', 'rs=0:di=01;34:ln=01;36:mh=00:pi=40;33:so=01;35:do=01;35:bd=40;33;01:cd=40;33;01:or=40;31;01:mi=00:su=37;41:sg=30;43:ca=30;41:tw=30;42:ow=34;42:st=37;44:ex=01;32:*.tar=01;31:*.tgz=01;31:*.arc=01;31:*.arj=01;31:*.taz=01;31:*.lha=01;31:*.lz4=01;31:*.lzh=01;31:*.lzma=01;31:*.tlz=01;31:*.txz=01;31:*.tzo=01;31:*.t7z=01;31:*.zip=01;31:*.z=01;31:*.dz=01;31:*.gz=01;31:*.lrz=01;31:*.lz=01;31:*.lzo=01;31:*.xz=01;31:*.zst=01;31:*.tzst=01;31:*.bz2=01;31:*.bz=01;31:*.tbz=01;31:*.tbz2=01;31:*.tz=01;31:*.deb=01;31:*.rpm=01;31:*.jar=01;31:*.war=01;31:*.ear=01;31:*.sar=01;31:*.rar=01;31:*.alz=01;31:*.ace=01;31:*.zoo=01;31:*.cpio=01;31:*.7z=01;31:*.rz=01;31:*.cab=01;31:*.wim=01;31:*.swm=01;31:*.dwm=01;31:*.esd=01;31:*.jpg=01;35:*.jpeg=01;35:*.mjpg=01;35:*.mjpeg=01;35:*.gif=01;35:*.bmp=01;35:*.pbm=01;35:*.pgm=01;35:*.ppm=01;35:*.tga=01;35:*.xbm=01;35:*.xpm=01;35:*.tif=01;35:*.tiff=01;35:*.png=01;35:*.svg=01;35:*.svgz=01;35:*.mng=01;35:*.pcx=01;35:*.mov=01;35:*.mpg=01;35:*.mpeg=01;35:*.m2v=01;35:*.mkv=01;35:*.webm=01;35:*.webp=01;35:*.ogm=01;35:*.mp4=01;35:*.m4v=01;35:*.mp4v=01;35:*.vob=01;35:*.qt=01;35:*.nuv=01;35:*.wmv=01;35:*.asf=01;35:*.rm=01;35:*.rmvb=01;35:*.flc=01;35:*.avi=01;35:*.fli=01;35:*.flv=01;35:*.gl=01;35:*.dl=01;35:*.xcf=01;35:*.xwd=01;35:*.yuv=01;35:*.cgm=01;35:*.emf=01;35:*.ogv=01;35:*.ogx=01;35:*.aac=00;36:*.au=00;36:*.flac=00;36:*.m4a=00;36:*.mid=00;36:*.midi=00;36:*.mka=00;36:*.mp3=00;36:*.mpc=00;36:*.ogg=00;36:*.ra=00;36:*.wav=00;36:*.oga=00;36:*.opus=00;36:*.spx=00;36:*.xspf=00;36:'), ('VSCODE_GIT_IPC_HANDLE', '/run/user/1000/vscode-git-763ad22665.sock'), ('GNOME_TERMINAL_SERVICE', ':1.169'), ('TERM_PROGRAM', 'vscode'), ('SSH_AGENT_LAUNCHER', 'gnome-keyring'), ('SSH_AUTH_SOCK', '/run/user/1000/keyring/ssh'), ('ROS_DOMAIN_ID', '71'), ('AMENT_PREFIX_PATH', '/home/nrc/Manual_Control_F3/install/sick_safetyscanners2_interfaces:/opt/ros/humble'), ('SHELL', '/bin/bash'), ('LC_NAME', 'vi_VN'), ('QT_ACCESSIBILITY', '1'), ('NO_AT_BRIDGE', '1'), ('GDMSESSION', 'ubuntu'), ('LESSCLOSE', '/usr/bin/lesspipe %s %s'), ('GK_GL_ADDR', 'http://127.0.0.1:42441'), ('LC_MEASUREMENT', 'vi_VN'), ('GPG_AGENT_INFO', '/run/user/1000/gnupg/S.gpg-agent:0:1'), ('GJS_DEBUG_OUTPUT', 'stderr'), ('LC_IDENTIFICATION', 'vi_VN'), ('VSCODE_GIT_ASKPASS_EXTRA_ARGS', ''), ('QT_IM_MODULE', 'ibus'), ('PWD', '/home/nrc/Manual_Control_F3/build/sick_safetyscanners2'), ('LC_ALL', 'en_US.UTF-8'), ('XDG_CONFIG_DIRS', '/etc/xdg/xdg-ubuntu:/etc/xdg'), ('DBUS_STARTER_ADDRESS', 'unix:path=/run/user/1000/bus,guid=4f74f271f20144af6969dbcc69c0a618'), ('XDG_DATA_DIRS', '/usr/share/ubuntu:/usr/share/gnome:/usr/local/share/:/usr/share/:/var/lib/snapd/desktop'), ('PYTHONPATH', '/home/nrc/Manual_Control_F3/install/sick_safetyscanners2_interfaces/local/lib/python3.10/dist-packages:/opt/ros/humble/lib/python3.10/site-packages:/opt/ros/humble/local/lib/python3.10/dist-packages'), ('LC_NUMERIC', 'vi_VN'), ('LC_PAPER', 'vi_VN'), ('SGX_AESM_ADDR', '1'), ('COLCON', '1'), ('VTE_VERSION', '6800'), ('CMAKE_PREFIX_PATH', '/home/nrc/Manual_Control_F3/install/sick_safetyscanners2_interfaces:/opt/ros/humble')]), 'shell': False}
[15.921002] (-) TimerEvent: {}
[15.952803] (sick_safetyscanners2) StdoutLine: {'line': b'[  8%] \x1b[32mBuilding CXX object CMakeFiles/sick_safetyscanners2.dir/src/SickSafetyscanners.cpp.o\x1b[0m\n'}
[15.953371] (sick_safetyscanners2) StdoutLine: {'line': b'[ 16%] \x1b[32mBuilding CXX object CMakeFiles/sick_safetyscanners2.dir/src/utils/MessageCreator.cpp.o\x1b[0m\n'}
[15.954195] (sick_safetyscanners2) StdoutLine: {'line': b'[ 33%] \x1b[32mBuilding CXX object CMakeFiles/sick_safetyscanners2_lifecycle.dir/src/SickSafetyscanners.cpp.o\x1b[0m\n'}
[15.954285] (sick_safetyscanners2) StdoutLine: {'line': b'[ 33%] \x1b[32mBuilding CXX object CMakeFiles/sick_safetyscanners2_lifecycle.dir/src/utils/MessageCreator.cpp.o\x1b[0m\n'}
[15.954347] (sick_safetyscanners2) StdoutLine: {'line': b'[ 41%] \x1b[32mBuilding CXX object CMakeFiles/sick_safetyscanners2_lifecycle.dir/src/SickSafetyscannersLifeCycle.cpp.o\x1b[0m\n'}
[15.955674] (sick_safetyscanners2) StdoutLine: {'line': b'[ 50%] \x1b[32mBuilding CXX object CMakeFiles/sick_safetyscanners2.dir/src/SickSafetyscannersRos2.cpp.o\x1b[0m\n'}
[16.022031] (-) TimerEvent: {}
[16.122368] (-) TimerEvent: {}
[16.222859] (-) TimerEvent: {}
[16.324651] (-) TimerEvent: {}
[16.424969] (-) TimerEvent: {}
[16.525962] (-) TimerEvent: {}
[16.626581] (-) TimerEvent: {}
[16.726889] (-) TimerEvent: {}
[16.827515] (-) TimerEvent: {}
[16.928284] (-) TimerEvent: {}
[17.030828] (-) TimerEvent: {}
[17.133609] (-) TimerEvent: {}
[17.234019] (-) TimerEvent: {}
[17.335013] (-) TimerEvent: {}
[17.435302] (-) TimerEvent: {}
[17.535588] (-) TimerEvent: {}
[17.637210] (-) TimerEvent: {}
[17.739033] (-) TimerEvent: {}
[17.839341] (-) TimerEvent: {}
[17.940020] (-) TimerEvent: {}
[18.040337] (-) TimerEvent: {}
[18.142641] (-) TimerEvent: {}
[18.244451] (-) TimerEvent: {}
[18.346646] (-) TimerEvent: {}
[18.446977] (-) TimerEvent: {}
[18.547288] (-) TimerEvent: {}
[18.647600] (-) TimerEvent: {}
[18.747981] (-) TimerEvent: {}
[18.850123] (-) TimerEvent: {}
[18.950435] (-) TimerEvent: {}
[19.050746] (-) TimerEvent: {}
[19.151019] (-) TimerEvent: {}
[19.251324] (-) TimerEvent: {}
[19.351670] (-) TimerEvent: {}
[19.452018] (-) TimerEvent: {}
[19.552560] (-) TimerEvent: {}
[19.652867] (-) TimerEvent: {}
[19.753174] (-) TimerEvent: {}
[19.854032] (-) TimerEvent: {}
[19.955884] (-) TimerEvent: {}
[20.060017] (-) TimerEvent: {}
[20.160343] (-) TimerEvent: {}
[20.260612] (-) TimerEvent: {}
[20.360946] (-) TimerEvent: {}
[20.461265] (-) TimerEvent: {}
[20.561537] (-) TimerEvent: {}
[20.661852] (-) TimerEvent: {}
[20.762197] (-) TimerEvent: {}
[20.863050] (-) TimerEvent: {}
[20.964019] (-) TimerEvent: {}
[21.064367] (-) TimerEvent: {}
[21.165017] (-) TimerEvent: {}
[21.269186] (-) TimerEvent: {}
[21.370613] (-) TimerEvent: {}
[21.470927] (-) TimerEvent: {}
[21.572992] (-) TimerEvent: {}
[21.673298] (-) TimerEvent: {}
[21.773638] (-) TimerEvent: {}
[21.874267] (-) TimerEvent: {}
[21.974794] (-) TimerEvent: {}
[22.079019] (-) TimerEvent: {}
[22.179358] (-) TimerEvent: {}
[22.280554] (-) TimerEvent: {}
[22.381015] (-) TimerEvent: {}
[22.481309] (-) TimerEvent: {}
[22.581636] (-) TimerEvent: {}
[22.684776] (-) TimerEvent: {}
[22.785174] (-) TimerEvent: {}
[22.885756] (-) TimerEvent: {}
[22.986059] (-) TimerEvent: {}
[23.088017] (-) TimerEvent: {}
[23.188314] (-) TimerEvent: {}
[23.288802] (-) TimerEvent: {}
[23.389524] (-) TimerEvent: {}
[23.489983] (-) TimerEvent: {}
[23.590617] (-) TimerEvent: {}
[23.690915] (-) TimerEvent: {}
[23.791243] (-) TimerEvent: {}
[23.891548] (-) TimerEvent: {}
[23.992793] (-) TimerEvent: {}
[24.093235] (-) TimerEvent: {}
[24.194198] (-) TimerEvent: {}
[24.294967] (-) TimerEvent: {}
[24.395674] (-) TimerEvent: {}
[24.496271] (-) TimerEvent: {}
[24.596996] (-) TimerEvent: {}
[24.697315] (-) TimerEvent: {}
[24.797633] (-) TimerEvent: {}
[24.897922] (-) TimerEvent: {}
[24.998196] (-) TimerEvent: {}
[25.100026] (-) TimerEvent: {}
[25.200350] (-) TimerEvent: {}
[25.300590] (-) TimerEvent: {}
[25.400895] (-) TimerEvent: {}
[25.501196] (-) TimerEvent: {}
[25.601515] (-) TimerEvent: {}
[25.701754] (-) TimerEvent: {}
[25.802008] (-) TimerEvent: {}
[25.902263] (-) TimerEvent: {}
[26.002482] (-) TimerEvent: {}
[26.102721] (-) TimerEvent: {}
[26.203089] (-) TimerEvent: {}
[26.303384] (-) TimerEvent: {}
[26.403638] (-) TimerEvent: {}
[26.503880] (-) TimerEvent: {}
[26.604171] (-) TimerEvent: {}
[26.705030] (-) TimerEvent: {}
[26.805353] (-) TimerEvent: {}
[26.905603] (-) TimerEvent: {}
[27.005891] (-) TimerEvent: {}
[27.106177] (-) TimerEvent: {}
[27.206414] (-) TimerEvent: {}
[27.306710] (-) TimerEvent: {}
[27.408020] (-) TimerEvent: {}
[27.508402] (-) TimerEvent: {}
[27.608796] (-) TimerEvent: {}
[27.709188] (-) TimerEvent: {}
[27.809515] (-) TimerEvent: {}
[27.909796] (-) TimerEvent: {}
[28.010092] (-) TimerEvent: {}
[28.110902] (-) TimerEvent: {}
[28.211200] (-) TimerEvent: {}
[28.311440] (-) TimerEvent: {}
[28.411875] (-) TimerEvent: {}
[28.512445] (-) TimerEvent: {}
[28.613078] (-) TimerEvent: {}
[28.716045] (-) TimerEvent: {}
[28.816318] (-) TimerEvent: {}
[28.916722] (-) TimerEvent: {}
[29.017025] (-) TimerEvent: {}
[29.120777] (-) TimerEvent: {}
[29.222658] (-) TimerEvent: {}
[29.310628] (sick_safetyscanners2) StdoutLine: {'line': b'[ 58%] \x1b[32m\x1b[1mLinking CXX shared library libsick_safetyscanners2_lifecycle.so\x1b[0m\n'}
[29.322975] (-) TimerEvent: {}
[29.407509] (sick_safetyscanners2) StdoutLine: {'line': b'[ 66%] \x1b[32m\x1b[1mLinking CXX shared library libsick_safetyscanners2.so\x1b[0m\n'}
[29.423107] (-) TimerEvent: {}
[29.523437] (-) TimerEvent: {}
[29.623784] (-) TimerEvent: {}
[29.724134] (-) TimerEvent: {}
[29.824387] (-) TimerEvent: {}
[29.897705] (sick_safetyscanners2) StdoutLine: {'line': b'[ 66%] Built target sick_safetyscanners2_lifecycle\n'}
[29.926014] (-) TimerEvent: {}
[29.975665] (sick_safetyscanners2) StdoutLine: {'line': b'[ 66%] Built target sick_safetyscanners2\n'}
[29.992274] (sick_safetyscanners2) StdoutLine: {'line': b'[ 75%] \x1b[32mBuilding CXX object CMakeFiles/sick_safetyscanners2_lifecycle_node.dir/src/sick_safetyscanners2_lifecycle_node.cpp.o\x1b[0m\n'}
[30.026102] (-) TimerEvent: {}
[30.126353] (-) TimerEvent: {}
[30.228018] (-) TimerEvent: {}
[30.328319] (-) TimerEvent: {}
[30.428591] (-) TimerEvent: {}
[30.528838] (-) TimerEvent: {}
[30.629085] (-) TimerEvent: {}
[30.729301] (-) TimerEvent: {}
[30.829539] (-) TimerEvent: {}
[30.929793] (-) TimerEvent: {}
[31.030001] (-) TimerEvent: {}
[31.130284] (-) TimerEvent: {}
[31.230558] (-) TimerEvent: {}
[31.333021] (-) TimerEvent: {}
[31.433305] (-) TimerEvent: {}
[31.533554] (-) TimerEvent: {}
[31.633811] (-) TimerEvent: {}
[31.734011] (-) TimerEvent: {}
[31.834242] (-) TimerEvent: {}
[31.934476] (-) TimerEvent: {}
[32.036015] (-) TimerEvent: {}
[32.136306] (-) TimerEvent: {}
[32.236545] (-) TimerEvent: {}
[32.336846] (-) TimerEvent: {}
[32.437181] (-) TimerEvent: {}
[32.537489] (-) TimerEvent: {}
[32.637788] (-) TimerEvent: {}
[32.738108] (-) TimerEvent: {}
[32.838405] (-) TimerEvent: {}
[32.938682] (-) TimerEvent: {}
[33.038942] (-) TimerEvent: {}
[33.139201] (-) TimerEvent: {}
[33.241348] (-) TimerEvent: {}
[33.341636] (-) TimerEvent: {}
[33.441877] (-) TimerEvent: {}
[33.542134] (-) TimerEvent: {}
[33.643269] (-) TimerEvent: {}
[33.743546] (-) TimerEvent: {}
[33.843767] (-) TimerEvent: {}
[33.944003] (-) TimerEvent: {}
[34.044223] (-) TimerEvent: {}
[34.144442] (-) TimerEvent: {}
[34.244678] (-) TimerEvent: {}
[34.344989] (-) TimerEvent: {}
[34.445306] (-) TimerEvent: {}
[34.547802] (-) TimerEvent: {}
[34.648126] (-) TimerEvent: {}
[34.748457] (-) TimerEvent: {}
[34.848761] (-) TimerEvent: {}
[34.949647] (-) TimerEvent: {}
[35.050294] (-) TimerEvent: {}
[35.151336] (-) TimerEvent: {}
[35.252220] (-) TimerEvent: {}
[35.352586] (-) TimerEvent: {}
[35.453213] (-) TimerEvent: {}
[35.553543] (-) TimerEvent: {}
[35.655519] (-) TimerEvent: {}
[35.739053] (sick_safetyscanners2) StdoutLine: {'line': b'[ 83%] \x1b[32m\x1b[1mLinking CXX executable sick_safetyscanners2_lifecycle_node\x1b[0m\n'}
[35.755856] (-) TimerEvent: {}
[35.856100] (-) TimerEvent: {}
[35.956351] (-) TimerEvent: {}
[35.984631] (sick_safetyscanners2) StdoutLine: {'line': b'[ 83%] Built target sick_safetyscanners2_lifecycle_node\n'}
[36.000895] (sick_safetyscanners2) StdoutLine: {'line': b'[ 91%] \x1b[32mBuilding CXX object CMakeFiles/sick_safetyscanners2_node.dir/src/sick_safetyscanners2_node.cpp.o\x1b[0m\n'}
[36.056814] (-) TimerEvent: {}
[36.157106] (-) TimerEvent: {}
[36.257337] (-) TimerEvent: {}
[36.357580] (-) TimerEvent: {}
[36.457800] (-) TimerEvent: {}
[36.560758] (-) TimerEvent: {}
[36.661028] (-) TimerEvent: {}
[36.761260] (-) TimerEvent: {}
[36.861485] (-) TimerEvent: {}
[36.961766] (-) TimerEvent: {}
[37.061999] (-) TimerEvent: {}
[37.162678] (-) TimerEvent: {}
[37.262990] (-) TimerEvent: {}
[37.363231] (-) TimerEvent: {}
[37.463479] (-) TimerEvent: {}
[37.563769] (-) TimerEvent: {}
[37.664002] (-) TimerEvent: {}
[37.764292] (-) TimerEvent: {}
[37.864528] (-) TimerEvent: {}
[37.964820] (-) TimerEvent: {}
[38.065085] (-) TimerEvent: {}
[38.165375] (-) TimerEvent: {}
[38.265599] (-) TimerEvent: {}
[38.365831] (-) TimerEvent: {}
[38.466072] (-) TimerEvent: {}
[38.567653] (-) TimerEvent: {}
[38.667945] (-) TimerEvent: {}
[38.768192] (-) TimerEvent: {}
[38.872021] (-) TimerEvent: {}
[38.972310] (-) TimerEvent: {}
[39.072532] (-) TimerEvent: {}
[39.174012] (-) TimerEvent: {}
[39.274320] (-) TimerEvent: {}
[39.374578] (-) TimerEvent: {}
[39.474824] (-) TimerEvent: {}
[39.575125] (-) TimerEvent: {}
[39.675383] (-) TimerEvent: {}
[39.778018] (-) TimerEvent: {}
[39.878312] (-) TimerEvent: {}
[39.978566] (-) TimerEvent: {}
[40.078835] (-) TimerEvent: {}
[40.179145] (-) TimerEvent: {}
[40.279432] (-) TimerEvent: {}
[40.379716] (-) TimerEvent: {}
[40.480002] (-) TimerEvent: {}
[40.580284] (-) TimerEvent: {}
[40.680605] (-) TimerEvent: {}
[40.780898] (-) TimerEvent: {}
[40.884117] (-) TimerEvent: {}
[40.984418] (-) TimerEvent: {}
[41.084687] (-) TimerEvent: {}
[41.185982] (-) TimerEvent: {}
[41.286251] (-) TimerEvent: {}
[41.375008] (sick_safetyscanners2) StdoutLine: {'line': b'[100%] \x1b[32m\x1b[1mLinking CXX executable sick_safetyscanners2_node\x1b[0m\n'}
[41.386335] (-) TimerEvent: {}
[41.486714] (-) TimerEvent: {}
[41.587039] (-) TimerEvent: {}
[41.635052] (sick_safetyscanners2) StdoutLine: {'line': b'[100%] Built target sick_safetyscanners2_node\n'}
[41.645687] (sick_safetyscanners2) CommandEnded: {'returncode': 0}
[41.646836] (sick_safetyscanners2) JobProgress: {'identifier': 'sick_safetyscanners2', 'progress': 'install'}
[41.647135] (sick_safetyscanners2) Command: {'cmd': ['/usr/bin/cmake', '--install', '/home/nrc/Manual_Control_F3/build/sick_safetyscanners2'], 'cwd': '/home/nrc/Manual_Control_F3/build/sick_safetyscanners2', 'env': OrderedDict([('GJS_DEBUG_TOPICS', 'JS ERROR;JS LOG'), ('PYTHON_BASIC_REPL', '1'), ('LESSOPEN', '| /usr/bin/lesspipe %s'), ('LANGUAGE', 'en_US:en'), ('USER', 'nrc'), ('LC_TIME', 'vi_VN'), ('XDG_SESSION_TYPE', 'x11'), ('GIT_ASKPASS', '/usr/share/code/resources/app/extensions/git/dist/askpass.sh'), ('SHLVL', '2'), ('LD_LIBRARY_PATH', '/home/nrc/Manual_Control_F3/install/sick_safetyscanners2_interfaces/lib:/opt/onnxruntime/lib:/opt/onnxruntime/lib:/opt/ros/humble/opt/rviz_ogre_vendor/lib:/opt/ros/humble/lib/x86_64-linux-gnu:/opt/ros/humble/lib:./build/interfaces:./build/interfaces'), ('HOME', '/home/nrc'), ('CHROME_DESKTOP', 'code.desktop'), ('TERM_PROGRAM_VERSION', '1.109.5'), ('DESKTOP_SESSION', 'ubuntu'), ('GIO_LAUNCHED_DESKTOP_FILE', '/usr/share/applications/code.desktop'), ('ROS_PYTHON_VERSION', '3'), ('GNOME_SHELL_SESSION_MODE', 'ubuntu'), ('GTK_MODULES', 'gail:atk-bridge'), ('GK_GL_PATH', '/tmp/gitkraken/gitlens/gitlens-ipc-server-9462-42441.json'), ('VSCODE_GIT_ASKPASS_MAIN', '/usr/share/code/resources/app/extensions/git/dist/askpass-main.js'), ('LC_MONETARY', 'vi_VN'), ('VSCODE_GIT_ASKPASS_NODE', '/usr/share/code/code'), ('MANAGERPID', '5181'), ('PYDEVD_DISABLE_FILE_VALIDATION', '1'), ('DBUS_STARTER_BUS_TYPE', 'session'), ('SYSTEMD_EXEC_PID', '5764'), ('BUNDLED_DEBUGPY_PATH', '/home/nrc/.vscode/extensions/ms-python.debugpy-2025.18.0-linux-x64/bundled/libs/debugpy'), ('VSCODE_PYTHON_AUTOACTIVATE_GUARD', '1'), ('DBUS_SESSION_BUS_ADDRESS', 'unix:path=/run/user/1000/bus,guid=4f74f271f20144af6969dbcc69c0a618'), ('COLORTERM', 'truecolor'), ('GIO_LAUNCHED_DESKTOP_FILE_PID', '9462'), ('ROS_DISTRO', 'humble'), ('GTK_IM_MODULE', 'ibus'), ('LOGNAME', 'nrc'), ('JOURNAL_STREAM', '8:25067'), ('_', '/usr/bin/colcon'), ('ROS_VERSION', '2'), ('XDG_SESSION_CLASS', 'user'), ('USERNAME', 'nrc'), ('TERM', 'xterm-256color'), ('GNOME_DESKTOP_SESSION_ID', 'this-is-deprecated'), ('FC_FONTATIONS', '1'), ('ROS_LOCALHOST_ONLY', '0'), ('WINDOWPATH', '2'), ('CODELLDB_LAUNCH_CONNECT_FILE', '/home/nrc/.config/Code/User/workspaceStorage/94e2e73c08445cc8a785f1c1de57d0fb/vadimcn.vscode-lldb/rpcaddress.txt'), ('PATH', '/home/nrc/.vscode/extensions/vadimcn.vscode-lldb-1.12.1/bin:/home/nrc/.config/Code/User/globalStorage/github.copilot-chat/debugCommand:/home/nrc/.config/Code/User/globalStorage/github.copilot-chat/copilotCli:/opt/ros/humble/bin:/home/nrc/.local/bin:/usr/local/sbin:/usr/local/bin:/usr/sbin:/usr/bin:/sbin:/bin:/usr/games:/usr/local/games:/snap/bin:/snap/bin:/home/nrc/.vscode/extensions/ms-python.debugpy-2025.18.0-linux-x64/bundled/scripts/noConfigScripts'), ('SESSION_MANAGER', 'local/nrc:@/tmp/.ICE-unix/5764,unix/nrc:/tmp/.ICE-unix/5764'), ('INVOCATION_ID', '945c8f5b5c164d2791a0ebdf97089c1f'), ('PAPERSIZE', 'a4'), ('XDG_MENU_PREFIX', 'gnome-'), ('LC_ADDRESS', 'vi_VN'), ('GNOME_TERMINAL_SCREEN', '/org/gnome/Terminal/screen/0600f616_f030_42e0_8e4f_3421a386255a'), ('XDG_RUNTIME_DIR', '/run/user/1000'), ('GDK_BACKEND', 'x11'), ('DISPLAY', ':1'), ('VSCODE_DEBUGPY_ADAPTER_ENDPOINTS', '/home/nrc/.vscode/extensions/ms-python.debugpy-2025.18.0-linux-x64/.noConfigDebugAdapterEndpoints/endpoint-fdd3cf9e82bdf614.txt'), ('LANG', 'en_US.UTF-8'), ('XDG_CURRENT_DESKTOP', 'ubuntu:GNOME'), ('PYTHONSTARTUP', '/home/nrc/.config/Code/User/workspaceStorage/94e2e73c08445cc8a785f1c1de57d0fb/ms-python.python/pythonrc.py'), ('LC_TELEPHONE', 'vi_VN'), ('XMODIFIERS', '@im=ibus'), ('XDG_SESSION_DESKTOP', 'ubuntu'), ('XAUTHORITY', '/run/user/1000/gdm/Xauthority'), ('LS_COLORS', 'rs=0:di=01;34:ln=01;36:mh=00:pi=40;33:so=01;35:do=01;35:bd=40;33;01:cd=40;33;01:or=40;31;01:mi=00:su=37;41:sg=30;43:ca=30;41:tw=30;42:ow=34;42:st=37;44:ex=01;32:*.tar=01;31:*.tgz=01;31:*.arc=01;31:*.arj=01;31:*.taz=01;31:*.lha=01;31:*.lz4=01;31:*.lzh=01;31:*.lzma=01;31:*.tlz=01;31:*.txz=01;31:*.tzo=01;31:*.t7z=01;31:*.zip=01;31:*.z=01;31:*.dz=01;31:*.gz=01;31:*.lrz=01;31:*.lz=01;31:*.lzo=01;31:*.xz=01;31:*.zst=01;31:*.tzst=01;31:*.bz2=01;31:*.bz=01;31:*.tbz=01;31:*.tbz2=01;31:*.tz=01;31:*.deb=01;31:*.rpm=01;31:*.jar=01;31:*.war=01;31:*.ear=01;31:*.sar=01;31:*.rar=01;31:*.alz=01;31:*.ace=01;31:*.zoo=01;31:*.cpio=01;31:*.7z=01;31:*.rz=01;31:*.cab=01;31:*.wim=01;31:*.swm=01;31:*.dwm=01;31:*.esd=01;31:*.jpg=01;35:*.jpeg=01;35:*.mjpg=01;35:*.mjpeg=01;35:*.gif=01;35:*.bmp=01;35:*.pbm=01;35:*.pgm=01;35:*.ppm=01;35:*.tga=01;35:*.xbm=01;35:*.xpm=01;35:*.tif=01;35:*.tiff=01;35:*.png=01;35:*.svg=01;35:*.svgz=01;35:*.mng=01;35:*.pcx=01;35:*.mov=01;35:*.mpg=01;35:*.mpeg=01;35:*.m2v=01;35:*.mkv=01;35:*.webm=01;35:*.webp=01;35:*.ogm=01;35:*.mp4=01;35:*.m4v=01;35:*.mp4v=01;35:*.vob=01;35:*.qt=01;35:*.nuv=01;35:*.wmv=01;35:*.asf=01;35:*.rm=01;35:*.rmvb=01;35:*.flc=01;35:*.avi=01;35:*.fli=01;35:*.flv=01;35:*.gl=01;35:*.dl=01;35:*.xcf=01;35:*.xwd=01;35:*.yuv=01;35:*.cgm=01;35:*.emf=01;35:*.ogv=01;35:*.ogx=01;35:*.aac=00;36:*.au=00;36:*.flac=00;36:*.m4a=00;36:*.mid=00;36:*.midi=00;36:*.mka=00;36:*.mp3=00;36:*.mpc=00;36:*.ogg=00;36:*.ra=00;36:*.wav=00;36:*.oga=00;36:*.opus=00;36:*.spx=00;36:*.xspf=00;36:'), ('VSCODE_GIT_IPC_HANDLE', '/run/user/1000/vscode-git-763ad22665.sock'), ('GNOME_TERMINAL_SERVICE', ':1.169'), ('TERM_PROGRAM', 'vscode'), ('SSH_AGENT_LAUNCHER', 'gnome-keyring'), ('SSH_AUTH_SOCK', '/run/user/1000/keyring/ssh'), ('ROS_DOMAIN_ID', '71'), ('AMENT_PREFIX_PATH', '/home/nrc/Manual_Control_F3/install/sick_safetyscanners2_interfaces:/opt/ros/humble'), ('SHELL', '/bin/bash'), ('LC_NAME', 'vi_VN'), ('QT_ACCESSIBILITY', '1'), ('NO_AT_BRIDGE', '1'), ('GDMSESSION', 'ubuntu'), ('LESSCLOSE', '/usr/bin/lesspipe %s %s'), ('GK_GL_ADDR', 'http://127.0.0.1:42441'), ('LC_MEASUREMENT', 'vi_VN'), ('GPG_AGENT_INFO', '/run/user/1000/gnupg/S.gpg-agent:0:1'), ('GJS_DEBUG_OUTPUT', 'stderr'), ('LC_IDENTIFICATION', 'vi_VN'), ('VSCODE_GIT_ASKPASS_EXTRA_ARGS', ''), ('QT_IM_MODULE', 'ibus'), ('PWD', '/home/nrc/Manual_Control_F3/build/sick_safetyscanners2'), ('LC_ALL', 'en_US.UTF-8'), ('XDG_CONFIG_DIRS', '/etc/xdg/xdg-ubuntu:/etc/xdg'), ('DBUS_STARTER_ADDRESS', 'unix:path=/run/user/1000/bus,guid=4f74f271f20144af6969dbcc69c0a618'), ('XDG_DATA_DIRS', '/usr/share/ubuntu:/usr/share/gnome:/usr/local/share/:/usr/share/:/var/lib/snapd/desktop'), ('PYTHONPATH', '/home/nrc/Manual_Control_F3/install/sick_safetyscanners2_interfaces/local/lib/python3.10/dist-packages:/opt/ros/humble/lib/python3.10/site-packages:/opt/ros/humble/local/lib/python3.10/dist-packages'), ('LC_NUMERIC', 'vi_VN'), ('LC_PAPER', 'vi_VN'), ('SGX_AESM_ADDR', '1'), ('COLCON', '1'), ('VTE_VERSION', '6800'), ('CMAKE_PREFIX_PATH', '/home/nrc/Manual_Control_F3/install/sick_safetyscanners2_interfaces:/opt/ros/humble')]), 'shell': False}
[41.657186] (sick_safetyscanners2) StdoutLine: {'line': b'-- Install configuration: ""\n'}
[41.657434] (sick_safetyscanners2) StdoutLine: {'line': b'-- Installing: /home/nrc/Manual_Control_F3/install/sick_safetyscanners2/share/sick_safetyscanners2//launch\n'}
[41.657491] (sick_safetyscanners2) StdoutLine: {'line': b'-- Installing: /home/nrc/Manual_Control_F3/install/sick_safetyscanners2/share/sick_safetyscanners2//launch/sick_safetyscanners2_launch.py\n'}
[41.657537] (sick_safetyscanners2) StdoutLine: {'line': b'-- Installing: /home/nrc/Manual_Control_F3/install/sick_safetyscanners2/share/sick_safetyscanners2//launch/view_nanoscan3.launch.xml\n'}
[41.657594] (sick_safetyscanners2) StdoutLine: {'line': b'-- Installing: /home/nrc/Manual_Control_F3/install/sick_safetyscanners2/share/sick_safetyscanners2//launch/view_nanoscan3.launch.py\n'}
[41.657663] (sick_safetyscanners2) StdoutLine: {'line': b'-- Installing: /home/nrc/Manual_Control_F3/install/sick_safetyscanners2/share/sick_safetyscanners2//launch/sick_safetyscanners2_lifecycle_launch.py\n'}
[41.657726] (sick_safetyscanners2) StdoutLine: {'line': b'-- Installing: /home/nrc/Manual_Control_F3/install/sick_safetyscanners2/share/sick_safetyscanners2//description\n'}
[41.657776] (sick_safetyscanners2) StdoutLine: {'line': b'-- Installing: /home/nrc/Manual_Control_F3/install/sick_safetyscanners2/share/sick_safetyscanners2//description/meshes\n'}
[41.657820] (sick_safetyscanners2) StdoutLine: {'line': b'-- Installing: /home/nrc/Manual_Control_F3/install/sick_safetyscanners2/share/sick_safetyscanners2//description/meshes/NANS3.dae\n'}
[41.657861] (sick_safetyscanners2) StdoutLine: {'line': b'-- Installing: /home/nrc/Manual_Control_F3/install/sick_safetyscanners2/share/sick_safetyscanners2//description/meshes/MountingKit_2a.dae\n'}
[41.657974] (sick_safetyscanners2) StdoutLine: {'line': b'-- Installing: /home/nrc/Manual_Control_F3/install/sick_safetyscanners2/share/sick_safetyscanners2//description/meshes/NANS3_collision.stl\n'}
[41.658099] (sick_safetyscanners2) StdoutLine: {'line': b'-- Installing: /home/nrc/Manual_Control_F3/install/sick_safetyscanners2/share/sick_safetyscanners2//description/meshes/MountingKit_2a_collision.stl\n'}
[41.658168] (sick_safetyscanners2) StdoutLine: {'line': b'-- Installing: /home/nrc/Manual_Control_F3/install/sick_safetyscanners2/share/sick_safetyscanners2//description/test\n'}
[41.658216] (sick_safetyscanners2) StdoutLine: {'line': b'-- Installing: /home/nrc/Manual_Control_F3/install/sick_safetyscanners2/share/sick_safetyscanners2//description/test/nanoscan3_test_urdf_xacro.py\n'}
[41.658253] (sick_safetyscanners2) StdoutLine: {'line': b'-- Installing: /home/nrc/Manual_Control_F3/install/sick_safetyscanners2/share/sick_safetyscanners2//description/urdf\n'}
[41.658288] (sick_safetyscanners2) StdoutLine: {'line': b'-- Installing: /home/nrc/Manual_Control_F3/install/sick_safetyscanners2/share/sick_safetyscanners2//description/urdf/nanoscan3.urdf.xacro\n'}
[41.658324] (sick_safetyscanners2) StdoutLine: {'line': b'-- Installing: /home/nrc/Manual_Control_F3/install/sick_safetyscanners2/share/sick_safetyscanners2//description/urdf/nanoscan3\n'}
[41.658394] (sick_safetyscanners2) StdoutLine: {'line': b'-- Installing: /home/nrc/Manual_Control_F3/install/sick_safetyscanners2/share/sick_safetyscanners2//description/urdf/nanoscan3/gazebo_macro.xacro\n'}
[41.658427] (sick_safetyscanners2) StdoutLine: {'line': b'-- Installing: /home/nrc/Manual_Control_F3/install/sick_safetyscanners2/share/sick_safetyscanners2//description/urdf/nanoscan3/nanoscan3_macro.xacro\n'}
[41.658458] (sick_safetyscanners2) StdoutLine: {'line': b'-- Installing: /home/nrc/Manual_Control_F3/install/sick_safetyscanners2/share/sick_safetyscanners2//description/urdf/common.xacro\n'}
[41.658492] (sick_safetyscanners2) StdoutLine: {'line': b'-- Installing: /home/nrc/Manual_Control_F3/install/sick_safetyscanners2/share/sick_safetyscanners2//rviz\n'}
[41.658523] (sick_safetyscanners2) StdoutLine: {'line': b'-- Installing: /home/nrc/Manual_Control_F3/install/sick_safetyscanners2/share/sick_safetyscanners2//rviz/nanoscan3.rviz\n'}
[41.661423] (sick_safetyscanners2) StdoutLine: {'line': b'-- Installing: /home/nrc/Manual_Control_F3/install/sick_safetyscanners2/lib/libsick_safetyscanners2.so\n'}
[41.663262] (sick_safetyscanners2) StdoutLine: {'line': b'-- Set runtime path of "/home/nrc/Manual_Control_F3/install/sick_safetyscanners2/lib/libsick_safetyscanners2.so" to ""\n'}
[41.663389] (sick_safetyscanners2) StdoutLine: {'line': b'-- Installing: /home/nrc/Manual_Control_F3/install/sick_safetyscanners2/lib/libsick_safetyscanners2_lifecycle.so\n'}
[41.668087] (sick_safetyscanners2) StdoutLine: {'line': b'-- Set runtime path of "/home/nrc/Manual_Control_F3/install/sick_safetyscanners2/lib/libsick_safetyscanners2_lifecycle.so" to ""\n'}
[41.668237] (sick_safetyscanners2) StdoutLine: {'line': b'-- Installing: /home/nrc/Manual_Control_F3/install/sick_safetyscanners2/lib/sick_safetyscanners2/sick_safetyscanners2_node\n'}
[41.668479] (sick_safetyscanners2) StdoutLine: {'line': b'-- Set runtime path of "/home/nrc/Manual_Control_F3/install/sick_safetyscanners2/lib/sick_safetyscanners2/sick_safetyscanners2_node" to ""\n'}
[41.669010] (sick_safetyscanners2) StdoutLine: {'line': b'-- Installing: /home/nrc/Manual_Control_F3/install/sick_safetyscanners2/lib/sick_safetyscanners2/sick_safetyscanners2_lifecycle_node\n'}
[41.669130] (sick_safetyscanners2) StdoutLine: {'line': b'-- Set runtime path of "/home/nrc/Manual_Control_F3/install/sick_safetyscanners2/lib/sick_safetyscanners2/sick_safetyscanners2_lifecycle_node" to ""\n'}
[41.669207] (sick_safetyscanners2) StdoutLine: {'line': b'-- Installing: /home/nrc/Manual_Control_F3/install/sick_safetyscanners2/include\n'}
[41.669272] (sick_safetyscanners2) StdoutLine: {'line': b'-- Installing: /home/nrc/Manual_Control_F3/install/sick_safetyscanners2/include/sick_safetyscanners2\n'}
[41.669346] (sick_safetyscanners2) StdoutLine: {'line': b'-- Installing: /home/nrc/Manual_Control_F3/install/sick_safetyscanners2/include/sick_safetyscanners2/utils\n'}
[41.669402] (sick_safetyscanners2) StdoutLine: {'line': b'-- Installing: /home/nrc/Manual_Control_F3/install/sick_safetyscanners2/include/sick_safetyscanners2/utils/Conversions.h\n'}
[41.669480] (sick_safetyscanners2) StdoutLine: {'line': b'-- Installing: /home/nrc/Manual_Control_F3/install/sick_safetyscanners2/include/sick_safetyscanners2/utils/MessageCreator.h\n'}
[41.669532] (sick_safetyscanners2) StdoutLine: {'line': b'-- Installing: /home/nrc/Manual_Control_F3/install/sick_safetyscanners2/include/sick_safetyscanners2/SickSafetyscanners.hpp\n'}
[41.669601] (sick_safetyscanners2) StdoutLine: {'line': b'-- Installing: /home/nrc/Manual_Control_F3/install/sick_safetyscanners2/include/sick_safetyscanners2/SickSafetyscannersRos2.h\n'}
[41.669671] (sick_safetyscanners2) StdoutLine: {'line': b'-- Installing: /home/nrc/Manual_Control_F3/install/sick_safetyscanners2/include/sick_safetyscanners2/SickSafetyscannersLifeCycle.hpp\n'}
[41.669741] (sick_safetyscanners2) StdoutLine: {'line': b'-- Installing: /home/nrc/Manual_Control_F3/install/sick_safetyscanners2/share/sick_safetyscanners2/environment/library_path.sh\n'}
[41.669844] (sick_safetyscanners2) StdoutLine: {'line': b'-- Installing: /home/nrc/Manual_Control_F3/install/sick_safetyscanners2/share/sick_safetyscanners2/environment/library_path.dsv\n'}
[41.669939] (sick_safetyscanners2) StdoutLine: {'line': b'-- Installing: /home/nrc/Manual_Control_F3/install/sick_safetyscanners2/share/ament_index/resource_index/package_run_dependencies/sick_safetyscanners2\n'}
[41.670025] (sick_safetyscanners2) StdoutLine: {'line': b'-- Installing: /home/nrc/Manual_Control_F3/install/sick_safetyscanners2/share/ament_index/resource_index/parent_prefix_path/sick_safetyscanners2\n'}
[41.670133] (sick_safetyscanners2) StdoutLine: {'line': b'-- Installing: /home/nrc/Manual_Control_F3/install/sick_safetyscanners2/share/sick_safetyscanners2/environment/ament_prefix_path.sh\n'}
[41.670223] (sick_safetyscanners2) StdoutLine: {'line': b'-- Installing: /home/nrc/Manual_Control_F3/install/sick_safetyscanners2/share/sick_safetyscanners2/environment/ament_prefix_path.dsv\n'}
[41.670305] (sick_safetyscanners2) StdoutLine: {'line': b'-- Installing: /home/nrc/Manual_Control_F3/install/sick_safetyscanners2/share/sick_safetyscanners2/environment/path.sh\n'}
[41.670396] (sick_safetyscanners2) StdoutLine: {'line': b'-- Installing: /home/nrc/Manual_Control_F3/install/sick_safetyscanners2/share/sick_safetyscanners2/environment/path.dsv\n'}
[41.670481] (sick_safetyscanners2) StdoutLine: {'line': b'-- Installing: /home/nrc/Manual_Control_F3/install/sick_safetyscanners2/share/sick_safetyscanners2/local_setup.bash\n'}
[41.670593] (sick_safetyscanners2) StdoutLine: {'line': b'-- Installing: /home/nrc/Manual_Control_F3/install/sick_safetyscanners2/share/sick_safetyscanners2/local_setup.sh\n'}
[41.670649] (sick_safetyscanners2) StdoutLine: {'line': b'-- Installing: /home/nrc/Manual_Control_F3/install/sick_safetyscanners2/share/sick_safetyscanners2/local_setup.zsh\n'}
[41.670744] (sick_safetyscanners2) StdoutLine: {'line': b'-- Installing: /home/nrc/Manual_Control_F3/install/sick_safetyscanners2/share/sick_safetyscanners2/local_setup.dsv\n'}
[41.670841] (sick_safetyscanners2) StdoutLine: {'line': b'-- Installing: /home/nrc/Manual_Control_F3/install/sick_safetyscanners2/share/sick_safetyscanners2/package.dsv\n'}
[41.671467] (sick_safetyscanners2) StdoutLine: {'line': b'-- Installing: /home/nrc/Manual_Control_F3/install/sick_safetyscanners2/share/ament_index/resource_index/packages/sick_safetyscanners2\n'}
[41.671615] (sick_safetyscanners2) StdoutLine: {'line': b'-- Installing: /home/nrc/Manual_Control_F3/install/sick_safetyscanners2/share/ament_index/resource_index/rclcpp_components/sick_safetyscanners2\n'}
[41.671672] (sick_safetyscanners2) StdoutLine: {'line': b'-- Installing: /home/nrc/Manual_Control_F3/install/sick_safetyscanners2/share/sick_safetyscanners2/cmake/sick_safetyscanners2_targetExport.cmake\n'}
[41.671722] (sick_safetyscanners2) StdoutLine: {'line': b'-- Installing: /home/nrc/Manual_Control_F3/install/sick_safetyscanners2/share/sick_safetyscanners2/cmake/sick_safetyscanners2_targetExport-noconfig.cmake\n'}
[41.671775] (sick_safetyscanners2) StdoutLine: {'line': b'-- Installing: /home/nrc/Manual_Control_F3/install/sick_safetyscanners2/share/sick_safetyscanners2/cmake/ament_cmake_export_include_directories-extras.cmake\n'}
[41.671835] (sick_safetyscanners2) StdoutLine: {'line': b'-- Installing: /home/nrc/Manual_Control_F3/install/sick_safetyscanners2/share/sick_safetyscanners2/cmake/ament_cmake_export_targets-extras.cmake\n'}
[41.671887] (sick_safetyscanners2) StdoutLine: {'line': b'-- Installing: /home/nrc/Manual_Control_F3/install/sick_safetyscanners2/share/sick_safetyscanners2/cmake/ament_cmake_export_libraries-extras.cmake\n'}
[41.671933] (sick_safetyscanners2) StdoutLine: {'line': b'-- Installing: /home/nrc/Manual_Control_F3/install/sick_safetyscanners2/share/sick_safetyscanners2/cmake/ament_cmake_export_dependencies-extras.cmake\n'}
[41.671989] (sick_safetyscanners2) StdoutLine: {'line': b'-- Installing: /home/nrc/Manual_Control_F3/install/sick_safetyscanners2/share/sick_safetyscanners2/cmake/sick_safetyscanners2Config.cmake\n'}
[41.672042] (sick_safetyscanners2) StdoutLine: {'line': b'-- Installing: /home/nrc/Manual_Control_F3/install/sick_safetyscanners2/share/sick_safetyscanners2/cmake/sick_safetyscanners2Config-version.cmake\n'}
[41.672095] (sick_safetyscanners2) StdoutLine: {'line': b'-- Installing: /home/nrc/Manual_Control_F3/install/sick_safetyscanners2/share/sick_safetyscanners2/package.xml\n'}
[41.676518] (sick_safetyscanners2) CommandEnded: {'returncode': 0}
[41.685821] (sick_safetyscanners2) JobEnded: {'identifier': 'sick_safetyscanners2', 'rc': 0}
[41.686362] (-) EventReactorShutdown: {}
