-- The C compiler identification is GNU 11.4.0
-- The CXX compiler identification is GNU 11.4.0
-- Detecting C compiler ABI info
-- Detecting C compiler ABI info - done
-- Check for working C compiler: /usr/bin/cc - skipped
-- Detecting C compile features
-- Detecting C compile features - done
-- Detecting CXX compiler ABI info
-- Detecting CXX compiler ABI info - done
-- Check for working CXX compiler: /usr/bin/c++ - skipped
-- Detecting CXX compile features
-- Detecting CXX compile features - done
-- Found ament_cmake: 1.3.13 (/opt/ros/humble/share/ament_cmake/cmake)
-- Found Python3: /usr/bin/python3 (found version "3.10.12") found components: Interpreter 
-- Found rosidl_default_generators: 1.2.0 (/opt/ros/humble/share/rosidl_default_generators/cmake)
-- Using all available rosidl_typesupport_c: rosidl_typesupport_fastrtps_c;rosidl_typesupport_introspection_c
-- Found rosidl_adapter: 3.1.8 (/opt/ros/humble/share/rosidl_adapter/cmake)
-- Using all available rosidl_typesupport_cpp: rosidl_typesupport_fastrtps_cpp;rosidl_typesupport_introspection_cpp
-- Found sensor_msgs: 4.9.1 (/opt/ros/humble/share/sensor_msgs/cmake)
-- Found ament_cmake_ros: 0.10.0 (/opt/ros/humble/share/ament_cmake_ros/cmake)
-- Using all available rosidl_typesupport_c: rosidl_typesupport_fastrtps_c;rosidl_typesupport_introspection_c
-- Using all available rosidl_typesupport_cpp: rosidl_typesupport_fastrtps_cpp;rosidl_typesupport_introspection_cpp
-- Found PythonInterp: /usr/bin/python3 (found suitable version "3.10.12", minimum required is "3.6") 
-- Found python_cmake_module: 0.10.0 (/opt/ros/humble/share/python_cmake_module/cmake)
-- Found PythonLibs: /usr/lib/x86_64-linux-gnu/libpython3.10.so (found suitable version "3.10.12", minimum required is "3.5") 
-- Using PYTHON_EXECUTABLE: /usr/bin/python3
-- Using PYTHON_INCLUDE_DIRS: /usr/include/python3.10
-- Using PYTHON_LIBRARIES: /usr/lib/x86_64-linux-gnu/libpython3.10.so
-- Found PythonExtra: .so  
-- Found ament_lint_auto: 0.12.15 (/opt/ros/humble/share/ament_lint_auto/cmake)
-- Added test 'lint_cmake' to check CMake code style
-- Added test 'xmllint' to check XML markup files
-- Configuring done
-- Generating done
-- Build files have been written to: /home/nrc/Manual_Control_F3/build/sick_safetyscanners2_interfaces
[  0%] [34m[1mGenerating C code for ROS interfaces[0m
[  0%] [34m[1mGenerating C++ code for ROS interfaces[0m
[  0%] Built target ament_cmake_python_copy_sick_safetyscanners2_interfaces
running egg_info
creating sick_safetyscanners2_interfaces.egg-info
writing sick_safetyscanners2_interfaces.egg-info/PKG-INFO
writing dependency_links to sick_safetyscanners2_interfaces.egg-info/dependency_links.txt
writing top-level names to sick_safetyscanners2_interfaces.egg-info/top_level.txt
writing manifest file 'sick_safetyscanners2_interfaces.egg-info/SOURCES.txt'
reading manifest file 'sick_safetyscanners2_interfaces.egg-info/SOURCES.txt'
writing manifest file 'sick_safetyscanners2_interfaces.egg-info/SOURCES.txt'
[  0%] Built target ament_cmake_python_build_sick_safetyscanners2_interfaces_egg
[  0%] Built target sick_safetyscanners2_interfaces__cpp
[  1%] [34m[1mGenerating C++ type support dispatch for ROS interfaces[0m
[  2%] [34m[1mGenerating C++ type support for eProsima Fast-RTPS[0m
[  2%] [34m[1mGenerating C++ introspection for ROS interfaces[0m
[  3%] [32mBuilding C object CMakeFiles/sick_safetyscanners2_interfaces__rosidl_generator_c.dir/rosidl_generator_c/sick_safetyscanners2_interfaces/msg/detail/data_header__functions.c.o[0m
[  3%] [32mBuilding C object CMakeFiles/sick_safetyscanners2_interfaces__rosidl_generator_c.dir/rosidl_generator_c/sick_safetyscanners2_interfaces/msg/detail/application_outputs__functions.c.o[0m
[  4%] [32mBuilding C object CMakeFiles/sick_safetyscanners2_interfaces__rosidl_generator_c.dir/rosidl_generator_c/sick_safetyscanners2_interfaces/msg/detail/application_data__functions.c.o[0m
[  5%] [32mBuilding C object CMakeFiles/sick_safetyscanners2_interfaces__rosidl_generator_c.dir/rosidl_generator_c/sick_safetyscanners2_interfaces/msg/detail/application_inputs__functions.c.o[0m
[  6%] [32mBuilding C object CMakeFiles/sick_safetyscanners2_interfaces__rosidl_generator_c.dir/rosidl_generator_c/sick_safetyscanners2_interfaces/msg/detail/derived_values__functions.c.o[0m
[  6%] [32mBuilding C object CMakeFiles/sick_safetyscanners2_interfaces__rosidl_generator_c.dir/rosidl_generator_c/sick_safetyscanners2_interfaces/msg/detail/extended_laser_scan__functions.c.o[0m
[  7%] [32mBuilding C object CMakeFiles/sick_safetyscanners2_interfaces__rosidl_generator_c.dir/rosidl_generator_c/sick_safetyscanners2_interfaces/msg/detail/field__functions.c.o[0m
[  8%] [32mBuilding C object CMakeFiles/sick_safetyscanners2_interfaces__rosidl_generator_c.dir/rosidl_generator_c/sick_safetyscanners2_interfaces/msg/detail/intrusion_data__functions.c.o[0m
[  8%] [32mBuilding C object CMakeFiles/sick_safetyscanners2_interfaces__rosidl_generator_c.dir/rosidl_generator_c/sick_safetyscanners2_interfaces/msg/detail/general_system_state__functions.c.o[0m
[  9%] [32mBuilding C object CMakeFiles/sick_safetyscanners2_interfaces__rosidl_generator_c.dir/rosidl_generator_c/sick_safetyscanners2_interfaces/msg/detail/intrusion_datum__functions.c.o[0m
[ 10%] [32mBuilding C object CMakeFiles/sick_safetyscanners2_interfaces__rosidl_generator_c.dir/rosidl_generator_c/sick_safetyscanners2_interfaces/msg/detail/monitoring_case__functions.c.o[0m
[ 10%] [32mBuilding C object CMakeFiles/sick_safetyscanners2_interfaces__rosidl_generator_c.dir/rosidl_generator_c/sick_safetyscanners2_interfaces/msg/detail/measurement_data__functions.c.o[0m
[ 11%] [32mBuilding C object CMakeFiles/sick_safetyscanners2_interfaces__rosidl_generator_c.dir/rosidl_generator_c/sick_safetyscanners2_interfaces/msg/detail/output_paths__functions.c.o[0m
[ 11%] [32mBuilding C object CMakeFiles/sick_safetyscanners2_interfaces__rosidl_generator_c.dir/rosidl_generator_c/sick_safetyscanners2_interfaces/msg/detail/raw_micro_scan_data__functions.c.o[0m
[ 12%] [32mBuilding C object CMakeFiles/sick_safetyscanners2_interfaces__rosidl_generator_c.dir/rosidl_generator_c/sick_safetyscanners2_interfaces/msg/detail/scan_point__functions.c.o[0m
[ 12%] [32mBuilding C object CMakeFiles/sick_safetyscanners2_interfaces__rosidl_generator_c.dir/rosidl_generator_c/sick_safetyscanners2_interfaces/srv/detail/field_data__functions.c.o[0m
[ 13%] [32mBuilding C object CMakeFiles/sick_safetyscanners2_interfaces__rosidl_generator_c.dir/rosidl_generator_c/sick_safetyscanners2_interfaces/srv/detail/status_overview__functions.c.o[0m
[ 14%] [32m[1mLinking C shared library libsick_safetyscanners2_interfaces__rosidl_generator_c.so[0m
[ 14%] Built target sick_safetyscanners2_interfaces__rosidl_generator_c
[ 15%] [34m[1mGenerating C type support for eProsima Fast-RTPS[0m
[ 16%] [34m[1mGenerating C introspection for ROS interfaces[0m
[ 17%] [34m[1mGenerating C type support dispatch for ROS interfaces[0m
[ 17%] [32mBuilding CXX object CMakeFiles/sick_safetyscanners2_interfaces__rosidl_typesupport_cpp.dir/rosidl_typesupport_cpp/sick_safetyscanners2_interfaces/msg/application_data__type_support.cpp.o[0m
[ 18%] [32mBuilding CXX object CMakeFiles/sick_safetyscanners2_interfaces__rosidl_typesupport_cpp.dir/rosidl_typesupport_cpp/sick_safetyscanners2_interfaces/msg/application_inputs__type_support.cpp.o[0m
[ 19%] [32mBuilding CXX object CMakeFiles/sick_safetyscanners2_interfaces__rosidl_typesupport_cpp.dir/rosidl_typesupport_cpp/sick_safetyscanners2_interfaces/msg/application_outputs__type_support.cpp.o[0m
[ 19%] [32mBuilding CXX object CMakeFiles/sick_safetyscanners2_interfaces__rosidl_typesupport_cpp.dir/rosidl_typesupport_cpp/sick_safetyscanners2_interfaces/msg/data_header__type_support.cpp.o[0m
[ 20%] [32mBuilding CXX object CMakeFiles/sick_safetyscanners2_interfaces__rosidl_typesupport_cpp.dir/rosidl_typesupport_cpp/sick_safetyscanners2_interfaces/msg/derived_values__type_support.cpp.o[0m
[ 21%] [32mBuilding CXX object CMakeFiles/sick_safetyscanners2_interfaces__rosidl_typesupport_cpp.dir/rosidl_typesupport_cpp/sick_safetyscanners2_interfaces/msg/extended_laser_scan__type_support.cpp.o[0m
[ 22%] [32mBuilding CXX object CMakeFiles/sick_safetyscanners2_interfaces__rosidl_typesupport_introspection_cpp.dir/rosidl_typesupport_introspection_cpp/sick_safetyscanners2_interfaces/msg/detail/application_data__type_support.cpp.o[0m
[ 22%] [32mBuilding CXX object CMakeFiles/sick_safetyscanners2_interfaces__rosidl_typesupport_introspection_cpp.dir/rosidl_typesupport_introspection_cpp/sick_safetyscanners2_interfaces/msg/detail/application_inputs__type_support.cpp.o[0m
[ 23%] [32mBuilding CXX object CMakeFiles/sick_safetyscanners2_interfaces__rosidl_typesupport_introspection_cpp.dir/rosidl_typesupport_introspection_cpp/sick_safetyscanners2_interfaces/msg/detail/application_outputs__type_support.cpp.o[0m
[ 23%] [32mBuilding CXX object CMakeFiles/sick_safetyscanners2_interfaces__rosidl_typesupport_c.dir/rosidl_typesupport_c/sick_safetyscanners2_interfaces/msg/application_data__type_support.cpp.o[0m
[ 24%] [32mBuilding CXX object CMakeFiles/sick_safetyscanners2_interfaces__rosidl_typesupport_c.dir/rosidl_typesupport_c/sick_safetyscanners2_interfaces/msg/application_inputs__type_support.cpp.o[0m
[ 25%] [32mBuilding CXX object CMakeFiles/sick_safetyscanners2_interfaces__rosidl_typesupport_c.dir/rosidl_typesupport_c/sick_safetyscanners2_interfaces/msg/application_outputs__type_support.cpp.o[0m
[ 25%] [32mBuilding CXX object CMakeFiles/sick_safetyscanners2_interfaces__rosidl_typesupport_cpp.dir/rosidl_typesupport_cpp/sick_safetyscanners2_interfaces/msg/field__type_support.cpp.o[0m
[ 25%] [32mBuilding CXX object CMakeFiles/sick_safetyscanners2_interfaces__rosidl_typesupport_c.dir/rosidl_typesupport_c/sick_safetyscanners2_interfaces/msg/data_header__type_support.cpp.o[0m
[ 26%] [32mBuilding CXX object CMakeFiles/sick_safetyscanners2_interfaces__rosidl_typesupport_c.dir/rosidl_typesupport_c/sick_safetyscanners2_interfaces/msg/derived_values__type_support.cpp.o[0m
[ 26%] [32mBuilding CXX object CMakeFiles/sick_safetyscanners2_interfaces__rosidl_typesupport_c.dir/rosidl_typesupport_c/sick_safetyscanners2_interfaces/msg/extended_laser_scan__type_support.cpp.o[0m
[ 27%] [32mBuilding CXX object CMakeFiles/sick_safetyscanners2_interfaces__rosidl_typesupport_c.dir/rosidl_typesupport_c/sick_safetyscanners2_interfaces/msg/field__type_support.cpp.o[0m
[ 28%] [32mBuilding CXX object CMakeFiles/sick_safetyscanners2_interfaces__rosidl_typesupport_c.dir/rosidl_typesupport_c/sick_safetyscanners2_interfaces/msg/general_system_state__type_support.cpp.o[0m
[ 29%] [32mBuilding CXX object CMakeFiles/sick_safetyscanners2_interfaces__rosidl_typesupport_fastrtps_cpp.dir/rosidl_typesupport_fastrtps_cpp/sick_safetyscanners2_interfaces/msg/detail/dds_fastrtps/application_data__type_support.cpp.o[0m
[ 29%] [32mBuilding CXX object CMakeFiles/sick_safetyscanners2_interfaces__rosidl_typesupport_c.dir/rosidl_typesupport_c/sick_safetyscanners2_interfaces/msg/intrusion_data__type_support.cpp.o[0m
[ 30%] [32mBuilding CXX object CMakeFiles/sick_safetyscanners2_interfaces__rosidl_typesupport_cpp.dir/rosidl_typesupport_cpp/sick_safetyscanners2_interfaces/msg/general_system_state__type_support.cpp.o[0m
[ 31%] [32mBuilding CXX object CMakeFiles/sick_safetyscanners2_interfaces__rosidl_typesupport_c.dir/rosidl_typesupport_c/sick_safetyscanners2_interfaces/msg/intrusion_datum__type_support.cpp.o[0m
[ 32%] [32mBuilding CXX object CMakeFiles/sick_safetyscanners2_interfaces__rosidl_typesupport_cpp.dir/rosidl_typesupport_cpp/sick_safetyscanners2_interfaces/msg/intrusion_data__type_support.cpp.o[0m
[ 33%] [32mBuilding CXX object CMakeFiles/sick_safetyscanners2_interfaces__rosidl_typesupport_c.dir/rosidl_typesupport_c/sick_safetyscanners2_interfaces/msg/measurement_data__type_support.cpp.o[0m
[ 33%] [32mBuilding CXX object CMakeFiles/sick_safetyscanners2_interfaces__rosidl_typesupport_c.dir/rosidl_typesupport_c/sick_safetyscanners2_interfaces/msg/monitoring_case__type_support.cpp.o[0m
[ 34%] [32mBuilding CXX object CMakeFiles/sick_safetyscanners2_interfaces__rosidl_typesupport_c.dir/rosidl_typesupport_c/sick_safetyscanners2_interfaces/msg/output_paths__type_support.cpp.o[0m
[ 34%] [32mBuilding CXX object CMakeFiles/sick_safetyscanners2_interfaces__rosidl_typesupport_fastrtps_cpp.dir/rosidl_typesupport_fastrtps_cpp/sick_safetyscanners2_interfaces/msg/detail/dds_fastrtps/application_inputs__type_support.cpp.o[0m
[ 34%] [32mBuilding CXX object CMakeFiles/sick_safetyscanners2_interfaces__rosidl_typesupport_c.dir/rosidl_typesupport_c/sick_safetyscanners2_interfaces/msg/raw_micro_scan_data__type_support.cpp.o[0m
[ 35%] [32mBuilding C object CMakeFiles/sick_safetyscanners2_interfaces__rosidl_typesupport_introspection_c.dir/rosidl_typesupport_introspection_c/sick_safetyscanners2_interfaces/msg/detail/application_data__type_support.c.o[0m
[ 36%] [32mBuilding CXX object CMakeFiles/sick_safetyscanners2_interfaces__rosidl_typesupport_c.dir/rosidl_typesupport_c/sick_safetyscanners2_interfaces/msg/scan_point__type_support.cpp.o[0m
[ 36%] [32mBuilding C object CMakeFiles/sick_safetyscanners2_interfaces__rosidl_typesupport_introspection_c.dir/rosidl_typesupport_introspection_c/sick_safetyscanners2_interfaces/msg/detail/application_inputs__type_support.c.o[0m
[ 37%] [32mBuilding CXX object CMakeFiles/sick_safetyscanners2_interfaces__rosidl_typesupport_introspection_cpp.dir/rosidl_typesupport_introspection_cpp/sick_safetyscanners2_interfaces/msg/detail/data_header__type_support.cpp.o[0m
[ 37%] [32mBuilding CXX object CMakeFiles/sick_safetyscanners2_interfaces__rosidl_typesupport_fastrtps_c.dir/rosidl_typesupport_fastrtps_c/sick_safetyscanners2_interfaces/msg/detail/application_data__type_support_c.cpp.o[0m
[ 38%] [32mBuilding CXX object CMakeFiles/sick_safetyscanners2_interfaces__rosidl_typesupport_c.dir/rosidl_typesupport_c/sick_safetyscanners2_interfaces/srv/field_data__type_support.cpp.o[0m
[ 38%] [32mBuilding CXX object CMakeFiles/sick_safetyscanners2_interfaces__rosidl_typesupport_introspection_cpp.dir/rosidl_typesupport_introspection_cpp/sick_safetyscanners2_interfaces/msg/detail/derived_values__type_support.cpp.o[0m
[ 39%] [32mBuilding C object CMakeFiles/sick_safetyscanners2_interfaces__rosidl_typesupport_introspection_c.dir/rosidl_typesupport_introspection_c/sick_safetyscanners2_interfaces/msg/detail/application_outputs__type_support.c.o[0m
[ 39%] [32mBuilding CXX object CMakeFiles/sick_safetyscanners2_interfaces__rosidl_typesupport_cpp.dir/rosidl_typesupport_cpp/sick_safetyscanners2_interfaces/msg/intrusion_datum__type_support.cpp.o[0m
[ 39%] [32mBuilding CXX object CMakeFiles/sick_safetyscanners2_interfaces__rosidl_typesupport_c.dir/rosidl_typesupport_c/sick_safetyscanners2_interfaces/srv/status_overview__type_support.cpp.o[0m
[ 40%] [32m[1mLinking CXX shared library libsick_safetyscanners2_interfaces__rosidl_typesupport_c.so[0m
[ 40%] [32mBuilding C object CMakeFiles/sick_safetyscanners2_interfaces__rosidl_typesupport_introspection_c.dir/rosidl_typesupport_introspection_c/sick_safetyscanners2_interfaces/msg/detail/data_header__type_support.c.o[0m
[ 41%] [32mBuilding C object CMakeFiles/sick_safetyscanners2_interfaces__rosidl_typesupport_introspection_c.dir/rosidl_typesupport_introspection_c/sick_safetyscanners2_interfaces/msg/detail/derived_values__type_support.c.o[0m
[ 42%] [32mBuilding CXX object CMakeFiles/sick_safetyscanners2_interfaces__rosidl_typesupport_fastrtps_c.dir/rosidl_typesupport_fastrtps_c/sick_safetyscanners2_interfaces/msg/detail/application_inputs__type_support_c.cpp.o[0m
[ 42%] Built target sick_safetyscanners2_interfaces__rosidl_typesupport_c
[ 44%] [32mBuilding C object CMakeFiles/sick_safetyscanners2_interfaces__rosidl_typesupport_introspection_c.dir/rosidl_typesupport_introspection_c/sick_safetyscanners2_interfaces/msg/detail/extended_laser_scan__type_support.c.o[0m
[ 44%] [32mBuilding CXX object CMakeFiles/sick_safetyscanners2_interfaces__rosidl_typesupport_cpp.dir/rosidl_typesupport_cpp/sick_safetyscanners2_interfaces/msg/measurement_data__type_support.cpp.o[0m
[ 44%] [32mBuilding C object CMakeFiles/sick_safetyscanners2_interfaces__rosidl_typesupport_introspection_c.dir/rosidl_typesupport_introspection_c/sick_safetyscanners2_interfaces/msg/detail/field__type_support.c.o[0m
[ 45%] [32mBuilding C object CMakeFiles/sick_safetyscanners2_interfaces__rosidl_typesupport_introspection_c.dir/rosidl_typesupport_introspection_c/sick_safetyscanners2_interfaces/msg/detail/general_system_state__type_support.c.o[0m
[ 46%] [32mBuilding CXX object CMakeFiles/sick_safetyscanners2_interfaces__rosidl_typesupport_introspection_cpp.dir/rosidl_typesupport_introspection_cpp/sick_safetyscanners2_interfaces/msg/detail/extended_laser_scan__type_support.cpp.o[0m
[ 47%] [32mBuilding CXX object CMakeFiles/sick_safetyscanners2_interfaces__rosidl_typesupport_fastrtps_c.dir/rosidl_typesupport_fastrtps_c/sick_safetyscanners2_interfaces/msg/detail/application_outputs__type_support_c.cpp.o[0m
[ 47%] [32mBuilding CXX object CMakeFiles/sick_safetyscanners2_interfaces__rosidl_typesupport_fastrtps_c.dir/rosidl_typesupport_fastrtps_c/sick_safetyscanners2_interfaces/msg/detail/data_header__type_support_c.cpp.o[0m
[ 48%] [32mBuilding C object CMakeFiles/sick_safetyscanners2_interfaces__rosidl_typesupport_introspection_c.dir/rosidl_typesupport_introspection_c/sick_safetyscanners2_interfaces/msg/detail/intrusion_data__type_support.c.o[0m
[ 48%] [32mBuilding C object CMakeFiles/sick_safetyscanners2_interfaces__rosidl_typesupport_introspection_c.dir/rosidl_typesupport_introspection_c/sick_safetyscanners2_interfaces/msg/detail/intrusion_datum__type_support.c.o[0m
[ 49%] [32mBuilding C object CMakeFiles/sick_safetyscanners2_interfaces__rosidl_typesupport_introspection_c.dir/rosidl_typesupport_introspection_c/sick_safetyscanners2_interfaces/msg/detail/measurement_data__type_support.c.o[0m
[ 50%] [32mBuilding CXX object CMakeFiles/sick_safetyscanners2_interfaces__rosidl_typesupport_fastrtps_cpp.dir/rosidl_typesupport_fastrtps_cpp/sick_safetyscanners2_interfaces/msg/detail/dds_fastrtps/application_outputs__type_support.cpp.o[0m
[ 51%] [32mBuilding CXX object CMakeFiles/sick_safetyscanners2_interfaces__rosidl_typesupport_introspection_cpp.dir/rosidl_typesupport_introspection_cpp/sick_safetyscanners2_interfaces/msg/detail/field__type_support.cpp.o[0m
[ 52%] [32mBuilding C object CMakeFiles/sick_safetyscanners2_interfaces__rosidl_typesupport_introspection_c.dir/rosidl_typesupport_introspection_c/sick_safetyscanners2_interfaces/msg/detail/monitoring_case__type_support.c.o[0m
[ 52%] [32mBuilding CXX object CMakeFiles/sick_safetyscanners2_interfaces__rosidl_typesupport_introspection_cpp.dir/rosidl_typesupport_introspection_cpp/sick_safetyscanners2_interfaces/msg/detail/general_system_state__type_support.cpp.o[0m
[ 52%] [32mBuilding CXX object CMakeFiles/sick_safetyscanners2_interfaces__rosidl_typesupport_cpp.dir/rosidl_typesupport_cpp/sick_safetyscanners2_interfaces/msg/monitoring_case__type_support.cpp.o[0m
[ 52%] [32mBuilding C object CMakeFiles/sick_safetyscanners2_interfaces__rosidl_typesupport_introspection_c.dir/rosidl_typesupport_introspection_c/sick_safetyscanners2_interfaces/msg/detail/output_paths__type_support.c.o[0m
[ 53%] [32mBuilding C object CMakeFiles/sick_safetyscanners2_interfaces__rosidl_typesupport_introspection_c.dir/rosidl_typesupport_introspection_c/sick_safetyscanners2_interfaces/msg/detail/raw_micro_scan_data__type_support.c.o[0m
[ 53%] [32mBuilding C object CMakeFiles/sick_safetyscanners2_interfaces__rosidl_typesupport_introspection_c.dir/rosidl_typesupport_introspection_c/sick_safetyscanners2_interfaces/msg/detail/scan_point__type_support.c.o[0m
[ 54%] [32mBuilding C object CMakeFiles/sick_safetyscanners2_interfaces__rosidl_typesupport_introspection_c.dir/rosidl_typesupport_introspection_c/sick_safetyscanners2_interfaces/srv/detail/field_data__type_support.c.o[0m
[ 55%] [32mBuilding CXX object CMakeFiles/sick_safetyscanners2_interfaces__rosidl_typesupport_fastrtps_cpp.dir/rosidl_typesupport_fastrtps_cpp/sick_safetyscanners2_interfaces/msg/detail/dds_fastrtps/data_header__type_support.cpp.o[0m
[ 56%] [32mBuilding CXX object CMakeFiles/sick_safetyscanners2_interfaces__rosidl_typesupport_cpp.dir/rosidl_typesupport_cpp/sick_safetyscanners2_interfaces/msg/output_paths__type_support.cpp.o[0m
[ 57%] [32mBuilding C object CMakeFiles/sick_safetyscanners2_interfaces__rosidl_typesupport_introspection_c.dir/rosidl_typesupport_introspection_c/sick_safetyscanners2_interfaces/srv/detail/status_overview__type_support.c.o[0m
[ 58%] [32mBuilding CXX object CMakeFiles/sick_safetyscanners2_interfaces__rosidl_typesupport_fastrtps_c.dir/rosidl_typesupport_fastrtps_c/sick_safetyscanners2_interfaces/msg/detail/derived_values__type_support_c.cpp.o[0m
[ 58%] [32m[1mLinking C shared library libsick_safetyscanners2_interfaces__rosidl_typesupport_introspection_c.so[0m
[ 59%] [32mBuilding CXX object CMakeFiles/sick_safetyscanners2_interfaces__rosidl_typesupport_introspection_cpp.dir/rosidl_typesupport_introspection_cpp/sick_safetyscanners2_interfaces/msg/detail/intrusion_data__type_support.cpp.o[0m
[ 59%] Built target sick_safetyscanners2_interfaces__rosidl_typesupport_introspection_c
[ 59%] [32mBuilding CXX object CMakeFiles/sick_safetyscanners2_interfaces__rosidl_typesupport_fastrtps_cpp.dir/rosidl_typesupport_fastrtps_cpp/sick_safetyscanners2_interfaces/msg/detail/dds_fastrtps/derived_values__type_support.cpp.o[0m
[ 59%] [32mBuilding CXX object CMakeFiles/sick_safetyscanners2_interfaces__rosidl_typesupport_introspection_cpp.dir/rosidl_typesupport_introspection_cpp/sick_safetyscanners2_interfaces/msg/detail/intrusion_datum__type_support.cpp.o[0m
[ 60%] [32mBuilding CXX object CMakeFiles/sick_safetyscanners2_interfaces__rosidl_typesupport_fastrtps_cpp.dir/rosidl_typesupport_fastrtps_cpp/sick_safetyscanners2_interfaces/msg/detail/dds_fastrtps/extended_laser_scan__type_support.cpp.o[0m
[ 61%] [32mBuilding CXX object CMakeFiles/sick_safetyscanners2_interfaces__rosidl_typesupport_fastrtps_c.dir/rosidl_typesupport_fastrtps_c/sick_safetyscanners2_interfaces/msg/detail/extended_laser_scan__type_support_c.cpp.o[0m
[ 62%] [32mBuilding CXX object CMakeFiles/sick_safetyscanners2_interfaces__rosidl_typesupport_cpp.dir/rosidl_typesupport_cpp/sick_safetyscanners2_interfaces/msg/raw_micro_scan_data__type_support.cpp.o[0m
[ 62%] [32mBuilding CXX object CMakeFiles/sick_safetyscanners2_interfaces__rosidl_typesupport_cpp.dir/rosidl_typesupport_cpp/sick_safetyscanners2_interfaces/msg/scan_point__type_support.cpp.o[0m
[ 63%] [32mBuilding CXX object CMakeFiles/sick_safetyscanners2_interfaces__rosidl_typesupport_introspection_cpp.dir/rosidl_typesupport_introspection_cpp/sick_safetyscanners2_interfaces/msg/detail/measurement_data__type_support.cpp.o[0m
[ 64%] [32mBuilding CXX object CMakeFiles/sick_safetyscanners2_interfaces__rosidl_typesupport_cpp.dir/rosidl_typesupport_cpp/sick_safetyscanners2_interfaces/srv/field_data__type_support.cpp.o[0m
[ 64%] [32mBuilding CXX object CMakeFiles/sick_safetyscanners2_interfaces__rosidl_typesupport_fastrtps_c.dir/rosidl_typesupport_fastrtps_c/sick_safetyscanners2_interfaces/msg/detail/field__type_support_c.cpp.o[0m
[ 64%] [32mBuilding CXX object CMakeFiles/sick_safetyscanners2_interfaces__rosidl_typesupport_fastrtps_cpp.dir/rosidl_typesupport_fastrtps_cpp/sick_safetyscanners2_interfaces/msg/detail/dds_fastrtps/field__type_support.cpp.o[0m
[ 65%] [32mBuilding CXX object CMakeFiles/sick_safetyscanners2_interfaces__rosidl_typesupport_fastrtps_cpp.dir/rosidl_typesupport_fastrtps_cpp/sick_safetyscanners2_interfaces/msg/detail/dds_fastrtps/general_system_state__type_support.cpp.o[0m
[ 66%] [32mBuilding CXX object CMakeFiles/sick_safetyscanners2_interfaces__rosidl_typesupport_introspection_cpp.dir/rosidl_typesupport_introspection_cpp/sick_safetyscanners2_interfaces/msg/detail/monitoring_case__type_support.cpp.o[0m
[ 66%] [32mBuilding CXX object CMakeFiles/sick_safetyscanners2_interfaces__rosidl_typesupport_introspection_cpp.dir/rosidl_typesupport_introspection_cpp/sick_safetyscanners2_interfaces/msg/detail/output_paths__type_support.cpp.o[0m
[ 67%] [32mBuilding CXX object CMakeFiles/sick_safetyscanners2_interfaces__rosidl_typesupport_fastrtps_cpp.dir/rosidl_typesupport_fastrtps_cpp/sick_safetyscanners2_interfaces/msg/detail/dds_fastrtps/intrusion_data__type_support.cpp.o[0m
[ 68%] [32mBuilding CXX object CMakeFiles/sick_safetyscanners2_interfaces__rosidl_typesupport_cpp.dir/rosidl_typesupport_cpp/sick_safetyscanners2_interfaces/srv/status_overview__type_support.cpp.o[0m
[ 69%] [32mBuilding CXX object CMakeFiles/sick_safetyscanners2_interfaces__rosidl_typesupport_fastrtps_c.dir/rosidl_typesupport_fastrtps_c/sick_safetyscanners2_interfaces/msg/detail/general_system_state__type_support_c.cpp.o[0m
[ 69%] [32mBuilding CXX object CMakeFiles/sick_safetyscanners2_interfaces__rosidl_typesupport_fastrtps_cpp.dir/rosidl_typesupport_fastrtps_cpp/sick_safetyscanners2_interfaces/msg/detail/dds_fastrtps/intrusion_datum__type_support.cpp.o[0m
[ 69%] [32mBuilding CXX object CMakeFiles/sick_safetyscanners2_interfaces__rosidl_typesupport_fastrtps_c.dir/rosidl_typesupport_fastrtps_c/sick_safetyscanners2_interfaces/msg/detail/intrusion_data__type_support_c.cpp.o[0m
[ 69%] [32m[1mLinking CXX shared library libsick_safetyscanners2_interfaces__rosidl_typesupport_cpp.so[0m
[ 70%] [32mBuilding CXX object CMakeFiles/sick_safetyscanners2_interfaces__rosidl_typesupport_fastrtps_cpp.dir/rosidl_typesupport_fastrtps_cpp/sick_safetyscanners2_interfaces/msg/detail/dds_fastrtps/measurement_data__type_support.cpp.o[0m
[ 71%] [32mBuilding CXX object CMakeFiles/sick_safetyscanners2_interfaces__rosidl_typesupport_fastrtps_cpp.dir/rosidl_typesupport_fastrtps_cpp/sick_safetyscanners2_interfaces/msg/detail/dds_fastrtps/monitoring_case__type_support.cpp.o[0m
[ 72%] [32mBuilding CXX object CMakeFiles/sick_safetyscanners2_interfaces__rosidl_typesupport_introspection_cpp.dir/rosidl_typesupport_introspection_cpp/sick_safetyscanners2_interfaces/msg/detail/raw_micro_scan_data__type_support.cpp.o[0m
[ 72%] Built target sick_safetyscanners2_interfaces__rosidl_typesupport_cpp
[ 73%] [32mBuilding CXX object CMakeFiles/sick_safetyscanners2_interfaces__rosidl_typesupport_introspection_cpp.dir/rosidl_typesupport_introspection_cpp/sick_safetyscanners2_interfaces/msg/detail/scan_point__type_support.cpp.o[0m
[ 73%] [32mBuilding CXX object CMakeFiles/sick_safetyscanners2_interfaces__rosidl_typesupport_fastrtps_cpp.dir/rosidl_typesupport_fastrtps_cpp/sick_safetyscanners2_interfaces/msg/detail/dds_fastrtps/output_paths__type_support.cpp.o[0m
[ 74%] [32mBuilding CXX object CMakeFiles/sick_safetyscanners2_interfaces__rosidl_typesupport_fastrtps_c.dir/rosidl_typesupport_fastrtps_c/sick_safetyscanners2_interfaces/msg/detail/intrusion_datum__type_support_c.cpp.o[0m
[ 74%] [32mBuilding CXX object CMakeFiles/sick_safetyscanners2_interfaces__rosidl_typesupport_introspection_cpp.dir/rosidl_typesupport_introspection_cpp/sick_safetyscanners2_interfaces/srv/detail/field_data__type_support.cpp.o[0m
[ 75%] [32mBuilding CXX object CMakeFiles/sick_safetyscanners2_interfaces__rosidl_typesupport_fastrtps_cpp.dir/rosidl_typesupport_fastrtps_cpp/sick_safetyscanners2_interfaces/msg/detail/dds_fastrtps/raw_micro_scan_data__type_support.cpp.o[0m
[ 76%] [32mBuilding CXX object CMakeFiles/sick_safetyscanners2_interfaces__rosidl_typesupport_fastrtps_c.dir/rosidl_typesupport_fastrtps_c/sick_safetyscanners2_interfaces/msg/detail/measurement_data__type_support_c.cpp.o[0m
[ 77%] [32mBuilding CXX object CMakeFiles/sick_safetyscanners2_interfaces__rosidl_typesupport_introspection_cpp.dir/rosidl_typesupport_introspection_cpp/sick_safetyscanners2_interfaces/srv/detail/status_overview__type_support.cpp.o[0m
[ 77%] [32mBuilding CXX object CMakeFiles/sick_safetyscanners2_interfaces__rosidl_typesupport_fastrtps_cpp.dir/rosidl_typesupport_fastrtps_cpp/sick_safetyscanners2_interfaces/msg/detail/dds_fastrtps/scan_point__type_support.cpp.o[0m
[ 78%] [32mBuilding CXX object CMakeFiles/sick_safetyscanners2_interfaces__rosidl_typesupport_fastrtps_cpp.dir/rosidl_typesupport_fastrtps_cpp/sick_safetyscanners2_interfaces/srv/detail/dds_fastrtps/field_data__type_support.cpp.o[0m
[ 78%] [32mBuilding CXX object CMakeFiles/sick_safetyscanners2_interfaces__rosidl_typesupport_fastrtps_c.dir/rosidl_typesupport_fastrtps_c/sick_safetyscanners2_interfaces/msg/detail/monitoring_case__type_support_c.cpp.o[0m
[ 79%] [32mBuilding CXX object CMakeFiles/sick_safetyscanners2_interfaces__rosidl_typesupport_fastrtps_c.dir/rosidl_typesupport_fastrtps_c/sick_safetyscanners2_interfaces/msg/detail/output_paths__type_support_c.cpp.o[0m
[ 80%] [32mBuilding CXX object CMakeFiles/sick_safetyscanners2_interfaces__rosidl_typesupport_fastrtps_c.dir/rosidl_typesupport_fastrtps_c/sick_safetyscanners2_interfaces/msg/detail/raw_micro_scan_data__type_support_c.cpp.o[0m
[ 81%] [32mBuilding CXX object CMakeFiles/sick_safetyscanners2_interfaces__rosidl_typesupport_fastrtps_cpp.dir/rosidl_typesupport_fastrtps_cpp/sick_safetyscanners2_interfaces/srv/detail/dds_fastrtps/status_overview__type_support.cpp.o[0m
[ 81%] [32mBuilding CXX object CMakeFiles/sick_safetyscanners2_interfaces__rosidl_typesupport_fastrtps_c.dir/rosidl_typesupport_fastrtps_c/sick_safetyscanners2_interfaces/msg/detail/scan_point__type_support_c.cpp.o[0m
[ 82%] [32mBuilding CXX object CMakeFiles/sick_safetyscanners2_interfaces__rosidl_typesupport_fastrtps_c.dir/rosidl_typesupport_fastrtps_c/sick_safetyscanners2_interfaces/srv/detail/field_data__type_support_c.cpp.o[0m
[ 83%] [32mBuilding CXX object CMakeFiles/sick_safetyscanners2_interfaces__rosidl_typesupport_fastrtps_c.dir/rosidl_typesupport_fastrtps_c/sick_safetyscanners2_interfaces/srv/detail/status_overview__type_support_c.cpp.o[0m
[ 84%] [32m[1mLinking CXX shared library libsick_safetyscanners2_interfaces__rosidl_typesupport_introspection_cpp.so[0m
[ 84%] Built target sick_safetyscanners2_interfaces__rosidl_typesupport_introspection_cpp
[ 84%] [32m[1mLinking CXX shared library libsick_safetyscanners2_interfaces__rosidl_typesupport_fastrtps_cpp.so[0m
[ 84%] [32m[1mLinking CXX shared library libsick_safetyscanners2_interfaces__rosidl_typesupport_fastrtps_c.so[0m
[ 84%] Built target sick_safetyscanners2_interfaces__rosidl_typesupport_fastrtps_cpp
[ 84%] Built target sick_safetyscanners2_interfaces__rosidl_typesupport_fastrtps_c
[ 84%] Built target sick_safetyscanners2_interfaces
[ 85%] [34m[1mGenerating Python code for ROS interfaces[0m
[ 85%] Built target sick_safetyscanners2_interfaces__py
[ 85%] [32mBuilding C object CMakeFiles/sick_safetyscanners2_interfaces__rosidl_generator_py.dir/rosidl_generator_py/sick_safetyscanners2_interfaces/msg/_application_data_s.c.o[0m
[ 86%] [32mBuilding C object CMakeFiles/sick_safetyscanners2_interfaces__rosidl_generator_py.dir/rosidl_generator_py/sick_safetyscanners2_interfaces/msg/_derived_values_s.c.o[0m
[ 87%] [32mBuilding C object CMakeFiles/sick_safetyscanners2_interfaces__rosidl_generator_py.dir/rosidl_generator_py/sick_safetyscanners2_interfaces/msg/_application_inputs_s.c.o[0m
[ 88%] [32mBuilding C object CMakeFiles/sick_safetyscanners2_interfaces__rosidl_generator_py.dir/rosidl_generator_py/sick_safetyscanners2_interfaces/msg/_general_system_state_s.c.o[0m
[ 88%] [32mBuilding C object CMakeFiles/sick_safetyscanners2_interfaces__rosidl_generator_py.dir/rosidl_generator_py/sick_safetyscanners2_interfaces/msg/_data_header_s.c.o[0m
[ 89%] [32mBuilding C object CMakeFiles/sick_safetyscanners2_interfaces__rosidl_generator_py.dir/rosidl_generator_py/sick_safetyscanners2_interfaces/msg/_field_s.c.o[0m
[ 90%] [32mBuilding C object CMakeFiles/sick_safetyscanners2_interfaces__rosidl_generator_py.dir/rosidl_generator_py/sick_safetyscanners2_interfaces/msg/_extended_laser_scan_s.c.o[0m
[ 90%] [32mBuilding C object CMakeFiles/sick_safetyscanners2_interfaces__rosidl_generator_py.dir/rosidl_generator_py/sick_safetyscanners2_interfaces/msg/_application_outputs_s.c.o[0m
[ 90%] [32mBuilding C object CMakeFiles/sick_safetyscanners2_interfaces__rosidl_generator_py.dir/rosidl_generator_py/sick_safetyscanners2_interfaces/msg/_intrusion_data_s.c.o[0m
[ 91%] [32mBuilding C object CMakeFiles/sick_safetyscanners2_interfaces__rosidl_generator_py.dir/rosidl_generator_py/sick_safetyscanners2_interfaces/msg/_intrusion_datum_s.c.o[0m
[ 92%] [32mBuilding C object CMakeFiles/sick_safetyscanners2_interfaces__rosidl_generator_py.dir/rosidl_generator_py/sick_safetyscanners2_interfaces/msg/_measurement_data_s.c.o[0m
[ 92%] [32mBuilding C object CMakeFiles/sick_safetyscanners2_interfaces__rosidl_generator_py.dir/rosidl_generator_py/sick_safetyscanners2_interfaces/msg/_monitoring_case_s.c.o[0m
[ 92%] [32mBuilding C object CMakeFiles/sick_safetyscanners2_interfaces__rosidl_generator_py.dir/rosidl_generator_py/sick_safetyscanners2_interfaces/msg/_scan_point_s.c.o[0m
[ 93%] [32mBuilding C object CMakeFiles/sick_safetyscanners2_interfaces__rosidl_generator_py.dir/rosidl_generator_py/sick_safetyscanners2_interfaces/msg/_output_paths_s.c.o[0m
[ 94%] [32mBuilding C object CMakeFiles/sick_safetyscanners2_interfaces__rosidl_generator_py.dir/rosidl_generator_py/sick_safetyscanners2_interfaces/msg/_raw_micro_scan_data_s.c.o[0m
[ 95%] [32mBuilding C object CMakeFiles/sick_safetyscanners2_interfaces__rosidl_generator_py.dir/rosidl_generator_py/sick_safetyscanners2_interfaces/srv/_field_data_s.c.o[0m
[ 95%] [32mBuilding C object CMakeFiles/sick_safetyscanners2_interfaces__rosidl_generator_py.dir/rosidl_generator_py/sick_safetyscanners2_interfaces/srv/_status_overview_s.c.o[0m
[ 96%] [32m[1mLinking C shared library rosidl_generator_py/sick_safetyscanners2_interfaces/libsick_safetyscanners2_interfaces__rosidl_generator_py.so[0m
[ 96%] Built target sick_safetyscanners2_interfaces__rosidl_generator_py
[ 97%] [32mBuilding C object CMakeFiles/sick_safetyscanners2_interfaces__rosidl_typesupport_fastrtps_c__pyext.dir/rosidl_generator_py/sick_safetyscanners2_interfaces/_sick_safetyscanners2_interfaces_s.ep.rosidl_typesupport_fastrtps_c.c.o[0m
[ 98%] [32mBuilding C object CMakeFiles/sick_safetyscanners2_interfaces__rosidl_typesupport_introspection_c__pyext.dir/rosidl_generator_py/sick_safetyscanners2_interfaces/_sick_safetyscanners2_interfaces_s.ep.rosidl_typesupport_introspection_c.c.o[0m
[ 99%] [32mBuilding C object CMakeFiles/sick_safetyscanners2_interfaces__rosidl_typesupport_c__pyext.dir/rosidl_generator_py/sick_safetyscanners2_interfaces/_sick_safetyscanners2_interfaces_s.ep.rosidl_typesupport_c.c.o[0m
[ 99%] [32m[1mLinking C shared library rosidl_generator_py/sick_safetyscanners2_interfaces/sick_safetyscanners2_interfaces_s__rosidl_typesupport_fastrtps_c.cpython-310-x86_64-linux-gnu.so[0m
[ 99%] [32m[1mLinking C shared library rosidl_generator_py/sick_safetyscanners2_interfaces/sick_safetyscanners2_interfaces_s__rosidl_typesupport_c.cpython-310-x86_64-linux-gnu.so[0m
[100%] [32m[1mLinking C shared library rosidl_generator_py/sick_safetyscanners2_interfaces/sick_safetyscanners2_interfaces_s__rosidl_typesupport_introspection_c.cpython-310-x86_64-linux-gnu.so[0m
[100%] Built target sick_safetyscanners2_interfaces__rosidl_typesupport_fastrtps_c__pyext
[100%] Built target sick_safetyscanners2_interfaces__rosidl_typesupport_c__pyext
[100%] Built target sick_safetyscanners2_interfaces__rosidl_typesupport_introspection_c__pyext
-- Install configuration: ""
-- Installing: /home/nrc/Manual_Control_F3/install/sick_safetyscanners2_interfaces/share/ament_index/resource_index/rosidl_interfaces/sick_safetyscanners2_interfaces
-- Installing: /home/nrc/Manual_Control_F3/install/sick_safetyscanners2_interfaces/include/sick_safetyscanners2_interfaces/sick_safetyscanners2_interfaces
-- Installing: /home/nrc/Manual_Control_F3/install/sick_safetyscanners2_interfaces/include/sick_safetyscanners2_interfaces/sick_safetyscanners2_interfaces/msg
-- Installing: /home/nrc/Manual_Control_F3/install/sick_safetyscanners2_interfaces/include/sick_safetyscanners2_interfaces/sick_safetyscanners2_interfaces/msg/application_outputs.h
-- Installing: /home/nrc/Manual_Control_F3/install/sick_safetyscanners2_interfaces/include/sick_safetyscanners2_interfaces/sick_safetyscanners2_interfaces/msg/rosidl_generator_c__visibility_control.h
-- Installing: /home/nrc/Manual_Control_F3/install/sick_safetyscanners2_interfaces/include/sick_safetyscanners2_interfaces/sick_safetyscanners2_interfaces/msg/raw_micro_scan_data.h
-- Installing: /home/nrc/Manual_Control_F3/install/sick_safetyscanners2_interfaces/include/sick_safetyscanners2_interfaces/sick_safetyscanners2_interfaces/msg/general_system_state.h
-- Installing: /home/nrc/Manual_Control_F3/install/sick_safetyscanners2_interfaces/include/sick_safetyscanners2_interfaces/sick_safetyscanners2_interfaces/msg/extended_laser_scan.h
-- Installing: /home/nrc/Manual_Control_F3/install/sick_safetyscanners2_interfaces/include/sick_safetyscanners2_interfaces/sick_safetyscanners2_interfaces/msg/measurement_data.h
-- Installing: /home/nrc/Manual_Control_F3/install/sick_safetyscanners2_interfaces/include/sick_safetyscanners2_interfaces/sick_safetyscanners2_interfaces/msg/intrusion_datum.h
-- Installing: /home/nrc/Manual_Control_F3/install/sick_safetyscanners2_interfaces/include/sick_safetyscanners2_interfaces/sick_safetyscanners2_interfaces/msg/field.h
-- Installing: /home/nrc/Manual_Control_F3/install/sick_safetyscanners2_interfaces/include/sick_safetyscanners2_interfaces/sick_safetyscanners2_interfaces/msg/derived_values.h
-- Installing: /home/nrc/Manual_Control_F3/install/sick_safetyscanners2_interfaces/include/sick_safetyscanners2_interfaces/sick_safetyscanners2_interfaces/msg/application_data.h
-- Installing: /home/nrc/Manual_Control_F3/install/sick_safetyscanners2_interfaces/include/sick_safetyscanners2_interfaces/sick_safetyscanners2_interfaces/msg/intrusion_data.h
-- Installing: /home/nrc/Manual_Control_F3/install/sick_safetyscanners2_interfaces/include/sick_safetyscanners2_interfaces/sick_safetyscanners2_interfaces/msg/monitoring_case.h
-- Installing: /home/nrc/Manual_Control_F3/install/sick_safetyscanners2_interfaces/include/sick_safetyscanners2_interfaces/sick_safetyscanners2_interfaces/msg/data_header.h
-- Installing: /home/nrc/Manual_Control_F3/install/sick_safetyscanners2_interfaces/include/sick_safetyscanners2_interfaces/sick_safetyscanners2_interfaces/msg/output_paths.h
-- Installing: /home/nrc/Manual_Control_F3/install/sick_safetyscanners2_interfaces/include/sick_safetyscanners2_interfaces/sick_safetyscanners2_interfaces/msg/detail
-- Installing: /home/nrc/Manual_Control_F3/install/sick_safetyscanners2_interfaces/include/sick_safetyscanners2_interfaces/sick_safetyscanners2_interfaces/msg/detail/general_system_state__functions.h
-- Installing: /home/nrc/Manual_Control_F3/install/sick_safetyscanners2_interfaces/include/sick_safetyscanners2_interfaces/sick_safetyscanners2_interfaces/msg/detail/monitoring_case__functions.h
-- Installing: /home/nrc/Manual_Control_F3/install/sick_safetyscanners2_interfaces/include/sick_safetyscanners2_interfaces/sick_safetyscanners2_interfaces/msg/detail/derived_values__type_support.h
-- Installing: /home/nrc/Manual_Control_F3/install/sick_safetyscanners2_interfaces/include/sick_safetyscanners2_interfaces/sick_safetyscanners2_interfaces/msg/detail/monitoring_case__struct.h
-- Installing: /home/nrc/Manual_Control_F3/install/sick_safetyscanners2_interfaces/include/sick_safetyscanners2_interfaces/sick_safetyscanners2_interfaces/msg/detail/monitoring_case__functions.c
-- Installing: /home/nrc/Manual_Control_F3/install/sick_safetyscanners2_interfaces/include/sick_safetyscanners2_interfaces/sick_safetyscanners2_interfaces/msg/detail/raw_micro_scan_data__functions.h
-- Installing: /home/nrc/Manual_Control_F3/install/sick_safetyscanners2_interfaces/include/sick_safetyscanners2_interfaces/sick_safetyscanners2_interfaces/msg/detail/output_paths__functions.c
-- Installing: /home/nrc/Manual_Control_F3/install/sick_safetyscanners2_interfaces/include/sick_safetyscanners2_interfaces/sick_safetyscanners2_interfaces/msg/detail/measurement_data__struct.h
-- Installing: /home/nrc/Manual_Control_F3/install/sick_safetyscanners2_interfaces/include/sick_safetyscanners2_interfaces/sick_safetyscanners2_interfaces/msg/detail/application_outputs__type_support.h
-- Installing: /home/nrc/Manual_Control_F3/install/sick_safetyscanners2_interfaces/include/sick_safetyscanners2_interfaces/sick_safetyscanners2_interfaces/msg/detail/data_header__functions.c
-- Installing: /home/nrc/Manual_Control_F3/install/sick_safetyscanners2_interfaces/include/sick_safetyscanners2_interfaces/sick_safetyscanners2_interfaces/msg/detail/raw_micro_scan_data__type_support.h
-- Installing: /home/nrc/Manual_Control_F3/install/sick_safetyscanners2_interfaces/include/sick_safetyscanners2_interfaces/sick_safetyscanners2_interfaces/msg/detail/general_system_state__struct.h
-- Installing: /home/nrc/Manual_Control_F3/install/sick_safetyscanners2_interfaces/include/sick_safetyscanners2_interfaces/sick_safetyscanners2_interfaces/msg/detail/application_data__functions.h
-- Installing: /home/nrc/Manual_Control_F3/install/sick_safetyscanners2_interfaces/include/sick_safetyscanners2_interfaces/sick_safetyscanners2_interfaces/msg/detail/general_system_state__type_support.h
-- Installing: /home/nrc/Manual_Control_F3/install/sick_safetyscanners2_interfaces/include/sick_safetyscanners2_interfaces/sick_safetyscanners2_interfaces/msg/detail/application_data__struct.h
-- Installing: /home/nrc/Manual_Control_F3/install/sick_safetyscanners2_interfaces/include/sick_safetyscanners2_interfaces/sick_safetyscanners2_interfaces/msg/detail/monitoring_case__type_support.h
-- Installing: /home/nrc/Manual_Control_F3/install/sick_safetyscanners2_interfaces/include/sick_safetyscanners2_interfaces/sick_safetyscanners2_interfaces/msg/detail/application_inputs__struct.h
-- Installing: /home/nrc/Manual_Control_F3/install/sick_safetyscanners2_interfaces/include/sick_safetyscanners2_interfaces/sick_safetyscanners2_interfaces/msg/detail/intrusion_data__functions.h
-- Installing: /home/nrc/Manual_Control_F3/install/sick_safetyscanners2_interfaces/include/sick_safetyscanners2_interfaces/sick_safetyscanners2_interfaces/msg/detail/output_paths__functions.h
-- Installing: /home/nrc/Manual_Control_F3/install/sick_safetyscanners2_interfaces/include/sick_safetyscanners2_interfaces/sick_safetyscanners2_interfaces/msg/detail/intrusion_datum__functions.c
-- Installing: /home/nrc/Manual_Control_F3/install/sick_safetyscanners2_interfaces/include/sick_safetyscanners2_interfaces/sick_safetyscanners2_interfaces/msg/detail/raw_micro_scan_data__functions.c
-- Installing: /home/nrc/Manual_Control_F3/install/sick_safetyscanners2_interfaces/include/sick_safetyscanners2_interfaces/sick_safetyscanners2_interfaces/msg/detail/intrusion_data__type_support.h
-- Installing: /home/nrc/Manual_Control_F3/install/sick_safetyscanners2_interfaces/include/sick_safetyscanners2_interfaces/sick_safetyscanners2_interfaces/msg/detail/intrusion_datum__type_support.h
-- Installing: /home/nrc/Manual_Control_F3/install/sick_safetyscanners2_interfaces/include/sick_safetyscanners2_interfaces/sick_safetyscanners2_interfaces/msg/detail/application_data__type_support.h
-- Installing: /home/nrc/Manual_Control_F3/install/sick_safetyscanners2_interfaces/include/sick_safetyscanners2_interfaces/sick_safetyscanners2_interfaces/msg/detail/intrusion_data__functions.c
-- Installing: /home/nrc/Manual_Control_F3/install/sick_safetyscanners2_interfaces/include/sick_safetyscanners2_interfaces/sick_safetyscanners2_interfaces/msg/detail/application_inputs__functions.h
-- Installing: /home/nrc/Manual_Control_F3/install/sick_safetyscanners2_interfaces/include/sick_safetyscanners2_interfaces/sick_safetyscanners2_interfaces/msg/detail/intrusion_data__struct.h
-- Installing: /home/nrc/Manual_Control_F3/install/sick_safetyscanners2_interfaces/include/sick_safetyscanners2_interfaces/sick_safetyscanners2_interfaces/msg/detail/application_data__functions.c
-- Installing: /home/nrc/Manual_Control_F3/install/sick_safetyscanners2_interfaces/include/sick_safetyscanners2_interfaces/sick_safetyscanners2_interfaces/msg/detail/extended_laser_scan__functions.h
-- Installing: /home/nrc/Manual_Control_F3/install/sick_safetyscanners2_interfaces/include/sick_safetyscanners2_interfaces/sick_safetyscanners2_interfaces/msg/detail/measurement_data__functions.h
-- Installing: /home/nrc/Manual_Control_F3/install/sick_safetyscanners2_interfaces/include/sick_safetyscanners2_interfaces/sick_safetyscanners2_interfaces/msg/detail/data_header__functions.h
-- Installing: /home/nrc/Manual_Control_F3/install/sick_safetyscanners2_interfaces/include/sick_safetyscanners2_interfaces/sick_safetyscanners2_interfaces/msg/detail/field__functions.c
-- Installing: /home/nrc/Manual_Control_F3/install/sick_safetyscanners2_interfaces/include/sick_safetyscanners2_interfaces/sick_safetyscanners2_interfaces/msg/detail/extended_laser_scan__functions.c
-- Installing: /home/nrc/Manual_Control_F3/install/sick_safetyscanners2_interfaces/include/sick_safetyscanners2_interfaces/sick_safetyscanners2_interfaces/msg/detail/data_header__type_support.h
-- Installing: /home/nrc/Manual_Control_F3/install/sick_safetyscanners2_interfaces/include/sick_safetyscanners2_interfaces/sick_safetyscanners2_interfaces/msg/detail/scan_point__functions.c
-- Installing: /home/nrc/Manual_Control_F3/install/sick_safetyscanners2_interfaces/include/sick_safetyscanners2_interfaces/sick_safetyscanners2_interfaces/msg/detail/scan_point__struct.h
-- Installing: /home/nrc/Manual_Control_F3/install/sick_safetyscanners2_interfaces/include/sick_safetyscanners2_interfaces/sick_safetyscanners2_interfaces/msg/detail/application_outputs__functions.c
-- Installing: /home/nrc/Manual_Control_F3/install/sick_safetyscanners2_interfaces/include/sick_safetyscanners2_interfaces/sick_safetyscanners2_interfaces/msg/detail/derived_values__functions.h
-- Installing: /home/nrc/Manual_Control_F3/install/sick_safetyscanners2_interfaces/include/sick_safetyscanners2_interfaces/sick_safetyscanners2_interfaces/msg/detail/extended_laser_scan__type_support.h
-- Installing: /home/nrc/Manual_Control_F3/install/sick_safetyscanners2_interfaces/include/sick_safetyscanners2_interfaces/sick_safetyscanners2_interfaces/msg/detail/derived_values__struct.h
-- Installing: /home/nrc/Manual_Control_F3/install/sick_safetyscanners2_interfaces/include/sick_safetyscanners2_interfaces/sick_safetyscanners2_interfaces/msg/detail/application_outputs__functions.h
-- Installing: /home/nrc/Manual_Control_F3/install/sick_safetyscanners2_interfaces/include/sick_safetyscanners2_interfaces/sick_safetyscanners2_interfaces/msg/detail/extended_laser_scan__struct.h
-- Installing: /home/nrc/Manual_Control_F3/install/sick_safetyscanners2_interfaces/include/sick_safetyscanners2_interfaces/sick_safetyscanners2_interfaces/msg/detail/measurement_data__type_support.h
-- Installing: /home/nrc/Manual_Control_F3/install/sick_safetyscanners2_interfaces/include/sick_safetyscanners2_interfaces/sick_safetyscanners2_interfaces/msg/detail/output_paths__struct.h
-- Installing: /home/nrc/Manual_Control_F3/install/sick_safetyscanners2_interfaces/include/sick_safetyscanners2_interfaces/sick_safetyscanners2_interfaces/msg/detail/output_paths__type_support.h
-- Installing: /home/nrc/Manual_Control_F3/install/sick_safetyscanners2_interfaces/include/sick_safetyscanners2_interfaces/sick_safetyscanners2_interfaces/msg/detail/application_inputs__type_support.h
-- Installing: /home/nrc/Manual_Control_F3/install/sick_safetyscanners2_interfaces/include/sick_safetyscanners2_interfaces/sick_safetyscanners2_interfaces/msg/detail/scan_point__type_support.h
-- Installing: /home/nrc/Manual_Control_F3/install/sick_safetyscanners2_interfaces/include/sick_safetyscanners2_interfaces/sick_safetyscanners2_interfaces/msg/detail/application_outputs__struct.h
-- Installing: /home/nrc/Manual_Control_F3/install/sick_safetyscanners2_interfaces/include/sick_safetyscanners2_interfaces/sick_safetyscanners2_interfaces/msg/detail/intrusion_datum__functions.h
-- Installing: /home/nrc/Manual_Control_F3/install/sick_safetyscanners2_interfaces/include/sick_safetyscanners2_interfaces/sick_safetyscanners2_interfaces/msg/detail/field__struct.h
-- Installing: /home/nrc/Manual_Control_F3/install/sick_safetyscanners2_interfaces/include/sick_safetyscanners2_interfaces/sick_safetyscanners2_interfaces/msg/detail/scan_point__functions.h
-- Installing: /home/nrc/Manual_Control_F3/install/sick_safetyscanners2_interfaces/include/sick_safetyscanners2_interfaces/sick_safetyscanners2_interfaces/msg/detail/intrusion_datum__struct.h
-- Installing: /home/nrc/Manual_Control_F3/install/sick_safetyscanners2_interfaces/include/sick_safetyscanners2_interfaces/sick_safetyscanners2_interfaces/msg/detail/derived_values__functions.c
-- Installing: /home/nrc/Manual_Control_F3/install/sick_safetyscanners2_interfaces/include/sick_safetyscanners2_interfaces/sick_safetyscanners2_interfaces/msg/detail/general_system_state__functions.c
-- Installing: /home/nrc/Manual_Control_F3/install/sick_safetyscanners2_interfaces/include/sick_safetyscanners2_interfaces/sick_safetyscanners2_interfaces/msg/detail/field__functions.h
-- Installing: /home/nrc/Manual_Control_F3/install/sick_safetyscanners2_interfaces/include/sick_safetyscanners2_interfaces/sick_safetyscanners2_interfaces/msg/detail/application_inputs__functions.c
-- Installing: /home/nrc/Manual_Control_F3/install/sick_safetyscanners2_interfaces/include/sick_safetyscanners2_interfaces/sick_safetyscanners2_interfaces/msg/detail/raw_micro_scan_data__struct.h
-- Installing: /home/nrc/Manual_Control_F3/install/sick_safetyscanners2_interfaces/include/sick_safetyscanners2_interfaces/sick_safetyscanners2_interfaces/msg/detail/measurement_data__functions.c
-- Installing: /home/nrc/Manual_Control_F3/install/sick_safetyscanners2_interfaces/include/sick_safetyscanners2_interfaces/sick_safetyscanners2_interfaces/msg/detail/field__type_support.h
-- Installing: /home/nrc/Manual_Control_F3/install/sick_safetyscanners2_interfaces/include/sick_safetyscanners2_interfaces/sick_safetyscanners2_interfaces/msg/detail/data_header__struct.h
-- Installing: /home/nrc/Manual_Control_F3/install/sick_safetyscanners2_interfaces/include/sick_safetyscanners2_interfaces/sick_safetyscanners2_interfaces/msg/scan_point.h
-- Installing: /home/nrc/Manual_Control_F3/install/sick_safetyscanners2_interfaces/include/sick_safetyscanners2_interfaces/sick_safetyscanners2_interfaces/msg/application_inputs.h
-- Installing: /home/nrc/Manual_Control_F3/install/sick_safetyscanners2_interfaces/include/sick_safetyscanners2_interfaces/sick_safetyscanners2_interfaces/srv
-- Installing: /home/nrc/Manual_Control_F3/install/sick_safetyscanners2_interfaces/include/sick_safetyscanners2_interfaces/sick_safetyscanners2_interfaces/srv/status_overview.h
-- Installing: /home/nrc/Manual_Control_F3/install/sick_safetyscanners2_interfaces/include/sick_safetyscanners2_interfaces/sick_safetyscanners2_interfaces/srv/detail
-- Installing: /home/nrc/Manual_Control_F3/install/sick_safetyscanners2_interfaces/include/sick_safetyscanners2_interfaces/sick_safetyscanners2_interfaces/srv/detail/status_overview__functions.h
-- Installing: /home/nrc/Manual_Control_F3/install/sick_safetyscanners2_interfaces/include/sick_safetyscanners2_interfaces/sick_safetyscanners2_interfaces/srv/detail/status_overview__struct.h
-- Installing: /home/nrc/Manual_Control_F3/install/sick_safetyscanners2_interfaces/include/sick_safetyscanners2_interfaces/sick_safetyscanners2_interfaces/srv/detail/field_data__functions.c
-- Installing: /home/nrc/Manual_Control_F3/install/sick_safetyscanners2_interfaces/include/sick_safetyscanners2_interfaces/sick_safetyscanners2_interfaces/srv/detail/field_data__struct.h
-- Installing: /home/nrc/Manual_Control_F3/install/sick_safetyscanners2_interfaces/include/sick_safetyscanners2_interfaces/sick_safetyscanners2_interfaces/srv/detail/field_data__type_support.h
-- Installing: /home/nrc/Manual_Control_F3/install/sick_safetyscanners2_interfaces/include/sick_safetyscanners2_interfaces/sick_safetyscanners2_interfaces/srv/detail/field_data__functions.h
-- Installing: /home/nrc/Manual_Control_F3/install/sick_safetyscanners2_interfaces/include/sick_safetyscanners2_interfaces/sick_safetyscanners2_interfaces/srv/detail/status_overview__type_support.h
-- Installing: /home/nrc/Manual_Control_F3/install/sick_safetyscanners2_interfaces/include/sick_safetyscanners2_interfaces/sick_safetyscanners2_interfaces/srv/detail/status_overview__functions.c
-- Installing: /home/nrc/Manual_Control_F3/install/sick_safetyscanners2_interfaces/include/sick_safetyscanners2_interfaces/sick_safetyscanners2_interfaces/srv/field_data.h
-- Installing: /home/nrc/Manual_Control_F3/install/sick_safetyscanners2_interfaces/share/sick_safetyscanners2_interfaces/environment/library_path.sh
-- Installing: /home/nrc/Manual_Control_F3/install/sick_safetyscanners2_interfaces/share/sick_safetyscanners2_interfaces/environment/library_path.dsv
-- Installing: /home/nrc/Manual_Control_F3/install/sick_safetyscanners2_interfaces/lib/libsick_safetyscanners2_interfaces__rosidl_generator_c.so
-- Set runtime path of "/home/nrc/Manual_Control_F3/install/sick_safetyscanners2_interfaces/lib/libsick_safetyscanners2_interfaces__rosidl_generator_c.so" to ""
-- Up-to-date: /home/nrc/Manual_Control_F3/install/sick_safetyscanners2_interfaces/include/sick_safetyscanners2_interfaces/sick_safetyscanners2_interfaces
-- Up-to-date: /home/nrc/Manual_Control_F3/install/sick_safetyscanners2_interfaces/include/sick_safetyscanners2_interfaces/sick_safetyscanners2_interfaces/msg
-- Installing: /home/nrc/Manual_Control_F3/install/sick_safetyscanners2_interfaces/include/sick_safetyscanners2_interfaces/sick_safetyscanners2_interfaces/msg/rosidl_typesupport_fastrtps_c__visibility_control.h
-- Up-to-date: /home/nrc/Manual_Control_F3/install/sick_safetyscanners2_interfaces/include/sick_safetyscanners2_interfaces/sick_safetyscanners2_interfaces/msg/detail
-- Installing: /home/nrc/Manual_Control_F3/install/sick_safetyscanners2_interfaces/include/sick_safetyscanners2_interfaces/sick_safetyscanners2_interfaces/msg/detail/application_data__rosidl_typesupport_fastrtps_c.h
-- Installing: /home/nrc/Manual_Control_F3/install/sick_safetyscanners2_interfaces/include/sick_safetyscanners2_interfaces/sick_safetyscanners2_interfaces/msg/detail/raw_micro_scan_data__rosidl_typesupport_fastrtps_c.h
-- Installing: /home/nrc/Manual_Control_F3/install/sick_safetyscanners2_interfaces/include/sick_safetyscanners2_interfaces/sick_safetyscanners2_interfaces/msg/detail/measurement_data__rosidl_typesupport_fastrtps_c.h
-- Installing: /home/nrc/Manual_Control_F3/install/sick_safetyscanners2_interfaces/include/sick_safetyscanners2_interfaces/sick_safetyscanners2_interfaces/msg/detail/extended_laser_scan__rosidl_typesupport_fastrtps_c.h
-- Installing: /home/nrc/Manual_Control_F3/install/sick_safetyscanners2_interfaces/include/sick_safetyscanners2_interfaces/sick_safetyscanners2_interfaces/msg/detail/intrusion_data__rosidl_typesupport_fastrtps_c.h
-- Installing: /home/nrc/Manual_Control_F3/install/sick_safetyscanners2_interfaces/include/sick_safetyscanners2_interfaces/sick_safetyscanners2_interfaces/msg/detail/derived_values__rosidl_typesupport_fastrtps_c.h
-- Installing: /home/nrc/Manual_Control_F3/install/sick_safetyscanners2_interfaces/include/sick_safetyscanners2_interfaces/sick_safetyscanners2_interfaces/msg/detail/application_inputs__rosidl_typesupport_fastrtps_c.h
-- Installing: /home/nrc/Manual_Control_F3/install/sick_safetyscanners2_interfaces/include/sick_safetyscanners2_interfaces/sick_safetyscanners2_interfaces/msg/detail/field__rosidl_typesupport_fastrtps_c.h
-- Installing: /home/nrc/Manual_Control_F3/install/sick_safetyscanners2_interfaces/include/sick_safetyscanners2_interfaces/sick_safetyscanners2_interfaces/msg/detail/scan_point__rosidl_typesupport_fastrtps_c.h
-- Installing: /home/nrc/Manual_Control_F3/install/sick_safetyscanners2_interfaces/include/sick_safetyscanners2_interfaces/sick_safetyscanners2_interfaces/msg/detail/monitoring_case__rosidl_typesupport_fastrtps_c.h
-- Installing: /home/nrc/Manual_Control_F3/install/sick_safetyscanners2_interfaces/include/sick_safetyscanners2_interfaces/sick_safetyscanners2_interfaces/msg/detail/general_system_state__rosidl_typesupport_fastrtps_c.h
-- Installing: /home/nrc/Manual_Control_F3/install/sick_safetyscanners2_interfaces/include/sick_safetyscanners2_interfaces/sick_safetyscanners2_interfaces/msg/detail/output_paths__rosidl_typesupport_fastrtps_c.h
-- Installing: /home/nrc/Manual_Control_F3/install/sick_safetyscanners2_interfaces/include/sick_safetyscanners2_interfaces/sick_safetyscanners2_interfaces/msg/detail/data_header__rosidl_typesupport_fastrtps_c.h
-- Installing: /home/nrc/Manual_Control_F3/install/sick_safetyscanners2_interfaces/include/sick_safetyscanners2_interfaces/sick_safetyscanners2_interfaces/msg/detail/intrusion_datum__rosidl_typesupport_fastrtps_c.h
-- Installing: /home/nrc/Manual_Control_F3/install/sick_safetyscanners2_interfaces/include/sick_safetyscanners2_interfaces/sick_safetyscanners2_interfaces/msg/detail/application_outputs__rosidl_typesupport_fastrtps_c.h
-- Up-to-date: /home/nrc/Manual_Control_F3/install/sick_safetyscanners2_interfaces/include/sick_safetyscanners2_interfaces/sick_safetyscanners2_interfaces/srv
-- Up-to-date: /home/nrc/Manual_Control_F3/install/sick_safetyscanners2_interfaces/include/sick_safetyscanners2_interfaces/sick_safetyscanners2_interfaces/srv/detail
-- Installing: /home/nrc/Manual_Control_F3/install/sick_safetyscanners2_interfaces/include/sick_safetyscanners2_interfaces/sick_safetyscanners2_interfaces/srv/detail/field_data__rosidl_typesupport_fastrtps_c.h
-- Installing: /home/nrc/Manual_Control_F3/install/sick_safetyscanners2_interfaces/include/sick_safetyscanners2_interfaces/sick_safetyscanners2_interfaces/srv/detail/status_overview__rosidl_typesupport_fastrtps_c.h
-- Installing: /home/nrc/Manual_Control_F3/install/sick_safetyscanners2_interfaces/lib/libsick_safetyscanners2_interfaces__rosidl_typesupport_fastrtps_c.so
-- Set runtime path of "/home/nrc/Manual_Control_F3/install/sick_safetyscanners2_interfaces/lib/libsick_safetyscanners2_interfaces__rosidl_typesupport_fastrtps_c.so" to ""
-- Up-to-date: /home/nrc/Manual_Control_F3/install/sick_safetyscanners2_interfaces/include/sick_safetyscanners2_interfaces/sick_safetyscanners2_interfaces
-- Up-to-date: /home/nrc/Manual_Control_F3/install/sick_safetyscanners2_interfaces/include/sick_safetyscanners2_interfaces/sick_safetyscanners2_interfaces/msg
-- Installing: /home/nrc/Manual_Control_F3/install/sick_safetyscanners2_interfaces/include/sick_safetyscanners2_interfaces/sick_safetyscanners2_interfaces/msg/rosidl_typesupport_introspection_c__visibility_control.h
-- Up-to-date: /home/nrc/Manual_Control_F3/install/sick_safetyscanners2_interfaces/include/sick_safetyscanners2_interfaces/sick_safetyscanners2_interfaces/msg/detail
-- Installing: /home/nrc/Manual_Control_F3/install/sick_safetyscanners2_interfaces/include/sick_safetyscanners2_interfaces/sick_safetyscanners2_interfaces/msg/detail/application_outputs__type_support.c
-- Installing: /home/nrc/Manual_Control_F3/install/sick_safetyscanners2_interfaces/include/sick_safetyscanners2_interfaces/sick_safetyscanners2_interfaces/msg/detail/intrusion_data__type_support.c
-- Installing: /home/nrc/Manual_Control_F3/install/sick_safetyscanners2_interfaces/include/sick_safetyscanners2_interfaces/sick_safetyscanners2_interfaces/msg/detail/application_data__rosidl_typesupport_introspection_c.h
-- Installing: /home/nrc/Manual_Control_F3/install/sick_safetyscanners2_interfaces/include/sick_safetyscanners2_interfaces/sick_safetyscanners2_interfaces/msg/detail/derived_values__rosidl_typesupport_introspection_c.h
-- Installing: /home/nrc/Manual_Control_F3/install/sick_safetyscanners2_interfaces/include/sick_safetyscanners2_interfaces/sick_safetyscanners2_interfaces/msg/detail/general_system_state__type_support.c
-- Installing: /home/nrc/Manual_Control_F3/install/sick_safetyscanners2_interfaces/include/sick_safetyscanners2_interfaces/sick_safetyscanners2_interfaces/msg/detail/field__rosidl_typesupport_introspection_c.h
-- Installing: /home/nrc/Manual_Control_F3/install/sick_safetyscanners2_interfaces/include/sick_safetyscanners2_interfaces/sick_safetyscanners2_interfaces/msg/detail/measurement_data__type_support.c
-- Installing: /home/nrc/Manual_Control_F3/install/sick_safetyscanners2_interfaces/include/sick_safetyscanners2_interfaces/sick_safetyscanners2_interfaces/msg/detail/monitoring_case__type_support.c
-- Installing: /home/nrc/Manual_Control_F3/install/sick_safetyscanners2_interfaces/include/sick_safetyscanners2_interfaces/sick_safetyscanners2_interfaces/msg/detail/scan_point__rosidl_typesupport_introspection_c.h
-- Installing: /home/nrc/Manual_Control_F3/install/sick_safetyscanners2_interfaces/include/sick_safetyscanners2_interfaces/sick_safetyscanners2_interfaces/msg/detail/output_paths__rosidl_typesupport_introspection_c.h
-- Installing: /home/nrc/Manual_Control_F3/install/sick_safetyscanners2_interfaces/include/sick_safetyscanners2_interfaces/sick_safetyscanners2_interfaces/msg/detail/application_data__type_support.c
-- Installing: /home/nrc/Manual_Control_F3/install/sick_safetyscanners2_interfaces/include/sick_safetyscanners2_interfaces/sick_safetyscanners2_interfaces/msg/detail/intrusion_data__rosidl_typesupport_introspection_c.h
-- Installing: /home/nrc/Manual_Control_F3/install/sick_safetyscanners2_interfaces/include/sick_safetyscanners2_interfaces/sick_safetyscanners2_interfaces/msg/detail/application_inputs__rosidl_typesupport_introspection_c.h
-- Installing: /home/nrc/Manual_Control_F3/install/sick_safetyscanners2_interfaces/include/sick_safetyscanners2_interfaces/sick_safetyscanners2_interfaces/msg/detail/measurement_data__rosidl_typesupport_introspection_c.h
-- Installing: /home/nrc/Manual_Control_F3/install/sick_safetyscanners2_interfaces/include/sick_safetyscanners2_interfaces/sick_safetyscanners2_interfaces/msg/detail/intrusion_datum__type_support.c
-- Installing: /home/nrc/Manual_Control_F3/install/sick_safetyscanners2_interfaces/include/sick_safetyscanners2_interfaces/sick_safetyscanners2_interfaces/msg/detail/general_system_state__rosidl_typesupport_introspection_c.h
-- Installing: /home/nrc/Manual_Control_F3/install/sick_safetyscanners2_interfaces/include/sick_safetyscanners2_interfaces/sick_safetyscanners2_interfaces/msg/detail/application_inputs__type_support.c
-- Installing: /home/nrc/Manual_Control_F3/install/sick_safetyscanners2_interfaces/include/sick_safetyscanners2_interfaces/sick_safetyscanners2_interfaces/msg/detail/scan_point__type_support.c
-- Installing: /home/nrc/Manual_Control_F3/install/sick_safetyscanners2_interfaces/include/sick_safetyscanners2_interfaces/sick_safetyscanners2_interfaces/msg/detail/raw_micro_scan_data__type_support.c
-- Installing: /home/nrc/Manual_Control_F3/install/sick_safetyscanners2_interfaces/include/sick_safetyscanners2_interfaces/sick_safetyscanners2_interfaces/msg/detail/output_paths__type_support.c
-- Installing: /home/nrc/Manual_Control_F3/install/sick_safetyscanners2_interfaces/include/sick_safetyscanners2_interfaces/sick_safetyscanners2_interfaces/msg/detail/application_outputs__rosidl_typesupport_introspection_c.h
-- Installing: /home/nrc/Manual_Control_F3/install/sick_safetyscanners2_interfaces/include/sick_safetyscanners2_interfaces/sick_safetyscanners2_interfaces/msg/detail/data_header__type_support.c
-- Installing: /home/nrc/Manual_Control_F3/install/sick_safetyscanners2_interfaces/include/sick_safetyscanners2_interfaces/sick_safetyscanners2_interfaces/msg/detail/monitoring_case__rosidl_typesupport_introspection_c.h
-- Installing: /home/nrc/Manual_Control_F3/install/sick_safetyscanners2_interfaces/include/sick_safetyscanners2_interfaces/sick_safetyscanners2_interfaces/msg/detail/derived_values__type_support.c
-- Installing: /home/nrc/Manual_Control_F3/install/sick_safetyscanners2_interfaces/include/sick_safetyscanners2_interfaces/sick_safetyscanners2_interfaces/msg/detail/field__type_support.c
-- Installing: /home/nrc/Manual_Control_F3/install/sick_safetyscanners2_interfaces/include/sick_safetyscanners2_interfaces/sick_safetyscanners2_interfaces/msg/detail/raw_micro_scan_data__rosidl_typesupport_introspection_c.h
-- Installing: /home/nrc/Manual_Control_F3/install/sick_safetyscanners2_interfaces/include/sick_safetyscanners2_interfaces/sick_safetyscanners2_interfaces/msg/detail/intrusion_datum__rosidl_typesupport_introspection_c.h
-- Installing: /home/nrc/Manual_Control_F3/install/sick_safetyscanners2_interfaces/include/sick_safetyscanners2_interfaces/sick_safetyscanners2_interfaces/msg/detail/extended_laser_scan__type_support.c
-- Installing: /home/nrc/Manual_Control_F3/install/sick_safetyscanners2_interfaces/include/sick_safetyscanners2_interfaces/sick_safetyscanners2_interfaces/msg/detail/extended_laser_scan__rosidl_typesupport_introspection_c.h
-- Installing: /home/nrc/Manual_Control_F3/install/sick_safetyscanners2_interfaces/include/sick_safetyscanners2_interfaces/sick_safetyscanners2_interfaces/msg/detail/data_header__rosidl_typesupport_introspection_c.h
-- Up-to-date: /home/nrc/Manual_Control_F3/install/sick_safetyscanners2_interfaces/include/sick_safetyscanners2_interfaces/sick_safetyscanners2_interfaces/srv
-- Up-to-date: /home/nrc/Manual_Control_F3/install/sick_safetyscanners2_interfaces/include/sick_safetyscanners2_interfaces/sick_safetyscanners2_interfaces/srv/detail
-- Installing: /home/nrc/Manual_Control_F3/install/sick_safetyscanners2_interfaces/include/sick_safetyscanners2_interfaces/sick_safetyscanners2_interfaces/srv/detail/field_data__type_support.c
-- Installing: /home/nrc/Manual_Control_F3/install/sick_safetyscanners2_interfaces/include/sick_safetyscanners2_interfaces/sick_safetyscanners2_interfaces/srv/detail/field_data__rosidl_typesupport_introspection_c.h
-- Installing: /home/nrc/Manual_Control_F3/install/sick_safetyscanners2_interfaces/include/sick_safetyscanners2_interfaces/sick_safetyscanners2_interfaces/srv/detail/status_overview__type_support.c
-- Installing: /home/nrc/Manual_Control_F3/install/sick_safetyscanners2_interfaces/include/sick_safetyscanners2_interfaces/sick_safetyscanners2_interfaces/srv/detail/status_overview__rosidl_typesupport_introspection_c.h
-- Installing: /home/nrc/Manual_Control_F3/install/sick_safetyscanners2_interfaces/lib/libsick_safetyscanners2_interfaces__rosidl_typesupport_introspection_c.so
-- Set runtime path of "/home/nrc/Manual_Control_F3/install/sick_safetyscanners2_interfaces/lib/libsick_safetyscanners2_interfaces__rosidl_typesupport_introspection_c.so" to ""
-- Installing: /home/nrc/Manual_Control_F3/install/sick_safetyscanners2_interfaces/lib/libsick_safetyscanners2_interfaces__rosidl_typesupport_c.so
-- Set runtime path of "/home/nrc/Manual_Control_F3/install/sick_safetyscanners2_interfaces/lib/libsick_safetyscanners2_interfaces__rosidl_typesupport_c.so" to ""
-- Up-to-date: /home/nrc/Manual_Control_F3/install/sick_safetyscanners2_interfaces/include/sick_safetyscanners2_interfaces/sick_safetyscanners2_interfaces
-- Up-to-date: /home/nrc/Manual_Control_F3/install/sick_safetyscanners2_interfaces/include/sick_safetyscanners2_interfaces/sick_safetyscanners2_interfaces/msg
-- Installing: /home/nrc/Manual_Control_F3/install/sick_safetyscanners2_interfaces/include/sick_safetyscanners2_interfaces/sick_safetyscanners2_interfaces/msg/intrusion_data.hpp
-- Installing: /home/nrc/Manual_Control_F3/install/sick_safetyscanners2_interfaces/include/sick_safetyscanners2_interfaces/sick_safetyscanners2_interfaces/msg/monitoring_case.hpp
-- Installing: /home/nrc/Manual_Control_F3/install/sick_safetyscanners2_interfaces/include/sick_safetyscanners2_interfaces/sick_safetyscanners2_interfaces/msg/scan_point.hpp
-- Installing: /home/nrc/Manual_Control_F3/install/sick_safetyscanners2_interfaces/include/sick_safetyscanners2_interfaces/sick_safetyscanners2_interfaces/msg/raw_micro_scan_data.hpp
-- Installing: /home/nrc/Manual_Control_F3/install/sick_safetyscanners2_interfaces/include/sick_safetyscanners2_interfaces/sick_safetyscanners2_interfaces/msg/application_data.hpp
-- Installing: /home/nrc/Manual_Control_F3/install/sick_safetyscanners2_interfaces/include/sick_safetyscanners2_interfaces/sick_safetyscanners2_interfaces/msg/application_inputs.hpp
-- Installing: /home/nrc/Manual_Control_F3/install/sick_safetyscanners2_interfaces/include/sick_safetyscanners2_interfaces/sick_safetyscanners2_interfaces/msg/derived_values.hpp
-- Installing: /home/nrc/Manual_Control_F3/install/sick_safetyscanners2_interfaces/include/sick_safetyscanners2_interfaces/sick_safetyscanners2_interfaces/msg/data_header.hpp
-- Installing: /home/nrc/Manual_Control_F3/install/sick_safetyscanners2_interfaces/include/sick_safetyscanners2_interfaces/sick_safetyscanners2_interfaces/msg/rosidl_generator_cpp__visibility_control.hpp
-- Installing: /home/nrc/Manual_Control_F3/install/sick_safetyscanners2_interfaces/include/sick_safetyscanners2_interfaces/sick_safetyscanners2_interfaces/msg/intrusion_datum.hpp
-- Installing: /home/nrc/Manual_Control_F3/install/sick_safetyscanners2_interfaces/include/sick_safetyscanners2_interfaces/sick_safetyscanners2_interfaces/msg/extended_laser_scan.hpp
-- Installing: /home/nrc/Manual_Control_F3/install/sick_safetyscanners2_interfaces/include/sick_safetyscanners2_interfaces/sick_safetyscanners2_interfaces/msg/general_system_state.hpp
-- Installing: /home/nrc/Manual_Control_F3/install/sick_safetyscanners2_interfaces/include/sick_safetyscanners2_interfaces/sick_safetyscanners2_interfaces/msg/application_outputs.hpp
-- Up-to-date: /home/nrc/Manual_Control_F3/install/sick_safetyscanners2_interfaces/include/sick_safetyscanners2_interfaces/sick_safetyscanners2_interfaces/msg/detail
-- Installing: /home/nrc/Manual_Control_F3/install/sick_safetyscanners2_interfaces/include/sick_safetyscanners2_interfaces/sick_safetyscanners2_interfaces/msg/detail/monitoring_case__type_support.hpp
-- Installing: /home/nrc/Manual_Control_F3/install/sick_safetyscanners2_interfaces/include/sick_safetyscanners2_interfaces/sick_safetyscanners2_interfaces/msg/detail/application_data__struct.hpp
-- Installing: /home/nrc/Manual_Control_F3/install/sick_safetyscanners2_interfaces/include/sick_safetyscanners2_interfaces/sick_safetyscanners2_interfaces/msg/detail/raw_micro_scan_data__type_support.hpp
-- Installing: /home/nrc/Manual_Control_F3/install/sick_safetyscanners2_interfaces/include/sick_safetyscanners2_interfaces/sick_safetyscanners2_interfaces/msg/detail/extended_laser_scan__struct.hpp
-- Installing: /home/nrc/Manual_Control_F3/install/sick_safetyscanners2_interfaces/include/sick_safetyscanners2_interfaces/sick_safetyscanners2_interfaces/msg/detail/monitoring_case__traits.hpp
-- Installing: /home/nrc/Manual_Control_F3/install/sick_safetyscanners2_interfaces/include/sick_safetyscanners2_interfaces/sick_safetyscanners2_interfaces/msg/detail/measurement_data__struct.hpp
-- Installing: /home/nrc/Manual_Control_F3/install/sick_safetyscanners2_interfaces/include/sick_safetyscanners2_interfaces/sick_safetyscanners2_interfaces/msg/detail/measurement_data__type_support.hpp
-- Installing: /home/nrc/Manual_Control_F3/install/sick_safetyscanners2_interfaces/include/sick_safetyscanners2_interfaces/sick_safetyscanners2_interfaces/msg/detail/measurement_data__builder.hpp
-- Installing: /home/nrc/Manual_Control_F3/install/sick_safetyscanners2_interfaces/include/sick_safetyscanners2_interfaces/sick_safetyscanners2_interfaces/msg/detail/application_outputs__builder.hpp
-- Installing: /home/nrc/Manual_Control_F3/install/sick_safetyscanners2_interfaces/include/sick_safetyscanners2_interfaces/sick_safetyscanners2_interfaces/msg/detail/intrusion_data__type_support.hpp
-- Installing: /home/nrc/Manual_Control_F3/install/sick_safetyscanners2_interfaces/include/sick_safetyscanners2_interfaces/sick_safetyscanners2_interfaces/msg/detail/output_paths__type_support.hpp
-- Installing: /home/nrc/Manual_Control_F3/install/sick_safetyscanners2_interfaces/include/sick_safetyscanners2_interfaces/sick_safetyscanners2_interfaces/msg/detail/field__traits.hpp
-- Installing: /home/nrc/Manual_Control_F3/install/sick_safetyscanners2_interfaces/include/sick_safetyscanners2_interfaces/sick_safetyscanners2_interfaces/msg/detail/output_paths__struct.hpp
-- Installing: /home/nrc/Manual_Control_F3/install/sick_safetyscanners2_interfaces/include/sick_safetyscanners2_interfaces/sick_safetyscanners2_interfaces/msg/detail/measurement_data__traits.hpp
-- Installing: /home/nrc/Manual_Control_F3/install/sick_safetyscanners2_interfaces/include/sick_safetyscanners2_interfaces/sick_safetyscanners2_interfaces/msg/detail/raw_micro_scan_data__struct.hpp
-- Installing: /home/nrc/Manual_Control_F3/install/sick_safetyscanners2_interfaces/include/sick_safetyscanners2_interfaces/sick_safetyscanners2_interfaces/msg/detail/data_header__type_support.hpp
-- Installing: /home/nrc/Manual_Control_F3/install/sick_safetyscanners2_interfaces/include/sick_safetyscanners2_interfaces/sick_safetyscanners2_interfaces/msg/detail/general_system_state__struct.hpp
-- Installing: /home/nrc/Manual_Control_F3/install/sick_safetyscanners2_interfaces/include/sick_safetyscanners2_interfaces/sick_safetyscanners2_interfaces/msg/detail/application_inputs__struct.hpp
-- Installing: /home/nrc/Manual_Control_F3/install/sick_safetyscanners2_interfaces/include/sick_safetyscanners2_interfaces/sick_safetyscanners2_interfaces/msg/detail/application_inputs__traits.hpp
-- Installing: /home/nrc/Manual_Control_F3/install/sick_safetyscanners2_interfaces/include/sick_safetyscanners2_interfaces/sick_safetyscanners2_interfaces/msg/detail/general_system_state__type_support.hpp
-- Installing: /home/nrc/Manual_Control_F3/install/sick_safetyscanners2_interfaces/include/sick_safetyscanners2_interfaces/sick_safetyscanners2_interfaces/msg/detail/monitoring_case__struct.hpp
-- Installing: /home/nrc/Manual_Control_F3/install/sick_safetyscanners2_interfaces/include/sick_safetyscanners2_interfaces/sick_safetyscanners2_interfaces/msg/detail/data_header__builder.hpp
-- Installing: /home/nrc/Manual_Control_F3/install/sick_safetyscanners2_interfaces/include/sick_safetyscanners2_interfaces/sick_safetyscanners2_interfaces/msg/detail/intrusion_datum__traits.hpp
-- Installing: /home/nrc/Manual_Control_F3/install/sick_safetyscanners2_interfaces/include/sick_safetyscanners2_interfaces/sick_safetyscanners2_interfaces/msg/detail/scan_point__traits.hpp
-- Installing: /home/nrc/Manual_Control_F3/install/sick_safetyscanners2_interfaces/include/sick_safetyscanners2_interfaces/sick_safetyscanners2_interfaces/msg/detail/data_header__struct.hpp
-- Installing: /home/nrc/Manual_Control_F3/install/sick_safetyscanners2_interfaces/include/sick_safetyscanners2_interfaces/sick_safetyscanners2_interfaces/msg/detail/intrusion_data__builder.hpp
-- Installing: /home/nrc/Manual_Control_F3/install/sick_safetyscanners2_interfaces/include/sick_safetyscanners2_interfaces/sick_safetyscanners2_interfaces/msg/detail/field__builder.hpp
-- Installing: /home/nrc/Manual_Control_F3/install/sick_safetyscanners2_interfaces/include/sick_safetyscanners2_interfaces/sick_safetyscanners2_interfaces/msg/detail/application_inputs__type_support.hpp
-- Installing: /home/nrc/Manual_Control_F3/install/sick_safetyscanners2_interfaces/include/sick_safetyscanners2_interfaces/sick_safetyscanners2_interfaces/msg/detail/data_header__traits.hpp
-- Installing: /home/nrc/Manual_Control_F3/install/sick_safetyscanners2_interfaces/include/sick_safetyscanners2_interfaces/sick_safetyscanners2_interfaces/msg/detail/output_paths__builder.hpp
-- Installing: /home/nrc/Manual_Control_F3/install/sick_safetyscanners2_interfaces/include/sick_safetyscanners2_interfaces/sick_safetyscanners2_interfaces/msg/detail/intrusion_datum__struct.hpp
-- Installing: /home/nrc/Manual_Control_F3/install/sick_safetyscanners2_interfaces/include/sick_safetyscanners2_interfaces/sick_safetyscanners2_interfaces/msg/detail/derived_values__type_support.hpp
-- Installing: /home/nrc/Manual_Control_F3/install/sick_safetyscanners2_interfaces/include/sick_safetyscanners2_interfaces/sick_safetyscanners2_interfaces/msg/detail/field__struct.hpp
-- Installing: /home/nrc/Manual_Control_F3/install/sick_safetyscanners2_interfaces/include/sick_safetyscanners2_interfaces/sick_safetyscanners2_interfaces/msg/detail/application_outputs__traits.hpp
-- Installing: /home/nrc/Manual_Control_F3/install/sick_safetyscanners2_interfaces/include/sick_safetyscanners2_interfaces/sick_safetyscanners2_interfaces/msg/detail/scan_point__struct.hpp
-- Installing: /home/nrc/Manual_Control_F3/install/sick_safetyscanners2_interfaces/include/sick_safetyscanners2_interfaces/sick_safetyscanners2_interfaces/msg/detail/extended_laser_scan__builder.hpp
-- Installing: /home/nrc/Manual_Control_F3/install/sick_safetyscanners2_interfaces/include/sick_safetyscanners2_interfaces/sick_safetyscanners2_interfaces/msg/detail/intrusion_data__struct.hpp
-- Installing: /home/nrc/Manual_Control_F3/install/sick_safetyscanners2_interfaces/include/sick_safetyscanners2_interfaces/sick_safetyscanners2_interfaces/msg/detail/general_system_state__traits.hpp
-- Installing: /home/nrc/Manual_Control_F3/install/sick_safetyscanners2_interfaces/include/sick_safetyscanners2_interfaces/sick_safetyscanners2_interfaces/msg/detail/application_inputs__builder.hpp
-- Installing: /home/nrc/Manual_Control_F3/install/sick_safetyscanners2_interfaces/include/sick_safetyscanners2_interfaces/sick_safetyscanners2_interfaces/msg/detail/output_paths__traits.hpp
-- Installing: /home/nrc/Manual_Control_F3/install/sick_safetyscanners2_interfaces/include/sick_safetyscanners2_interfaces/sick_safetyscanners2_interfaces/msg/detail/intrusion_data__traits.hpp
-- Installing: /home/nrc/Manual_Control_F3/install/sick_safetyscanners2_interfaces/include/sick_safetyscanners2_interfaces/sick_safetyscanners2_interfaces/msg/detail/intrusion_datum__type_support.hpp
-- Installing: /home/nrc/Manual_Control_F3/install/sick_safetyscanners2_interfaces/include/sick_safetyscanners2_interfaces/sick_safetyscanners2_interfaces/msg/detail/application_data__traits.hpp
-- Installing: /home/nrc/Manual_Control_F3/install/sick_safetyscanners2_interfaces/include/sick_safetyscanners2_interfaces/sick_safetyscanners2_interfaces/msg/detail/application_data__builder.hpp
-- Installing: /home/nrc/Manual_Control_F3/install/sick_safetyscanners2_interfaces/include/sick_safetyscanners2_interfaces/sick_safetyscanners2_interfaces/msg/detail/intrusion_datum__builder.hpp
-- Installing: /home/nrc/Manual_Control_F3/install/sick_safetyscanners2_interfaces/include/sick_safetyscanners2_interfaces/sick_safetyscanners2_interfaces/msg/detail/raw_micro_scan_data__traits.hpp
-- Installing: /home/nrc/Manual_Control_F3/install/sick_safetyscanners2_interfaces/include/sick_safetyscanners2_interfaces/sick_safetyscanners2_interfaces/msg/detail/application_data__type_support.hpp
-- Installing: /home/nrc/Manual_Control_F3/install/sick_safetyscanners2_interfaces/include/sick_safetyscanners2_interfaces/sick_safetyscanners2_interfaces/msg/detail/raw_micro_scan_data__builder.hpp
-- Installing: /home/nrc/Manual_Control_F3/install/sick_safetyscanners2_interfaces/include/sick_safetyscanners2_interfaces/sick_safetyscanners2_interfaces/msg/detail/general_system_state__builder.hpp
-- Installing: /home/nrc/Manual_Control_F3/install/sick_safetyscanners2_interfaces/include/sick_safetyscanners2_interfaces/sick_safetyscanners2_interfaces/msg/detail/derived_values__struct.hpp
-- Installing: /home/nrc/Manual_Control_F3/install/sick_safetyscanners2_interfaces/include/sick_safetyscanners2_interfaces/sick_safetyscanners2_interfaces/msg/detail/field__type_support.hpp
-- Installing: /home/nrc/Manual_Control_F3/install/sick_safetyscanners2_interfaces/include/sick_safetyscanners2_interfaces/sick_safetyscanners2_interfaces/msg/detail/monitoring_case__builder.hpp
-- Installing: /home/nrc/Manual_Control_F3/install/sick_safetyscanners2_interfaces/include/sick_safetyscanners2_interfaces/sick_safetyscanners2_interfaces/msg/detail/application_outputs__struct.hpp
-- Installing: /home/nrc/Manual_Control_F3/install/sick_safetyscanners2_interfaces/include/sick_safetyscanners2_interfaces/sick_safetyscanners2_interfaces/msg/detail/extended_laser_scan__type_support.hpp
-- Installing: /home/nrc/Manual_Control_F3/install/sick_safetyscanners2_interfaces/include/sick_safetyscanners2_interfaces/sick_safetyscanners2_interfaces/msg/detail/extended_laser_scan__traits.hpp
-- Installing: /home/nrc/Manual_Control_F3/install/sick_safetyscanners2_interfaces/include/sick_safetyscanners2_interfaces/sick_safetyscanners2_interfaces/msg/detail/derived_values__builder.hpp
-- Installing: /home/nrc/Manual_Control_F3/install/sick_safetyscanners2_interfaces/include/sick_safetyscanners2_interfaces/sick_safetyscanners2_interfaces/msg/detail/scan_point__type_support.hpp
-- Installing: /home/nrc/Manual_Control_F3/install/sick_safetyscanners2_interfaces/include/sick_safetyscanners2_interfaces/sick_safetyscanners2_interfaces/msg/detail/derived_values__traits.hpp
-- Installing: /home/nrc/Manual_Control_F3/install/sick_safetyscanners2_interfaces/include/sick_safetyscanners2_interfaces/sick_safetyscanners2_interfaces/msg/detail/scan_point__builder.hpp
-- Installing: /home/nrc/Manual_Control_F3/install/sick_safetyscanners2_interfaces/include/sick_safetyscanners2_interfaces/sick_safetyscanners2_interfaces/msg/detail/application_outputs__type_support.hpp
-- Installing: /home/nrc/Manual_Control_F3/install/sick_safetyscanners2_interfaces/include/sick_safetyscanners2_interfaces/sick_safetyscanners2_interfaces/msg/measurement_data.hpp
-- Installing: /home/nrc/Manual_Control_F3/install/sick_safetyscanners2_interfaces/include/sick_safetyscanners2_interfaces/sick_safetyscanners2_interfaces/msg/output_paths.hpp
-- Installing: /home/nrc/Manual_Control_F3/install/sick_safetyscanners2_interfaces/include/sick_safetyscanners2_interfaces/sick_safetyscanners2_interfaces/msg/field.hpp
-- Up-to-date: /home/nrc/Manual_Control_F3/install/sick_safetyscanners2_interfaces/include/sick_safetyscanners2_interfaces/sick_safetyscanners2_interfaces/srv
-- Installing: /home/nrc/Manual_Control_F3/install/sick_safetyscanners2_interfaces/include/sick_safetyscanners2_interfaces/sick_safetyscanners2_interfaces/srv/field_data.hpp
-- Installing: /home/nrc/Manual_Control_F3/install/sick_safetyscanners2_interfaces/include/sick_safetyscanners2_interfaces/sick_safetyscanners2_interfaces/srv/status_overview.hpp
-- Up-to-date: /home/nrc/Manual_Control_F3/install/sick_safetyscanners2_interfaces/include/sick_safetyscanners2_interfaces/sick_safetyscanners2_interfaces/srv/detail
-- Installing: /home/nrc/Manual_Control_F3/install/sick_safetyscanners2_interfaces/include/sick_safetyscanners2_interfaces/sick_safetyscanners2_interfaces/srv/detail/status_overview__struct.hpp
-- Installing: /home/nrc/Manual_Control_F3/install/sick_safetyscanners2_interfaces/include/sick_safetyscanners2_interfaces/sick_safetyscanners2_interfaces/srv/detail/field_data__struct.hpp
-- Installing: /home/nrc/Manual_Control_F3/install/sick_safetyscanners2_interfaces/include/sick_safetyscanners2_interfaces/sick_safetyscanners2_interfaces/srv/detail/status_overview__traits.hpp
-- Installing: /home/nrc/Manual_Control_F3/install/sick_safetyscanners2_interfaces/include/sick_safetyscanners2_interfaces/sick_safetyscanners2_interfaces/srv/detail/field_data__builder.hpp
-- Installing: /home/nrc/Manual_Control_F3/install/sick_safetyscanners2_interfaces/include/sick_safetyscanners2_interfaces/sick_safetyscanners2_interfaces/srv/detail/field_data__type_support.hpp
-- Installing: /home/nrc/Manual_Control_F3/install/sick_safetyscanners2_interfaces/include/sick_safetyscanners2_interfaces/sick_safetyscanners2_interfaces/srv/detail/status_overview__type_support.hpp
-- Installing: /home/nrc/Manual_Control_F3/install/sick_safetyscanners2_interfaces/include/sick_safetyscanners2_interfaces/sick_safetyscanners2_interfaces/srv/detail/field_data__traits.hpp
-- Installing: /home/nrc/Manual_Control_F3/install/sick_safetyscanners2_interfaces/include/sick_safetyscanners2_interfaces/sick_safetyscanners2_interfaces/srv/detail/status_overview__builder.hpp
-- Up-to-date: /home/nrc/Manual_Control_F3/install/sick_safetyscanners2_interfaces/include/sick_safetyscanners2_interfaces/sick_safetyscanners2_interfaces
-- Up-to-date: /home/nrc/Manual_Control_F3/install/sick_safetyscanners2_interfaces/include/sick_safetyscanners2_interfaces/sick_safetyscanners2_interfaces/msg
-- Installing: /home/nrc/Manual_Control_F3/install/sick_safetyscanners2_interfaces/include/sick_safetyscanners2_interfaces/sick_safetyscanners2_interfaces/msg/rosidl_typesupport_fastrtps_cpp__visibility_control.h
-- Up-to-date: /home/nrc/Manual_Control_F3/install/sick_safetyscanners2_interfaces/include/sick_safetyscanners2_interfaces/sick_safetyscanners2_interfaces/msg/detail
-- Installing: /home/nrc/Manual_Control_F3/install/sick_safetyscanners2_interfaces/include/sick_safetyscanners2_interfaces/sick_safetyscanners2_interfaces/msg/detail/intrusion_datum__rosidl_typesupport_fastrtps_cpp.hpp
-- Installing: /home/nrc/Manual_Control_F3/install/sick_safetyscanners2_interfaces/include/sick_safetyscanners2_interfaces/sick_safetyscanners2_interfaces/msg/detail/data_header__rosidl_typesupport_fastrtps_cpp.hpp
-- Installing: /home/nrc/Manual_Control_F3/install/sick_safetyscanners2_interfaces/include/sick_safetyscanners2_interfaces/sick_safetyscanners2_interfaces/msg/detail/application_inputs__rosidl_typesupport_fastrtps_cpp.hpp
-- Installing: /home/nrc/Manual_Control_F3/install/sick_safetyscanners2_interfaces/include/sick_safetyscanners2_interfaces/sick_safetyscanners2_interfaces/msg/detail/raw_micro_scan_data__rosidl_typesupport_fastrtps_cpp.hpp
-- Installing: /home/nrc/Manual_Control_F3/install/sick_safetyscanners2_interfaces/include/sick_safetyscanners2_interfaces/sick_safetyscanners2_interfaces/msg/detail/field__rosidl_typesupport_fastrtps_cpp.hpp
-- Installing: /home/nrc/Manual_Control_F3/install/sick_safetyscanners2_interfaces/include/sick_safetyscanners2_interfaces/sick_safetyscanners2_interfaces/msg/detail/general_system_state__rosidl_typesupport_fastrtps_cpp.hpp
-- Installing: /home/nrc/Manual_Control_F3/install/sick_safetyscanners2_interfaces/include/sick_safetyscanners2_interfaces/sick_safetyscanners2_interfaces/msg/detail/application_outputs__rosidl_typesupport_fastrtps_cpp.hpp
-- Installing: /home/nrc/Manual_Control_F3/install/sick_safetyscanners2_interfaces/include/sick_safetyscanners2_interfaces/sick_safetyscanners2_interfaces/msg/detail/dds_fastrtps
-- Installing: /home/nrc/Manual_Control_F3/install/sick_safetyscanners2_interfaces/include/sick_safetyscanners2_interfaces/sick_safetyscanners2_interfaces/msg/detail/extended_laser_scan__rosidl_typesupport_fastrtps_cpp.hpp
-- Installing: /home/nrc/Manual_Control_F3/install/sick_safetyscanners2_interfaces/include/sick_safetyscanners2_interfaces/sick_safetyscanners2_interfaces/msg/detail/monitoring_case__rosidl_typesupport_fastrtps_cpp.hpp
-- Installing: /home/nrc/Manual_Control_F3/install/sick_safetyscanners2_interfaces/include/sick_safetyscanners2_interfaces/sick_safetyscanners2_interfaces/msg/detail/scan_point__rosidl_typesupport_fastrtps_cpp.hpp
-- Installing: /home/nrc/Manual_Control_F3/install/sick_safetyscanners2_interfaces/include/sick_safetyscanners2_interfaces/sick_safetyscanners2_interfaces/msg/detail/intrusion_data__rosidl_typesupport_fastrtps_cpp.hpp
-- Installing: /home/nrc/Manual_Control_F3/install/sick_safetyscanners2_interfaces/include/sick_safetyscanners2_interfaces/sick_safetyscanners2_interfaces/msg/detail/measurement_data__rosidl_typesupport_fastrtps_cpp.hpp
-- Installing: /home/nrc/Manual_Control_F3/install/sick_safetyscanners2_interfaces/include/sick_safetyscanners2_interfaces/sick_safetyscanners2_interfaces/msg/detail/output_paths__rosidl_typesupport_fastrtps_cpp.hpp
-- Installing: /home/nrc/Manual_Control_F3/install/sick_safetyscanners2_interfaces/include/sick_safetyscanners2_interfaces/sick_safetyscanners2_interfaces/msg/detail/application_data__rosidl_typesupport_fastrtps_cpp.hpp
-- Installing: /home/nrc/Manual_Control_F3/install/sick_safetyscanners2_interfaces/include/sick_safetyscanners2_interfaces/sick_safetyscanners2_interfaces/msg/detail/derived_values__rosidl_typesupport_fastrtps_cpp.hpp
-- Up-to-date: /home/nrc/Manual_Control_F3/install/sick_safetyscanners2_interfaces/include/sick_safetyscanners2_interfaces/sick_safetyscanners2_interfaces/srv
-- Up-to-date: /home/nrc/Manual_Control_F3/install/sick_safetyscanners2_interfaces/include/sick_safetyscanners2_interfaces/sick_safetyscanners2_interfaces/srv/detail
-- Installing: /home/nrc/Manual_Control_F3/install/sick_safetyscanners2_interfaces/include/sick_safetyscanners2_interfaces/sick_safetyscanners2_interfaces/srv/detail/dds_fastrtps
-- Installing: /home/nrc/Manual_Control_F3/install/sick_safetyscanners2_interfaces/include/sick_safetyscanners2_interfaces/sick_safetyscanners2_interfaces/srv/detail/status_overview__rosidl_typesupport_fastrtps_cpp.hpp
-- Installing: /home/nrc/Manual_Control_F3/install/sick_safetyscanners2_interfaces/include/sick_safetyscanners2_interfaces/sick_safetyscanners2_interfaces/srv/detail/field_data__rosidl_typesupport_fastrtps_cpp.hpp
-- Installing: /home/nrc/Manual_Control_F3/install/sick_safetyscanners2_interfaces/lib/libsick_safetyscanners2_interfaces__rosidl_typesupport_fastrtps_cpp.so
-- Set runtime path of "/home/nrc/Manual_Control_F3/install/sick_safetyscanners2_interfaces/lib/libsick_safetyscanners2_interfaces__rosidl_typesupport_fastrtps_cpp.so" to ""
-- Up-to-date: /home/nrc/Manual_Control_F3/install/sick_safetyscanners2_interfaces/include/sick_safetyscanners2_interfaces/sick_safetyscanners2_interfaces
-- Up-to-date: /home/nrc/Manual_Control_F3/install/sick_safetyscanners2_interfaces/include/sick_safetyscanners2_interfaces/sick_safetyscanners2_interfaces/msg
-- Up-to-date: /home/nrc/Manual_Control_F3/install/sick_safetyscanners2_interfaces/include/sick_safetyscanners2_interfaces/sick_safetyscanners2_interfaces/msg/detail
-- Installing: /home/nrc/Manual_Control_F3/install/sick_safetyscanners2_interfaces/include/sick_safetyscanners2_interfaces/sick_safetyscanners2_interfaces/msg/detail/data_header__rosidl_typesupport_introspection_cpp.hpp
-- Installing: /home/nrc/Manual_Control_F3/install/sick_safetyscanners2_interfaces/include/sick_safetyscanners2_interfaces/sick_safetyscanners2_interfaces/msg/detail/application_outputs__rosidl_typesupport_introspection_cpp.hpp
-- Installing: /home/nrc/Manual_Control_F3/install/sick_safetyscanners2_interfaces/include/sick_safetyscanners2_interfaces/sick_safetyscanners2_interfaces/msg/detail/intrusion_datum__rosidl_typesupport_introspection_cpp.hpp
-- Installing: /home/nrc/Manual_Control_F3/install/sick_safetyscanners2_interfaces/include/sick_safetyscanners2_interfaces/sick_safetyscanners2_interfaces/msg/detail/intrusion_data__rosidl_typesupport_introspection_cpp.hpp
-- Installing: /home/nrc/Manual_Control_F3/install/sick_safetyscanners2_interfaces/include/sick_safetyscanners2_interfaces/sick_safetyscanners2_interfaces/msg/detail/derived_values__type_support.cpp
-- Installing: /home/nrc/Manual_Control_F3/install/sick_safetyscanners2_interfaces/include/sick_safetyscanners2_interfaces/sick_safetyscanners2_interfaces/msg/detail/scan_point__type_support.cpp
-- Installing: /home/nrc/Manual_Control_F3/install/sick_safetyscanners2_interfaces/include/sick_safetyscanners2_interfaces/sick_safetyscanners2_interfaces/msg/detail/application_inputs__type_support.cpp
-- Installing: /home/nrc/Manual_Control_F3/install/sick_safetyscanners2_interfaces/include/sick_safetyscanners2_interfaces/sick_safetyscanners2_interfaces/msg/detail/general_system_state__type_support.cpp
-- Installing: /home/nrc/Manual_Control_F3/install/sick_safetyscanners2_interfaces/include/sick_safetyscanners2_interfaces/sick_safetyscanners2_interfaces/msg/detail/application_data__type_support.cpp
-- Installing: /home/nrc/Manual_Control_F3/install/sick_safetyscanners2_interfaces/include/sick_safetyscanners2_interfaces/sick_safetyscanners2_interfaces/msg/detail/raw_micro_scan_data__type_support.cpp
-- Installing: /home/nrc/Manual_Control_F3/install/sick_safetyscanners2_interfaces/include/sick_safetyscanners2_interfaces/sick_safetyscanners2_interfaces/msg/detail/output_paths__rosidl_typesupport_introspection_cpp.hpp
-- Installing: /home/nrc/Manual_Control_F3/install/sick_safetyscanners2_interfaces/include/sick_safetyscanners2_interfaces/sick_safetyscanners2_interfaces/msg/detail/measurement_data__type_support.cpp
-- Installing: /home/nrc/Manual_Control_F3/install/sick_safetyscanners2_interfaces/include/sick_safetyscanners2_interfaces/sick_safetyscanners2_interfaces/msg/detail/scan_point__rosidl_typesupport_introspection_cpp.hpp
-- Installing: /home/nrc/Manual_Control_F3/install/sick_safetyscanners2_interfaces/include/sick_safetyscanners2_interfaces/sick_safetyscanners2_interfaces/msg/detail/extended_laser_scan__rosidl_typesupport_introspection_cpp.hpp
-- Installing: /home/nrc/Manual_Control_F3/install/sick_safetyscanners2_interfaces/include/sick_safetyscanners2_interfaces/sick_safetyscanners2_interfaces/msg/detail/monitoring_case__rosidl_typesupport_introspection_cpp.hpp
-- Installing: /home/nrc/Manual_Control_F3/install/sick_safetyscanners2_interfaces/include/sick_safetyscanners2_interfaces/sick_safetyscanners2_interfaces/msg/detail/extended_laser_scan__type_support.cpp
-- Installing: /home/nrc/Manual_Control_F3/install/sick_safetyscanners2_interfaces/include/sick_safetyscanners2_interfaces/sick_safetyscanners2_interfaces/msg/detail/measurement_data__rosidl_typesupport_introspection_cpp.hpp
-- Installing: /home/nrc/Manual_Control_F3/install/sick_safetyscanners2_interfaces/include/sick_safetyscanners2_interfaces/sick_safetyscanners2_interfaces/msg/detail/data_header__type_support.cpp
-- Installing: /home/nrc/Manual_Control_F3/install/sick_safetyscanners2_interfaces/include/sick_safetyscanners2_interfaces/sick_safetyscanners2_interfaces/msg/detail/monitoring_case__type_support.cpp
-- Installing: /home/nrc/Manual_Control_F3/install/sick_safetyscanners2_interfaces/include/sick_safetyscanners2_interfaces/sick_safetyscanners2_interfaces/msg/detail/application_inputs__rosidl_typesupport_introspection_cpp.hpp
-- Installing: /home/nrc/Manual_Control_F3/install/sick_safetyscanners2_interfaces/include/sick_safetyscanners2_interfaces/sick_safetyscanners2_interfaces/msg/detail/general_system_state__rosidl_typesupport_introspection_cpp.hpp
-- Installing: /home/nrc/Manual_Control_F3/install/sick_safetyscanners2_interfaces/include/sick_safetyscanners2_interfaces/sick_safetyscanners2_interfaces/msg/detail/field__rosidl_typesupport_introspection_cpp.hpp
-- Installing: /home/nrc/Manual_Control_F3/install/sick_safetyscanners2_interfaces/include/sick_safetyscanners2_interfaces/sick_safetyscanners2_interfaces/msg/detail/output_paths__type_support.cpp
-- Installing: /home/nrc/Manual_Control_F3/install/sick_safetyscanners2_interfaces/include/sick_safetyscanners2_interfaces/sick_safetyscanners2_interfaces/msg/detail/application_data__rosidl_typesupport_introspection_cpp.hpp
-- Installing: /home/nrc/Manual_Control_F3/install/sick_safetyscanners2_interfaces/include/sick_safetyscanners2_interfaces/sick_safetyscanners2_interfaces/msg/detail/intrusion_datum__type_support.cpp
-- Installing: /home/nrc/Manual_Control_F3/install/sick_safetyscanners2_interfaces/include/sick_safetyscanners2_interfaces/sick_safetyscanners2_interfaces/msg/detail/raw_micro_scan_data__rosidl_typesupport_introspection_cpp.hpp
-- Installing: /home/nrc/Manual_Control_F3/install/sick_safetyscanners2_interfaces/include/sick_safetyscanners2_interfaces/sick_safetyscanners2_interfaces/msg/detail/derived_values__rosidl_typesupport_introspection_cpp.hpp
-- Installing: /home/nrc/Manual_Control_F3/install/sick_safetyscanners2_interfaces/include/sick_safetyscanners2_interfaces/sick_safetyscanners2_interfaces/msg/detail/field__type_support.cpp
-- Installing: /home/nrc/Manual_Control_F3/install/sick_safetyscanners2_interfaces/include/sick_safetyscanners2_interfaces/sick_safetyscanners2_interfaces/msg/detail/intrusion_data__type_support.cpp
-- Installing: /home/nrc/Manual_Control_F3/install/sick_safetyscanners2_interfaces/include/sick_safetyscanners2_interfaces/sick_safetyscanners2_interfaces/msg/detail/application_outputs__type_support.cpp
-- Up-to-date: /home/nrc/Manual_Control_F3/install/sick_safetyscanners2_interfaces/include/sick_safetyscanners2_interfaces/sick_safetyscanners2_interfaces/srv
-- Up-to-date: /home/nrc/Manual_Control_F3/install/sick_safetyscanners2_interfaces/include/sick_safetyscanners2_interfaces/sick_safetyscanners2_interfaces/srv/detail
-- Installing: /home/nrc/Manual_Control_F3/install/sick_safetyscanners2_interfaces/include/sick_safetyscanners2_interfaces/sick_safetyscanners2_interfaces/srv/detail/field_data__type_support.cpp
-- Installing: /home/nrc/Manual_Control_F3/install/sick_safetyscanners2_interfaces/include/sick_safetyscanners2_interfaces/sick_safetyscanners2_interfaces/srv/detail/status_overview__rosidl_typesupport_introspection_cpp.hpp
-- Installing: /home/nrc/Manual_Control_F3/install/sick_safetyscanners2_interfaces/include/sick_safetyscanners2_interfaces/sick_safetyscanners2_interfaces/srv/detail/field_data__rosidl_typesupport_introspection_cpp.hpp
-- Installing: /home/nrc/Manual_Control_F3/install/sick_safetyscanners2_interfaces/include/sick_safetyscanners2_interfaces/sick_safetyscanners2_interfaces/srv/detail/status_overview__type_support.cpp
-- Installing: /home/nrc/Manual_Control_F3/install/sick_safetyscanners2_interfaces/lib/libsick_safetyscanners2_interfaces__rosidl_typesupport_introspection_cpp.so
-- Set runtime path of "/home/nrc/Manual_Control_F3/install/sick_safetyscanners2_interfaces/lib/libsick_safetyscanners2_interfaces__rosidl_typesupport_introspection_cpp.so" to ""
-- Installing: /home/nrc/Manual_Control_F3/install/sick_safetyscanners2_interfaces/lib/libsick_safetyscanners2_interfaces__rosidl_typesupport_cpp.so
-- Set runtime path of "/home/nrc/Manual_Control_F3/install/sick_safetyscanners2_interfaces/lib/libsick_safetyscanners2_interfaces__rosidl_typesupport_cpp.so" to ""
-- Installing: /home/nrc/Manual_Control_F3/install/sick_safetyscanners2_interfaces/share/sick_safetyscanners2_interfaces/environment/pythonpath.sh
-- Installing: /home/nrc/Manual_Control_F3/install/sick_safetyscanners2_interfaces/share/sick_safetyscanners2_interfaces/environment/pythonpath.dsv
-- Installing: /home/nrc/Manual_Control_F3/install/sick_safetyscanners2_interfaces/local/lib/python3.10/dist-packages/sick_safetyscanners2_interfaces-1.0.0-py3.10.egg-info
-- Installing: /home/nrc/Manual_Control_F3/install/sick_safetyscanners2_interfaces/local/lib/python3.10/dist-packages/sick_safetyscanners2_interfaces-1.0.0-py3.10.egg-info/SOURCES.txt
-- Installing: /home/nrc/Manual_Control_F3/install/sick_safetyscanners2_interfaces/local/lib/python3.10/dist-packages/sick_safetyscanners2_interfaces-1.0.0-py3.10.egg-info/dependency_links.txt
-- Installing: /home/nrc/Manual_Control_F3/install/sick_safetyscanners2_interfaces/local/lib/python3.10/dist-packages/sick_safetyscanners2_interfaces-1.0.0-py3.10.egg-info/top_level.txt
-- Installing: /home/nrc/Manual_Control_F3/install/sick_safetyscanners2_interfaces/local/lib/python3.10/dist-packages/sick_safetyscanners2_interfaces-1.0.0-py3.10.egg-info/PKG-INFO
-- Installing: /home/nrc/Manual_Control_F3/install/sick_safetyscanners2_interfaces/local/lib/python3.10/dist-packages/sick_safetyscanners2_interfaces
-- Installing: /home/nrc/Manual_Control_F3/install/sick_safetyscanners2_interfaces/local/lib/python3.10/dist-packages/sick_safetyscanners2_interfaces/__init__.py
-- Installing: /home/nrc/Manual_Control_F3/install/sick_safetyscanners2_interfaces/local/lib/python3.10/dist-packages/sick_safetyscanners2_interfaces/sick_safetyscanners2_interfaces_s__rosidl_typesupport_fastrtps_c.cpython-310-x86_64-linux-gnu.so
-- Installing: /home/nrc/Manual_Control_F3/install/sick_safetyscanners2_interfaces/local/lib/python3.10/dist-packages/sick_safetyscanners2_interfaces/_sick_safetyscanners2_interfaces_s.ep.rosidl_typesupport_fastrtps_c.c
-- Installing: /home/nrc/Manual_Control_F3/install/sick_safetyscanners2_interfaces/local/lib/python3.10/dist-packages/sick_safetyscanners2_interfaces/libsick_safetyscanners2_interfaces__rosidl_generator_py.so
-- Installing: /home/nrc/Manual_Control_F3/install/sick_safetyscanners2_interfaces/local/lib/python3.10/dist-packages/sick_safetyscanners2_interfaces/sick_safetyscanners2_interfaces_s__rosidl_typesupport_c.cpython-310-x86_64-linux-gnu.so
-- Installing: /home/nrc/Manual_Control_F3/install/sick_safetyscanners2_interfaces/local/lib/python3.10/dist-packages/sick_safetyscanners2_interfaces/msg
-- Installing: /home/nrc/Manual_Control_F3/install/sick_safetyscanners2_interfaces/local/lib/python3.10/dist-packages/sick_safetyscanners2_interfaces/msg/_application_data_s.c
-- Installing: /home/nrc/Manual_Control_F3/install/sick_safetyscanners2_interfaces/local/lib/python3.10/dist-packages/sick_safetyscanners2_interfaces/msg/_application_inputs.py
-- Installing: /home/nrc/Manual_Control_F3/install/sick_safetyscanners2_interfaces/local/lib/python3.10/dist-packages/sick_safetyscanners2_interfaces/msg/_derived_values_s.c
-- Installing: /home/nrc/Manual_Control_F3/install/sick_safetyscanners2_interfaces/local/lib/python3.10/dist-packages/sick_safetyscanners2_interfaces/msg/_measurement_data.py
-- Installing: /home/nrc/Manual_Control_F3/install/sick_safetyscanners2_interfaces/local/lib/python3.10/dist-packages/sick_safetyscanners2_interfaces/msg/_intrusion_data_s.c
-- Installing: /home/nrc/Manual_Control_F3/install/sick_safetyscanners2_interfaces/local/lib/python3.10/dist-packages/sick_safetyscanners2_interfaces/msg/_application_inputs_s.c
-- Installing: /home/nrc/Manual_Control_F3/install/sick_safetyscanners2_interfaces/local/lib/python3.10/dist-packages/sick_safetyscanners2_interfaces/msg/_derived_values.py
-- Installing: /home/nrc/Manual_Control_F3/install/sick_safetyscanners2_interfaces/local/lib/python3.10/dist-packages/sick_safetyscanners2_interfaces/msg/_extended_laser_scan_s.c
-- Installing: /home/nrc/Manual_Control_F3/install/sick_safetyscanners2_interfaces/local/lib/python3.10/dist-packages/sick_safetyscanners2_interfaces/msg/_output_paths.py
-- Installing: /home/nrc/Manual_Control_F3/install/sick_safetyscanners2_interfaces/local/lib/python3.10/dist-packages/sick_safetyscanners2_interfaces/msg/_field.py
-- Installing: /home/nrc/Manual_Control_F3/install/sick_safetyscanners2_interfaces/local/lib/python3.10/dist-packages/sick_safetyscanners2_interfaces/msg/_scan_point_s.c
-- Installing: /home/nrc/Manual_Control_F3/install/sick_safetyscanners2_interfaces/local/lib/python3.10/dist-packages/sick_safetyscanners2_interfaces/msg/__init__.py
-- Installing: /home/nrc/Manual_Control_F3/install/sick_safetyscanners2_interfaces/local/lib/python3.10/dist-packages/sick_safetyscanners2_interfaces/msg/_general_system_state_s.c
-- Installing: /home/nrc/Manual_Control_F3/install/sick_safetyscanners2_interfaces/local/lib/python3.10/dist-packages/sick_safetyscanners2_interfaces/msg/_application_outputs.py
-- Installing: /home/nrc/Manual_Control_F3/install/sick_safetyscanners2_interfaces/local/lib/python3.10/dist-packages/sick_safetyscanners2_interfaces/msg/_raw_micro_scan_data.py
-- Installing: /home/nrc/Manual_Control_F3/install/sick_safetyscanners2_interfaces/local/lib/python3.10/dist-packages/sick_safetyscanners2_interfaces/msg/_extended_laser_scan.py
-- Installing: /home/nrc/Manual_Control_F3/install/sick_safetyscanners2_interfaces/local/lib/python3.10/dist-packages/sick_safetyscanners2_interfaces/msg/_monitoring_case.py
-- Installing: /home/nrc/Manual_Control_F3/install/sick_safetyscanners2_interfaces/local/lib/python3.10/dist-packages/sick_safetyscanners2_interfaces/msg/_measurement_data_s.c
-- Installing: /home/nrc/Manual_Control_F3/install/sick_safetyscanners2_interfaces/local/lib/python3.10/dist-packages/sick_safetyscanners2_interfaces/msg/_application_outputs_s.c
-- Installing: /home/nrc/Manual_Control_F3/install/sick_safetyscanners2_interfaces/local/lib/python3.10/dist-packages/sick_safetyscanners2_interfaces/msg/_output_paths_s.c
-- Installing: /home/nrc/Manual_Control_F3/install/sick_safetyscanners2_interfaces/local/lib/python3.10/dist-packages/sick_safetyscanners2_interfaces/msg/_scan_point.py
-- Installing: /home/nrc/Manual_Control_F3/install/sick_safetyscanners2_interfaces/local/lib/python3.10/dist-packages/sick_safetyscanners2_interfaces/msg/_general_system_state.py
-- Installing: /home/nrc/Manual_Control_F3/install/sick_safetyscanners2_interfaces/local/lib/python3.10/dist-packages/sick_safetyscanners2_interfaces/msg/_field_s.c
-- Installing: /home/nrc/Manual_Control_F3/install/sick_safetyscanners2_interfaces/local/lib/python3.10/dist-packages/sick_safetyscanners2_interfaces/msg/_raw_micro_scan_data_s.c
-- Installing: /home/nrc/Manual_Control_F3/install/sick_safetyscanners2_interfaces/local/lib/python3.10/dist-packages/sick_safetyscanners2_interfaces/msg/_data_header_s.c
-- Installing: /home/nrc/Manual_Control_F3/install/sick_safetyscanners2_interfaces/local/lib/python3.10/dist-packages/sick_safetyscanners2_interfaces/msg/_application_data.py
-- Installing: /home/nrc/Manual_Control_F3/install/sick_safetyscanners2_interfaces/local/lib/python3.10/dist-packages/sick_safetyscanners2_interfaces/msg/_intrusion_datum.py
-- Installing: /home/nrc/Manual_Control_F3/install/sick_safetyscanners2_interfaces/local/lib/python3.10/dist-packages/sick_safetyscanners2_interfaces/msg/_monitoring_case_s.c
-- Installing: /home/nrc/Manual_Control_F3/install/sick_safetyscanners2_interfaces/local/lib/python3.10/dist-packages/sick_safetyscanners2_interfaces/msg/_intrusion_datum_s.c
-- Installing: /home/nrc/Manual_Control_F3/install/sick_safetyscanners2_interfaces/local/lib/python3.10/dist-packages/sick_safetyscanners2_interfaces/msg/_intrusion_data.py
-- Installing: /home/nrc/Manual_Control_F3/install/sick_safetyscanners2_interfaces/local/lib/python3.10/dist-packages/sick_safetyscanners2_interfaces/msg/_data_header.py
-- Installing: /home/nrc/Manual_Control_F3/install/sick_safetyscanners2_interfaces/local/lib/python3.10/dist-packages/sick_safetyscanners2_interfaces/srv
-- Installing: /home/nrc/Manual_Control_F3/install/sick_safetyscanners2_interfaces/local/lib/python3.10/dist-packages/sick_safetyscanners2_interfaces/srv/__init__.py
-- Installing: /home/nrc/Manual_Control_F3/install/sick_safetyscanners2_interfaces/local/lib/python3.10/dist-packages/sick_safetyscanners2_interfaces/srv/_status_overview.py
-- Installing: /home/nrc/Manual_Control_F3/install/sick_safetyscanners2_interfaces/local/lib/python3.10/dist-packages/sick_safetyscanners2_interfaces/srv/_field_data.py
-- Installing: /home/nrc/Manual_Control_F3/install/sick_safetyscanners2_interfaces/local/lib/python3.10/dist-packages/sick_safetyscanners2_interfaces/srv/_field_data_s.c
-- Installing: /home/nrc/Manual_Control_F3/install/sick_safetyscanners2_interfaces/local/lib/python3.10/dist-packages/sick_safetyscanners2_interfaces/srv/_status_overview_s.c
-- Installing: /home/nrc/Manual_Control_F3/install/sick_safetyscanners2_interfaces/local/lib/python3.10/dist-packages/sick_safetyscanners2_interfaces/sick_safetyscanners2_interfaces_s__rosidl_typesupport_introspection_c.cpython-310-x86_64-linux-gnu.so
-- Installing: /home/nrc/Manual_Control_F3/install/sick_safetyscanners2_interfaces/local/lib/python3.10/dist-packages/sick_safetyscanners2_interfaces/_sick_safetyscanners2_interfaces_s.ep.rosidl_typesupport_introspection_c.c
-- Installing: /home/nrc/Manual_Control_F3/install/sick_safetyscanners2_interfaces/local/lib/python3.10/dist-packages/sick_safetyscanners2_interfaces/_sick_safetyscanners2_interfaces_s.ep.rosidl_typesupport_c.c
Listing '/home/nrc/Manual_Control_F3/install/sick_safetyscanners2_interfaces/local/lib/python3.10/dist-packages/sick_safetyscanners2_interfaces'...
Compiling '/home/nrc/Manual_Control_F3/install/sick_safetyscanners2_interfaces/local/lib/python3.10/dist-packages/sick_safetyscanners2_interfaces/__init__.py'...
Listing '/home/nrc/Manual_Control_F3/install/sick_safetyscanners2_interfaces/local/lib/python3.10/dist-packages/sick_safetyscanners2_interfaces/msg'...
Compiling '/home/nrc/Manual_Control_F3/install/sick_safetyscanners2_interfaces/local/lib/python3.10/dist-packages/sick_safetyscanners2_interfaces/msg/__init__.py'...
Compiling '/home/nrc/Manual_Control_F3/install/sick_safetyscanners2_interfaces/local/lib/python3.10/dist-packages/sick_safetyscanners2_interfaces/msg/_application_data.py'...
Compiling '/home/nrc/Manual_Control_F3/install/sick_safetyscanners2_interfaces/local/lib/python3.10/dist-packages/sick_safetyscanners2_interfaces/msg/_application_inputs.py'...
Compiling '/home/nrc/Manual_Control_F3/install/sick_safetyscanners2_interfaces/local/lib/python3.10/dist-packages/sick_safetyscanners2_interfaces/msg/_application_outputs.py'...
Compiling '/home/nrc/Manual_Control_F3/install/sick_safetyscanners2_interfaces/local/lib/python3.10/dist-packages/sick_safetyscanners2_interfaces/msg/_data_header.py'...
Compiling '/home/nrc/Manual_Control_F3/install/sick_safetyscanners2_interfaces/local/lib/python3.10/dist-packages/sick_safetyscanners2_interfaces/msg/_derived_values.py'...
Compiling '/home/nrc/Manual_Control_F3/install/sick_safetyscanners2_interfaces/local/lib/python3.10/dist-packages/sick_safetyscanners2_interfaces/msg/_extended_laser_scan.py'...
Compiling '/home/nrc/Manual_Control_F3/install/sick_safetyscanners2_interfaces/local/lib/python3.10/dist-packages/sick_safetyscanners2_interfaces/msg/_field.py'...
Compiling '/home/nrc/Manual_Control_F3/install/sick_safetyscanners2_interfaces/local/lib/python3.10/dist-packages/sick_safetyscanners2_interfaces/msg/_general_system_state.py'...
Compiling '/home/nrc/Manual_Control_F3/install/sick_safetyscanners2_interfaces/local/lib/python3.10/dist-packages/sick_safetyscanners2_interfaces/msg/_intrusion_data.py'...
Compiling '/home/nrc/Manual_Control_F3/install/sick_safetyscanners2_interfaces/local/lib/python3.10/dist-packages/sick_safetyscanners2_interfaces/msg/_intrusion_datum.py'...
Compiling '/home/nrc/Manual_Control_F3/install/sick_safetyscanners2_interfaces/local/lib/python3.10/dist-packages/sick_safetyscanners2_interfaces/msg/_measurement_data.py'...
Compiling '/home/nrc/Manual_Control_F3/install/sick_safetyscanners2_interfaces/local/lib/python3.10/dist-packages/sick_safetyscanners2_interfaces/msg/_monitoring_case.py'...
Compiling '/home/nrc/Manual_Control_F3/install/sick_safetyscanners2_interfaces/local/lib/python3.10/dist-packages/sick_safetyscanners2_interfaces/msg/_output_paths.py'...
Compiling '/home/nrc/Manual_Control_F3/install/sick_safetyscanners2_interfaces/local/lib/python3.10/dist-packages/sick_safetyscanners2_interfaces/msg/_raw_micro_scan_data.py'...
Compiling '/home/nrc/Manual_Control_F3/install/sick_safetyscanners2_interfaces/local/lib/python3.10/dist-packages/sick_safetyscanners2_interfaces/msg/_scan_point.py'...
Listing '/home/nrc/Manual_Control_F3/install/sick_safetyscanners2_interfaces/local/lib/python3.10/dist-packages/sick_safetyscanners2_interfaces/srv'...
Compiling '/home/nrc/Manual_Control_F3/install/sick_safetyscanners2_interfaces/local/lib/python3.10/dist-packages/sick_safetyscanners2_interfaces/srv/__init__.py'...
Compiling '/home/nrc/Manual_Control_F3/install/sick_safetyscanners2_interfaces/local/lib/python3.10/dist-packages/sick_safetyscanners2_interfaces/srv/_field_data.py'...
Compiling '/home/nrc/Manual_Control_F3/install/sick_safetyscanners2_interfaces/local/lib/python3.10/dist-packages/sick_safetyscanners2_interfaces/srv/_status_overview.py'...
-- Installing: /home/nrc/Manual_Control_F3/install/sick_safetyscanners2_interfaces/local/lib/python3.10/dist-packages/sick_safetyscanners2_interfaces/sick_safetyscanners2_interfaces_s__rosidl_typesupport_fastrtps_c.cpython-310-x86_64-linux-gnu.so
-- Set runtime path of "/home/nrc/Manual_Control_F3/install/sick_safetyscanners2_interfaces/local/lib/python3.10/dist-packages/sick_safetyscanners2_interfaces/sick_safetyscanners2_interfaces_s__rosidl_typesupport_fastrtps_c.cpython-310-x86_64-linux-gnu.so" to ""
-- Installing: /home/nrc/Manual_Control_F3/install/sick_safetyscanners2_interfaces/local/lib/python3.10/dist-packages/sick_safetyscanners2_interfaces/sick_safetyscanners2_interfaces_s__rosidl_typesupport_introspection_c.cpython-310-x86_64-linux-gnu.so
-- Set runtime path of "/home/nrc/Manual_Control_F3/install/sick_safetyscanners2_interfaces/local/lib/python3.10/dist-packages/sick_safetyscanners2_interfaces/sick_safetyscanners2_interfaces_s__rosidl_typesupport_introspection_c.cpython-310-x86_64-linux-gnu.so" to ""
-- Installing: /home/nrc/Manual_Control_F3/install/sick_safetyscanners2_interfaces/local/lib/python3.10/dist-packages/sick_safetyscanners2_interfaces/sick_safetyscanners2_interfaces_s__rosidl_typesupport_c.cpython-310-x86_64-linux-gnu.so
-- Set runtime path of "/home/nrc/Manual_Control_F3/install/sick_safetyscanners2_interfaces/local/lib/python3.10/dist-packages/sick_safetyscanners2_interfaces/sick_safetyscanners2_interfaces_s__rosidl_typesupport_c.cpython-310-x86_64-linux-gnu.so" to ""
-- Installing: /home/nrc/Manual_Control_F3/install/sick_safetyscanners2_interfaces/lib/libsick_safetyscanners2_interfaces__rosidl_generator_py.so
-- Set runtime path of "/home/nrc/Manual_Control_F3/install/sick_safetyscanners2_interfaces/lib/libsick_safetyscanners2_interfaces__rosidl_generator_py.so" to ""
-- Installing: /home/nrc/Manual_Control_F3/install/sick_safetyscanners2_interfaces/share/sick_safetyscanners2_interfaces/msg/ApplicationData.idl
-- Installing: /home/nrc/Manual_Control_F3/install/sick_safetyscanners2_interfaces/share/sick_safetyscanners2_interfaces/msg/ApplicationInputs.idl
-- Installing: /home/nrc/Manual_Control_F3/install/sick_safetyscanners2_interfaces/share/sick_safetyscanners2_interfaces/msg/ApplicationOutputs.idl
-- Installing: /home/nrc/Manual_Control_F3/install/sick_safetyscanners2_interfaces/share/sick_safetyscanners2_interfaces/msg/DataHeader.idl
-- Installing: /home/nrc/Manual_Control_F3/install/sick_safetyscanners2_interfaces/share/sick_safetyscanners2_interfaces/msg/DerivedValues.idl
-- Installing: /home/nrc/Manual_Control_F3/install/sick_safetyscanners2_interfaces/share/sick_safetyscanners2_interfaces/msg/ExtendedLaserScan.idl
-- Installing: /home/nrc/Manual_Control_F3/install/sick_safetyscanners2_interfaces/share/sick_safetyscanners2_interfaces/msg/Field.idl
-- Installing: /home/nrc/Manual_Control_F3/install/sick_safetyscanners2_interfaces/share/sick_safetyscanners2_interfaces/msg/GeneralSystemState.idl
-- Installing: /home/nrc/Manual_Control_F3/install/sick_safetyscanners2_interfaces/share/sick_safetyscanners2_interfaces/msg/IntrusionData.idl
-- Installing: /home/nrc/Manual_Control_F3/install/sick_safetyscanners2_interfaces/share/sick_safetyscanners2_interfaces/msg/IntrusionDatum.idl
-- Installing: /home/nrc/Manual_Control_F3/install/sick_safetyscanners2_interfaces/share/sick_safetyscanners2_interfaces/msg/MeasurementData.idl
-- Installing: /home/nrc/Manual_Control_F3/install/sick_safetyscanners2_interfaces/share/sick_safetyscanners2_interfaces/msg/MonitoringCase.idl
-- Installing: /home/nrc/Manual_Control_F3/install/sick_safetyscanners2_interfaces/share/sick_safetyscanners2_interfaces/msg/OutputPaths.idl
-- Installing: /home/nrc/Manual_Control_F3/install/sick_safetyscanners2_interfaces/share/sick_safetyscanners2_interfaces/msg/RawMicroScanData.idl
-- Installing: /home/nrc/Manual_Control_F3/install/sick_safetyscanners2_interfaces/share/sick_safetyscanners2_interfaces/msg/ScanPoint.idl
-- Installing: /home/nrc/Manual_Control_F3/install/sick_safetyscanners2_interfaces/share/sick_safetyscanners2_interfaces/srv/FieldData.idl
-- Installing: /home/nrc/Manual_Control_F3/install/sick_safetyscanners2_interfaces/share/sick_safetyscanners2_interfaces/srv/StatusOverview.idl
-- Installing: /home/nrc/Manual_Control_F3/install/sick_safetyscanners2_interfaces/share/sick_safetyscanners2_interfaces/msg/ApplicationData.msg
-- Installing: /home/nrc/Manual_Control_F3/install/sick_safetyscanners2_interfaces/share/sick_safetyscanners2_interfaces/msg/ApplicationInputs.msg
-- Installing: /home/nrc/Manual_Control_F3/install/sick_safetyscanners2_interfaces/share/sick_safetyscanners2_interfaces/msg/ApplicationOutputs.msg
-- Installing: /home/nrc/Manual_Control_F3/install/sick_safetyscanners2_interfaces/share/sick_safetyscanners2_interfaces/msg/DataHeader.msg
-- Installing: /home/nrc/Manual_Control_F3/install/sick_safetyscanners2_interfaces/share/sick_safetyscanners2_interfaces/msg/DerivedValues.msg
-- Installing: /home/nrc/Manual_Control_F3/install/sick_safetyscanners2_interfaces/share/sick_safetyscanners2_interfaces/msg/ExtendedLaserScan.msg
-- Installing: /home/nrc/Manual_Control_F3/install/sick_safetyscanners2_interfaces/share/sick_safetyscanners2_interfaces/msg/Field.msg
-- Installing: /home/nrc/Manual_Control_F3/install/sick_safetyscanners2_interfaces/share/sick_safetyscanners2_interfaces/msg/GeneralSystemState.msg
-- Installing: /home/nrc/Manual_Control_F3/install/sick_safetyscanners2_interfaces/share/sick_safetyscanners2_interfaces/msg/IntrusionData.msg
-- Installing: /home/nrc/Manual_Control_F3/install/sick_safetyscanners2_interfaces/share/sick_safetyscanners2_interfaces/msg/IntrusionDatum.msg
-- Installing: /home/nrc/Manual_Control_F3/install/sick_safetyscanners2_interfaces/share/sick_safetyscanners2_interfaces/msg/MeasurementData.msg
-- Installing: /home/nrc/Manual_Control_F3/install/sick_safetyscanners2_interfaces/share/sick_safetyscanners2_interfaces/msg/MonitoringCase.msg
-- Installing: /home/nrc/Manual_Control_F3/install/sick_safetyscanners2_interfaces/share/sick_safetyscanners2_interfaces/msg/OutputPaths.msg
-- Installing: /home/nrc/Manual_Control_F3/install/sick_safetyscanners2_interfaces/share/sick_safetyscanners2_interfaces/msg/RawMicroScanData.msg
-- Installing: /home/nrc/Manual_Control_F3/install/sick_safetyscanners2_interfaces/share/sick_safetyscanners2_interfaces/msg/ScanPoint.msg
-- Installing: /home/nrc/Manual_Control_F3/install/sick_safetyscanners2_interfaces/share/sick_safetyscanners2_interfaces/srv/FieldData.srv
-- Installing: /home/nrc/Manual_Control_F3/install/sick_safetyscanners2_interfaces/share/sick_safetyscanners2_interfaces/srv/FieldData_Request.msg
-- Installing: /home/nrc/Manual_Control_F3/install/sick_safetyscanners2_interfaces/share/sick_safetyscanners2_interfaces/srv/FieldData_Response.msg
-- Installing: /home/nrc/Manual_Control_F3/install/sick_safetyscanners2_interfaces/share/sick_safetyscanners2_interfaces/srv/StatusOverview.srv
-- Installing: /home/nrc/Manual_Control_F3/install/sick_safetyscanners2_interfaces/share/sick_safetyscanners2_interfaces/srv/StatusOverview_Request.msg
-- Installing: /home/nrc/Manual_Control_F3/install/sick_safetyscanners2_interfaces/share/sick_safetyscanners2_interfaces/srv/StatusOverview_Response.msg
-- Installing: /home/nrc/Manual_Control_F3/install/sick_safetyscanners2_interfaces/share/ament_index/resource_index/package_run_dependencies/sick_safetyscanners2_interfaces
-- Installing: /home/nrc/Manual_Control_F3/install/sick_safetyscanners2_interfaces/share/ament_index/resource_index/parent_prefix_path/sick_safetyscanners2_interfaces
-- Installing: /home/nrc/Manual_Control_F3/install/sick_safetyscanners2_interfaces/share/sick_safetyscanners2_interfaces/environment/ament_prefix_path.sh
-- Installing: /home/nrc/Manual_Control_F3/install/sick_safetyscanners2_interfaces/share/sick_safetyscanners2_interfaces/environment/ament_prefix_path.dsv
-- Installing: /home/nrc/Manual_Control_F3/install/sick_safetyscanners2_interfaces/share/sick_safetyscanners2_interfaces/environment/path.sh
-- Installing: /home/nrc/Manual_Control_F3/install/sick_safetyscanners2_interfaces/share/sick_safetyscanners2_interfaces/environment/path.dsv
-- Installing: /home/nrc/Manual_Control_F3/install/sick_safetyscanners2_interfaces/share/sick_safetyscanners2_interfaces/local_setup.bash
-- Installing: /home/nrc/Manual_Control_F3/install/sick_safetyscanners2_interfaces/share/sick_safetyscanners2_interfaces/local_setup.sh
-- Installing: /home/nrc/Manual_Control_F3/install/sick_safetyscanners2_interfaces/share/sick_safetyscanners2_interfaces/local_setup.zsh
-- Installing: /home/nrc/Manual_Control_F3/install/sick_safetyscanners2_interfaces/share/sick_safetyscanners2_interfaces/local_setup.dsv
-- Installing: /home/nrc/Manual_Control_F3/install/sick_safetyscanners2_interfaces/share/sick_safetyscanners2_interfaces/package.dsv
-- Installing: /home/nrc/Manual_Control_F3/install/sick_safetyscanners2_interfaces/share/ament_index/resource_index/packages/sick_safetyscanners2_interfaces
-- Installing: /home/nrc/Manual_Control_F3/install/sick_safetyscanners2_interfaces/share/sick_safetyscanners2_interfaces/cmake/export_sick_safetyscanners2_interfaces__rosidl_generator_cExport.cmake
-- Installing: /home/nrc/Manual_Control_F3/install/sick_safetyscanners2_interfaces/share/sick_safetyscanners2_interfaces/cmake/export_sick_safetyscanners2_interfaces__rosidl_generator_cExport-noconfig.cmake
-- Installing: /home/nrc/Manual_Control_F3/install/sick_safetyscanners2_interfaces/share/sick_safetyscanners2_interfaces/cmake/export_sick_safetyscanners2_interfaces__rosidl_typesupport_fastrtps_cExport.cmake
-- Installing: /home/nrc/Manual_Control_F3/install/sick_safetyscanners2_interfaces/share/sick_safetyscanners2_interfaces/cmake/export_sick_safetyscanners2_interfaces__rosidl_typesupport_fastrtps_cExport-noconfig.cmake
-- Installing: /home/nrc/Manual_Control_F3/install/sick_safetyscanners2_interfaces/share/sick_safetyscanners2_interfaces/cmake/sick_safetyscanners2_interfaces__rosidl_typesupport_introspection_cExport.cmake
-- Installing: /home/nrc/Manual_Control_F3/install/sick_safetyscanners2_interfaces/share/sick_safetyscanners2_interfaces/cmake/sick_safetyscanners2_interfaces__rosidl_typesupport_introspection_cExport-noconfig.cmake
-- Installing: /home/nrc/Manual_Control_F3/install/sick_safetyscanners2_interfaces/share/sick_safetyscanners2_interfaces/cmake/sick_safetyscanners2_interfaces__rosidl_typesupport_cExport.cmake
-- Installing: /home/nrc/Manual_Control_F3/install/sick_safetyscanners2_interfaces/share/sick_safetyscanners2_interfaces/cmake/sick_safetyscanners2_interfaces__rosidl_typesupport_cExport-noconfig.cmake
-- Installing: /home/nrc/Manual_Control_F3/install/sick_safetyscanners2_interfaces/share/sick_safetyscanners2_interfaces/cmake/export_sick_safetyscanners2_interfaces__rosidl_generator_cppExport.cmake
-- Installing: /home/nrc/Manual_Control_F3/install/sick_safetyscanners2_interfaces/share/sick_safetyscanners2_interfaces/cmake/export_sick_safetyscanners2_interfaces__rosidl_typesupport_fastrtps_cppExport.cmake
-- Installing: /home/nrc/Manual_Control_F3/install/sick_safetyscanners2_interfaces/share/sick_safetyscanners2_interfaces/cmake/export_sick_safetyscanners2_interfaces__rosidl_typesupport_fastrtps_cppExport-noconfig.cmake
-- Installing: /home/nrc/Manual_Control_F3/install/sick_safetyscanners2_interfaces/share/sick_safetyscanners2_interfaces/cmake/sick_safetyscanners2_interfaces__rosidl_typesupport_introspection_cppExport.cmake
-- Installing: /home/nrc/Manual_Control_F3/install/sick_safetyscanners2_interfaces/share/sick_safetyscanners2_interfaces/cmake/sick_safetyscanners2_interfaces__rosidl_typesupport_introspection_cppExport-noconfig.cmake
-- Installing: /home/nrc/Manual_Control_F3/install/sick_safetyscanners2_interfaces/share/sick_safetyscanners2_interfaces/cmake/sick_safetyscanners2_interfaces__rosidl_typesupport_cppExport.cmake
-- Installing: /home/nrc/Manual_Control_F3/install/sick_safetyscanners2_interfaces/share/sick_safetyscanners2_interfaces/cmake/sick_safetyscanners2_interfaces__rosidl_typesupport_cppExport-noconfig.cmake
-- Installing: /home/nrc/Manual_Control_F3/install/sick_safetyscanners2_interfaces/share/sick_safetyscanners2_interfaces/cmake/export_sick_safetyscanners2_interfaces__rosidl_generator_pyExport.cmake
-- Installing: /home/nrc/Manual_Control_F3/install/sick_safetyscanners2_interfaces/share/sick_safetyscanners2_interfaces/cmake/export_sick_safetyscanners2_interfaces__rosidl_generator_pyExport-noconfig.cmake
-- Installing: /home/nrc/Manual_Control_F3/install/sick_safetyscanners2_interfaces/share/sick_safetyscanners2_interfaces/cmake/rosidl_cmake-extras.cmake
-- Installing: /home/nrc/Manual_Control_F3/install/sick_safetyscanners2_interfaces/share/sick_safetyscanners2_interfaces/cmake/ament_cmake_export_dependencies-extras.cmake
-- Installing: /home/nrc/Manual_Control_F3/install/sick_safetyscanners2_interfaces/share/sick_safetyscanners2_interfaces/cmake/ament_cmake_export_include_directories-extras.cmake
-- Installing: /home/nrc/Manual_Control_F3/install/sick_safetyscanners2_interfaces/share/sick_safetyscanners2_interfaces/cmake/ament_cmake_export_libraries-extras.cmake
-- Installing: /home/nrc/Manual_Control_F3/install/sick_safetyscanners2_interfaces/share/sick_safetyscanners2_interfaces/cmake/ament_cmake_export_targets-extras.cmake
-- Installing: /home/nrc/Manual_Control_F3/install/sick_safetyscanners2_interfaces/share/sick_safetyscanners2_interfaces/cmake/rosidl_cmake_export_typesupport_targets-extras.cmake
-- Installing: /home/nrc/Manual_Control_F3/install/sick_safetyscanners2_interfaces/share/sick_safetyscanners2_interfaces/cmake/rosidl_cmake_export_typesupport_libraries-extras.cmake
-- Installing: /home/nrc/Manual_Control_F3/install/sick_safetyscanners2_interfaces/share/sick_safetyscanners2_interfaces/cmake/sick_safetyscanners2_interfacesConfig.cmake
-- Installing: /home/nrc/Manual_Control_F3/install/sick_safetyscanners2_interfaces/share/sick_safetyscanners2_interfaces/cmake/sick_safetyscanners2_interfacesConfig-version.cmake
-- Installing: /home/nrc/Manual_Control_F3/install/sick_safetyscanners2_interfaces/share/sick_safetyscanners2_interfaces/package.xml
