[0.010s] Invoking command in '/home/nrc/Manual_Control_F3/build/sick_safetyscanners2_interfaces': CMAKE_PREFIX_PATH=/opt/ros/humble /usr/bin/cmake /home/nrc/Manual_Control_F3/src/sick_safetyscanners2_interfaces -DCMAKE_INSTALL_PREFIX=/home/nrc/Manual_Control_F3/install/sick_safetyscanners2_interfaces
[0.073s] -- The C compiler identification is GNU 11.4.0
[0.129s] -- The CXX compiler identification is GNU 11.4.0
[0.151s] -- Detecting C compiler ABI info
[0.227s] -- Detecting C compiler ABI info - done
[0.233s] -- Check for working C compiler: /usr/bin/cc - skipped
[0.234s] -- Detecting C compile features
[0.234s] -- Detecting C compile features - done
[0.237s] -- Detecting CXX compiler ABI info
[0.313s] -- Detecting CXX compiler ABI info - done
[0.319s] -- Check for working CXX compiler: /usr/bin/c++ - skipped
[0.320s] -- Detecting CXX compile features
[0.320s] -- Detecting CXX compile features - done
[0.326s] -- Found ament_cmake: 1.3.13 (/opt/ros/humble/share/ament_cmake/cmake)
[0.454s] -- Found Python3: /usr/bin/python3 (found version "3.10.12") found components: Interpreter 
[0.553s] -- Found rosidl_default_generators: 1.2.0 (/opt/ros/humble/share/rosidl_default_generators/cmake)
[0.557s] -- Using all available rosidl_typesupport_c: rosidl_typesupport_fastrtps_c;rosidl_typesupport_introspection_c
[0.564s] -- Found rosidl_adapter: 3.1.8 (/opt/ros/humble/share/rosidl_adapter/cmake)
[0.626s] -- Using all available rosidl_typesupport_cpp: rosidl_typesupport_fastrtps_cpp;rosidl_typesupport_introspection_cpp
[0.669s] -- Found sensor_msgs: 4.9.1 (/opt/ros/humble/share/sensor_msgs/cmake)
[1.058s] -- Found ament_cmake_ros: 0.10.0 (/opt/ros/humble/share/ament_cmake_ros/cmake)
[1.351s] -- Using all available rosidl_typesupport_c: rosidl_typesupport_fastrtps_c;rosidl_typesupport_introspection_c
[1.820s] -- Using all available rosidl_typesupport_cpp: rosidl_typesupport_fastrtps_cpp;rosidl_typesupport_introspection_cpp
[1.852s] -- Found PythonInterp: /usr/bin/python3 (found suitable version "3.10.12", minimum required is "3.6") 
[1.853s] -- Found python_cmake_module: 0.10.0 (/opt/ros/humble/share/python_cmake_module/cmake)
[1.876s] -- Found PythonLibs: /usr/lib/x86_64-linux-gnu/libpython3.10.so (found suitable version "3.10.12", minimum required is "3.5") 
[1.876s] -- Using PYTHON_EXECUTABLE: /usr/bin/python3
[1.876s] -- Using PYTHON_INCLUDE_DIRS: /usr/include/python3.10
[1.876s] -- Using PYTHON_LIBRARIES: /usr/lib/x86_64-linux-gnu/libpython3.10.so
[1.896s] -- Found PythonExtra: .so  
[1.982s] -- Found ament_lint_auto: 0.12.15 (/opt/ros/humble/share/ament_lint_auto/cmake)
[2.008s] -- Added test 'lint_cmake' to check CMake code style
[2.012s] -- Added test 'xmllint' to check XML markup files
[2.015s] -- Configuring done
[2.086s] -- Generating done
[2.102s] -- Build files have been written to: /home/nrc/Manual_Control_F3/build/sick_safetyscanners2_interfaces
[2.128s] Invoked command in '/home/nrc/Manual_Control_F3/build/sick_safetyscanners2_interfaces' returned '0': CMAKE_PREFIX_PATH=/opt/ros/humble /usr/bin/cmake /home/nrc/Manual_Control_F3/src/sick_safetyscanners2_interfaces -DCMAKE_INSTALL_PREFIX=/home/nrc/Manual_Control_F3/install/sick_safetyscanners2_interfaces
[2.128s] Invoking command in '/home/nrc/Manual_Control_F3/build/sick_safetyscanners2_interfaces': CMAKE_PREFIX_PATH=/opt/ros/humble /usr/bin/cmake --build /home/nrc/Manual_Control_F3/build/sick_safetyscanners2_interfaces -- -j8 -l8
[2.216s] [  0%] [34m[1mGenerating C code for ROS interfaces[0m
[2.227s] [  0%] [34m[1mGenerating C++ code for ROS interfaces[0m
[2.251s] [  0%] Built target ament_cmake_python_copy_sick_safetyscanners2_interfaces
[2.550s] running egg_info
[2.550s] creating sick_safetyscanners2_interfaces.egg-info
[2.551s] writing sick_safetyscanners2_interfaces.egg-info/PKG-INFO
[2.551s] writing dependency_links to sick_safetyscanners2_interfaces.egg-info/dependency_links.txt
[2.551s] writing top-level names to sick_safetyscanners2_interfaces.egg-info/top_level.txt
[2.551s] writing manifest file 'sick_safetyscanners2_interfaces.egg-info/SOURCES.txt'
[2.560s] reading manifest file 'sick_safetyscanners2_interfaces.egg-info/SOURCES.txt'
[2.560s] writing manifest file 'sick_safetyscanners2_interfaces.egg-info/SOURCES.txt'
[2.587s] [  0%] Built target ament_cmake_python_build_sick_safetyscanners2_interfaces_egg
[3.694s] [  0%] Built target sick_safetyscanners2_interfaces__cpp
[3.709s] [  1%] [34m[1mGenerating C++ type support dispatch for ROS interfaces[0m
[3.712s] [  2%] [34m[1mGenerating C++ type support for eProsima Fast-RTPS[0m
[3.716s] [  2%] [34m[1mGenerating C++ introspection for ROS interfaces[0m
[3.788s] [  3%] [32mBuilding C object CMakeFiles/sick_safetyscanners2_interfaces__rosidl_generator_c.dir/rosidl_generator_c/sick_safetyscanners2_interfaces/msg/detail/data_header__functions.c.o[0m
[3.788s] [  3%] [32mBuilding C object CMakeFiles/sick_safetyscanners2_interfaces__rosidl_generator_c.dir/rosidl_generator_c/sick_safetyscanners2_interfaces/msg/detail/application_outputs__functions.c.o[0m
[3.789s] [  4%] [32mBuilding C object CMakeFiles/sick_safetyscanners2_interfaces__rosidl_generator_c.dir/rosidl_generator_c/sick_safetyscanners2_interfaces/msg/detail/application_data__functions.c.o[0m
[3.792s] [  5%] [32mBuilding C object CMakeFiles/sick_safetyscanners2_interfaces__rosidl_generator_c.dir/rosidl_generator_c/sick_safetyscanners2_interfaces/msg/detail/application_inputs__functions.c.o[0m
[3.801s] [  6%] [32mBuilding C object CMakeFiles/sick_safetyscanners2_interfaces__rosidl_generator_c.dir/rosidl_generator_c/sick_safetyscanners2_interfaces/msg/detail/derived_values__functions.c.o[0m
[3.883s] [  6%] [32mBuilding C object CMakeFiles/sick_safetyscanners2_interfaces__rosidl_generator_c.dir/rosidl_generator_c/sick_safetyscanners2_interfaces/msg/detail/extended_laser_scan__functions.c.o[0m
[3.886s] [  7%] [32mBuilding C object CMakeFiles/sick_safetyscanners2_interfaces__rosidl_generator_c.dir/rosidl_generator_c/sick_safetyscanners2_interfaces/msg/detail/field__functions.c.o[0m
[3.900s] [  8%] [32mBuilding C object CMakeFiles/sick_safetyscanners2_interfaces__rosidl_generator_c.dir/rosidl_generator_c/sick_safetyscanners2_interfaces/msg/detail/intrusion_data__functions.c.o[0m
[3.902s] [  8%] [32mBuilding C object CMakeFiles/sick_safetyscanners2_interfaces__rosidl_generator_c.dir/rosidl_generator_c/sick_safetyscanners2_interfaces/msg/detail/general_system_state__functions.c.o[0m
[3.931s] [  9%] [32mBuilding C object CMakeFiles/sick_safetyscanners2_interfaces__rosidl_generator_c.dir/rosidl_generator_c/sick_safetyscanners2_interfaces/msg/detail/intrusion_datum__functions.c.o[0m
[3.978s] [ 10%] [32mBuilding C object CMakeFiles/sick_safetyscanners2_interfaces__rosidl_generator_c.dir/rosidl_generator_c/sick_safetyscanners2_interfaces/msg/detail/monitoring_case__functions.c.o[0m
[3.981s] [ 10%] [32mBuilding C object CMakeFiles/sick_safetyscanners2_interfaces__rosidl_generator_c.dir/rosidl_generator_c/sick_safetyscanners2_interfaces/msg/detail/measurement_data__functions.c.o[0m
[3.984s] [ 11%] [32mBuilding C object CMakeFiles/sick_safetyscanners2_interfaces__rosidl_generator_c.dir/rosidl_generator_c/sick_safetyscanners2_interfaces/msg/detail/output_paths__functions.c.o[0m
[3.986s] [ 11%] [32mBuilding C object CMakeFiles/sick_safetyscanners2_interfaces__rosidl_generator_c.dir/rosidl_generator_c/sick_safetyscanners2_interfaces/msg/detail/raw_micro_scan_data__functions.c.o[0m
[3.987s] [ 12%] [32mBuilding C object CMakeFiles/sick_safetyscanners2_interfaces__rosidl_generator_c.dir/rosidl_generator_c/sick_safetyscanners2_interfaces/msg/detail/scan_point__functions.c.o[0m
[4.038s] [ 12%] [32mBuilding C object CMakeFiles/sick_safetyscanners2_interfaces__rosidl_generator_c.dir/rosidl_generator_c/sick_safetyscanners2_interfaces/srv/detail/field_data__functions.c.o[0m
[4.061s] [ 13%] [32mBuilding C object CMakeFiles/sick_safetyscanners2_interfaces__rosidl_generator_c.dir/rosidl_generator_c/sick_safetyscanners2_interfaces/srv/detail/status_overview__functions.c.o[0m
[4.131s] [ 14%] [32m[1mLinking C shared library libsick_safetyscanners2_interfaces__rosidl_generator_c.so[0m
[4.186s] [ 14%] Built target sick_safetyscanners2_interfaces__rosidl_generator_c
[4.201s] [ 15%] [34m[1mGenerating C type support for eProsima Fast-RTPS[0m
[4.205s] [ 16%] [34m[1mGenerating C introspection for ROS interfaces[0m
[4.207s] [ 17%] [34m[1mGenerating C type support dispatch for ROS interfaces[0m
[4.756s] [ 17%] [32mBuilding CXX object CMakeFiles/sick_safetyscanners2_interfaces__rosidl_typesupport_cpp.dir/rosidl_typesupport_cpp/sick_safetyscanners2_interfaces/msg/application_data__type_support.cpp.o[0m
[4.765s] [ 18%] [32mBuilding CXX object CMakeFiles/sick_safetyscanners2_interfaces__rosidl_typesupport_cpp.dir/rosidl_typesupport_cpp/sick_safetyscanners2_interfaces/msg/application_inputs__type_support.cpp.o[0m
[4.768s] [ 19%] [32mBuilding CXX object CMakeFiles/sick_safetyscanners2_interfaces__rosidl_typesupport_cpp.dir/rosidl_typesupport_cpp/sick_safetyscanners2_interfaces/msg/application_outputs__type_support.cpp.o[0m
[5.227s] [ 19%] [32mBuilding CXX object CMakeFiles/sick_safetyscanners2_interfaces__rosidl_typesupport_cpp.dir/rosidl_typesupport_cpp/sick_safetyscanners2_interfaces/msg/data_header__type_support.cpp.o[0m
[5.244s] [ 20%] [32mBuilding CXX object CMakeFiles/sick_safetyscanners2_interfaces__rosidl_typesupport_cpp.dir/rosidl_typesupport_cpp/sick_safetyscanners2_interfaces/msg/derived_values__type_support.cpp.o[0m
[5.397s] [ 21%] [32mBuilding CXX object CMakeFiles/sick_safetyscanners2_interfaces__rosidl_typesupport_cpp.dir/rosidl_typesupport_cpp/sick_safetyscanners2_interfaces/msg/extended_laser_scan__type_support.cpp.o[0m
[5.464s] [ 22%] [32mBuilding CXX object CMakeFiles/sick_safetyscanners2_interfaces__rosidl_typesupport_introspection_cpp.dir/rosidl_typesupport_introspection_cpp/sick_safetyscanners2_interfaces/msg/detail/application_data__type_support.cpp.o[0m
[5.564s] [ 22%] [32mBuilding CXX object CMakeFiles/sick_safetyscanners2_interfaces__rosidl_typesupport_introspection_cpp.dir/rosidl_typesupport_introspection_cpp/sick_safetyscanners2_interfaces/msg/detail/application_inputs__type_support.cpp.o[0m
[5.610s] [ 23%] [32mBuilding CXX object CMakeFiles/sick_safetyscanners2_interfaces__rosidl_typesupport_introspection_cpp.dir/rosidl_typesupport_introspection_cpp/sick_safetyscanners2_interfaces/msg/detail/application_outputs__type_support.cpp.o[0m
[5.615s] [ 23%] [32mBuilding CXX object CMakeFiles/sick_safetyscanners2_interfaces__rosidl_typesupport_c.dir/rosidl_typesupport_c/sick_safetyscanners2_interfaces/msg/application_data__type_support.cpp.o[0m
[5.686s] [ 24%] [32mBuilding CXX object CMakeFiles/sick_safetyscanners2_interfaces__rosidl_typesupport_c.dir/rosidl_typesupport_c/sick_safetyscanners2_interfaces/msg/application_inputs__type_support.cpp.o[0m
[5.741s] [ 25%] [32mBuilding CXX object CMakeFiles/sick_safetyscanners2_interfaces__rosidl_typesupport_c.dir/rosidl_typesupport_c/sick_safetyscanners2_interfaces/msg/application_outputs__type_support.cpp.o[0m
[5.747s] [ 25%] [32mBuilding CXX object CMakeFiles/sick_safetyscanners2_interfaces__rosidl_typesupport_cpp.dir/rosidl_typesupport_cpp/sick_safetyscanners2_interfaces/msg/field__type_support.cpp.o[0m
[5.797s] [ 25%] [32mBuilding CXX object CMakeFiles/sick_safetyscanners2_interfaces__rosidl_typesupport_c.dir/rosidl_typesupport_c/sick_safetyscanners2_interfaces/msg/data_header__type_support.cpp.o[0m
[5.838s] [ 26%] [32mBuilding CXX object CMakeFiles/sick_safetyscanners2_interfaces__rosidl_typesupport_c.dir/rosidl_typesupport_c/sick_safetyscanners2_interfaces/msg/derived_values__type_support.cpp.o[0m
[5.911s] [ 26%] [32mBuilding CXX object CMakeFiles/sick_safetyscanners2_interfaces__rosidl_typesupport_c.dir/rosidl_typesupport_c/sick_safetyscanners2_interfaces/msg/extended_laser_scan__type_support.cpp.o[0m
[5.971s] [ 27%] [32mBuilding CXX object CMakeFiles/sick_safetyscanners2_interfaces__rosidl_typesupport_c.dir/rosidl_typesupport_c/sick_safetyscanners2_interfaces/msg/field__type_support.cpp.o[0m
[6.016s] [ 28%] [32mBuilding CXX object CMakeFiles/sick_safetyscanners2_interfaces__rosidl_typesupport_c.dir/rosidl_typesupport_c/sick_safetyscanners2_interfaces/msg/general_system_state__type_support.cpp.o[0m
[6.026s] [ 29%] [32mBuilding CXX object CMakeFiles/sick_safetyscanners2_interfaces__rosidl_typesupport_fastrtps_cpp.dir/rosidl_typesupport_fastrtps_cpp/sick_safetyscanners2_interfaces/msg/detail/dds_fastrtps/application_data__type_support.cpp.o[0m
[6.068s] [ 29%] [32mBuilding CXX object CMakeFiles/sick_safetyscanners2_interfaces__rosidl_typesupport_c.dir/rosidl_typesupport_c/sick_safetyscanners2_interfaces/msg/intrusion_data__type_support.cpp.o[0m
[6.104s] [ 30%] [32mBuilding CXX object CMakeFiles/sick_safetyscanners2_interfaces__rosidl_typesupport_cpp.dir/rosidl_typesupport_cpp/sick_safetyscanners2_interfaces/msg/general_system_state__type_support.cpp.o[0m
[6.127s] [ 31%] [32mBuilding CXX object CMakeFiles/sick_safetyscanners2_interfaces__rosidl_typesupport_c.dir/rosidl_typesupport_c/sick_safetyscanners2_interfaces/msg/intrusion_datum__type_support.cpp.o[0m
[6.139s] [ 32%] [32mBuilding CXX object CMakeFiles/sick_safetyscanners2_interfaces__rosidl_typesupport_cpp.dir/rosidl_typesupport_cpp/sick_safetyscanners2_interfaces/msg/intrusion_data__type_support.cpp.o[0m
[6.158s] [ 33%] [32mBuilding CXX object CMakeFiles/sick_safetyscanners2_interfaces__rosidl_typesupport_c.dir/rosidl_typesupport_c/sick_safetyscanners2_interfaces/msg/measurement_data__type_support.cpp.o[0m
[6.203s] [ 33%] [32mBuilding CXX object CMakeFiles/sick_safetyscanners2_interfaces__rosidl_typesupport_c.dir/rosidl_typesupport_c/sick_safetyscanners2_interfaces/msg/monitoring_case__type_support.cpp.o[0m
[6.260s] [ 34%] [32mBuilding CXX object CMakeFiles/sick_safetyscanners2_interfaces__rosidl_typesupport_c.dir/rosidl_typesupport_c/sick_safetyscanners2_interfaces/msg/output_paths__type_support.cpp.o[0m
[6.267s] [ 34%] [32mBuilding CXX object CMakeFiles/sick_safetyscanners2_interfaces__rosidl_typesupport_fastrtps_cpp.dir/rosidl_typesupport_fastrtps_cpp/sick_safetyscanners2_interfaces/msg/detail/dds_fastrtps/application_inputs__type_support.cpp.o[0m
[6.326s] [ 34%] [32mBuilding CXX object CMakeFiles/sick_safetyscanners2_interfaces__rosidl_typesupport_c.dir/rosidl_typesupport_c/sick_safetyscanners2_interfaces/msg/raw_micro_scan_data__type_support.cpp.o[0m
[6.327s] [ 35%] [32mBuilding C object CMakeFiles/sick_safetyscanners2_interfaces__rosidl_typesupport_introspection_c.dir/rosidl_typesupport_introspection_c/sick_safetyscanners2_interfaces/msg/detail/application_data__type_support.c.o[0m
[6.387s] [ 36%] [32mBuilding CXX object CMakeFiles/sick_safetyscanners2_interfaces__rosidl_typesupport_c.dir/rosidl_typesupport_c/sick_safetyscanners2_interfaces/msg/scan_point__type_support.cpp.o[0m
[6.388s] [ 36%] [32mBuilding C object CMakeFiles/sick_safetyscanners2_interfaces__rosidl_typesupport_introspection_c.dir/rosidl_typesupport_introspection_c/sick_safetyscanners2_interfaces/msg/detail/application_inputs__type_support.c.o[0m
[6.396s] [ 37%] [32mBuilding CXX object CMakeFiles/sick_safetyscanners2_interfaces__rosidl_typesupport_introspection_cpp.dir/rosidl_typesupport_introspection_cpp/sick_safetyscanners2_interfaces/msg/detail/data_header__type_support.cpp.o[0m
[6.413s] [ 37%] [32mBuilding CXX object CMakeFiles/sick_safetyscanners2_interfaces__rosidl_typesupport_fastrtps_c.dir/rosidl_typesupport_fastrtps_c/sick_safetyscanners2_interfaces/msg/detail/application_data__type_support_c.cpp.o[0m
[6.434s] [ 38%] [32mBuilding CXX object CMakeFiles/sick_safetyscanners2_interfaces__rosidl_typesupport_c.dir/rosidl_typesupport_c/sick_safetyscanners2_interfaces/srv/field_data__type_support.cpp.o[0m
[6.444s] [ 38%] [32mBuilding CXX object CMakeFiles/sick_safetyscanners2_interfaces__rosidl_typesupport_introspection_cpp.dir/rosidl_typesupport_introspection_cpp/sick_safetyscanners2_interfaces/msg/detail/derived_values__type_support.cpp.o[0m
[6.446s] [ 39%] [32mBuilding C object CMakeFiles/sick_safetyscanners2_interfaces__rosidl_typesupport_introspection_c.dir/rosidl_typesupport_introspection_c/sick_safetyscanners2_interfaces/msg/detail/application_outputs__type_support.c.o[0m
[6.476s] [ 39%] [32mBuilding CXX object CMakeFiles/sick_safetyscanners2_interfaces__rosidl_typesupport_cpp.dir/rosidl_typesupport_cpp/sick_safetyscanners2_interfaces/msg/intrusion_datum__type_support.cpp.o[0m
[6.505s] [ 39%] [32mBuilding CXX object CMakeFiles/sick_safetyscanners2_interfaces__rosidl_typesupport_c.dir/rosidl_typesupport_c/sick_safetyscanners2_interfaces/srv/status_overview__type_support.cpp.o[0m
[6.539s] [ 40%] [32m[1mLinking CXX shared library libsick_safetyscanners2_interfaces__rosidl_typesupport_c.so[0m
[6.550s] [ 40%] [32mBuilding C object CMakeFiles/sick_safetyscanners2_interfaces__rosidl_typesupport_introspection_c.dir/rosidl_typesupport_introspection_c/sick_safetyscanners2_interfaces/msg/detail/data_header__type_support.c.o[0m
[6.554s] [ 41%] [32mBuilding C object CMakeFiles/sick_safetyscanners2_interfaces__rosidl_typesupport_introspection_c.dir/rosidl_typesupport_introspection_c/sick_safetyscanners2_interfaces/msg/detail/derived_values__type_support.c.o[0m
[6.599s] [ 42%] [32mBuilding CXX object CMakeFiles/sick_safetyscanners2_interfaces__rosidl_typesupport_fastrtps_c.dir/rosidl_typesupport_fastrtps_c/sick_safetyscanners2_interfaces/msg/detail/application_inputs__type_support_c.cpp.o[0m
[6.613s] [ 42%] Built target sick_safetyscanners2_interfaces__rosidl_typesupport_c
[6.623s] [ 44%] [32mBuilding C object CMakeFiles/sick_safetyscanners2_interfaces__rosidl_typesupport_introspection_c.dir/rosidl_typesupport_introspection_c/sick_safetyscanners2_interfaces/msg/detail/extended_laser_scan__type_support.c.o[0m
[6.623s] [ 44%] [32mBuilding CXX object CMakeFiles/sick_safetyscanners2_interfaces__rosidl_typesupport_cpp.dir/rosidl_typesupport_cpp/sick_safetyscanners2_interfaces/msg/measurement_data__type_support.cpp.o[0m
[6.733s] [ 44%] [32mBuilding C object CMakeFiles/sick_safetyscanners2_interfaces__rosidl_typesupport_introspection_c.dir/rosidl_typesupport_introspection_c/sick_safetyscanners2_interfaces/msg/detail/field__type_support.c.o[0m
[6.815s] [ 45%] [32mBuilding C object CMakeFiles/sick_safetyscanners2_interfaces__rosidl_typesupport_introspection_c.dir/rosidl_typesupport_introspection_c/sick_safetyscanners2_interfaces/msg/detail/general_system_state__type_support.c.o[0m
[6.859s] [ 46%] [32mBuilding CXX object CMakeFiles/sick_safetyscanners2_interfaces__rosidl_typesupport_introspection_cpp.dir/rosidl_typesupport_introspection_cpp/sick_safetyscanners2_interfaces/msg/detail/extended_laser_scan__type_support.cpp.o[0m
[6.880s] [ 47%] [32mBuilding CXX object CMakeFiles/sick_safetyscanners2_interfaces__rosidl_typesupport_fastrtps_c.dir/rosidl_typesupport_fastrtps_c/sick_safetyscanners2_interfaces/msg/detail/application_outputs__type_support_c.cpp.o[0m
[6.901s] [ 47%] [32mBuilding CXX object CMakeFiles/sick_safetyscanners2_interfaces__rosidl_typesupport_fastrtps_c.dir/rosidl_typesupport_fastrtps_c/sick_safetyscanners2_interfaces/msg/detail/data_header__type_support_c.cpp.o[0m
[6.912s] [ 48%] [32mBuilding C object CMakeFiles/sick_safetyscanners2_interfaces__rosidl_typesupport_introspection_c.dir/rosidl_typesupport_introspection_c/sick_safetyscanners2_interfaces/msg/detail/intrusion_data__type_support.c.o[0m
[6.961s] [ 48%] [32mBuilding C object CMakeFiles/sick_safetyscanners2_interfaces__rosidl_typesupport_introspection_c.dir/rosidl_typesupport_introspection_c/sick_safetyscanners2_interfaces/msg/detail/intrusion_datum__type_support.c.o[0m
[7.036s] [ 49%] [32mBuilding C object CMakeFiles/sick_safetyscanners2_interfaces__rosidl_typesupport_introspection_c.dir/rosidl_typesupport_introspection_c/sick_safetyscanners2_interfaces/msg/detail/measurement_data__type_support.c.o[0m
[7.037s] [ 50%] [32mBuilding CXX object CMakeFiles/sick_safetyscanners2_interfaces__rosidl_typesupport_fastrtps_cpp.dir/rosidl_typesupport_fastrtps_cpp/sick_safetyscanners2_interfaces/msg/detail/dds_fastrtps/application_outputs__type_support.cpp.o[0m
[7.076s] [ 51%] [32mBuilding CXX object CMakeFiles/sick_safetyscanners2_interfaces__rosidl_typesupport_introspection_cpp.dir/rosidl_typesupport_introspection_cpp/sick_safetyscanners2_interfaces/msg/detail/field__type_support.cpp.o[0m
[7.092s] [ 52%] [32mBuilding C object CMakeFiles/sick_safetyscanners2_interfaces__rosidl_typesupport_introspection_c.dir/rosidl_typesupport_introspection_c/sick_safetyscanners2_interfaces/msg/detail/monitoring_case__type_support.c.o[0m
[7.099s] [ 52%] [32mBuilding CXX object CMakeFiles/sick_safetyscanners2_interfaces__rosidl_typesupport_introspection_cpp.dir/rosidl_typesupport_introspection_cpp/sick_safetyscanners2_interfaces/msg/detail/general_system_state__type_support.cpp.o[0m
[7.115s] [ 52%] [32mBuilding CXX object CMakeFiles/sick_safetyscanners2_interfaces__rosidl_typesupport_cpp.dir/rosidl_typesupport_cpp/sick_safetyscanners2_interfaces/msg/monitoring_case__type_support.cpp.o[0m
[7.146s] [ 52%] [32mBuilding C object CMakeFiles/sick_safetyscanners2_interfaces__rosidl_typesupport_introspection_c.dir/rosidl_typesupport_introspection_c/sick_safetyscanners2_interfaces/msg/detail/output_paths__type_support.c.o[0m
[7.238s] [ 53%] [32mBuilding C object CMakeFiles/sick_safetyscanners2_interfaces__rosidl_typesupport_introspection_c.dir/rosidl_typesupport_introspection_c/sick_safetyscanners2_interfaces/msg/detail/raw_micro_scan_data__type_support.c.o[0m
[7.316s] [ 53%] [32mBuilding C object CMakeFiles/sick_safetyscanners2_interfaces__rosidl_typesupport_introspection_c.dir/rosidl_typesupport_introspection_c/sick_safetyscanners2_interfaces/msg/detail/scan_point__type_support.c.o[0m
[7.413s] [ 54%] [32mBuilding C object CMakeFiles/sick_safetyscanners2_interfaces__rosidl_typesupport_introspection_c.dir/rosidl_typesupport_introspection_c/sick_safetyscanners2_interfaces/srv/detail/field_data__type_support.c.o[0m
[7.460s] [ 55%] [32mBuilding CXX object CMakeFiles/sick_safetyscanners2_interfaces__rosidl_typesupport_fastrtps_cpp.dir/rosidl_typesupport_fastrtps_cpp/sick_safetyscanners2_interfaces/msg/detail/dds_fastrtps/data_header__type_support.cpp.o[0m
[7.482s] [ 56%] [32mBuilding CXX object CMakeFiles/sick_safetyscanners2_interfaces__rosidl_typesupport_cpp.dir/rosidl_typesupport_cpp/sick_safetyscanners2_interfaces/msg/output_paths__type_support.cpp.o[0m
[7.503s] [ 57%] [32mBuilding C object CMakeFiles/sick_safetyscanners2_interfaces__rosidl_typesupport_introspection_c.dir/rosidl_typesupport_introspection_c/sick_safetyscanners2_interfaces/srv/detail/status_overview__type_support.c.o[0m
[7.562s] [ 58%] [32mBuilding CXX object CMakeFiles/sick_safetyscanners2_interfaces__rosidl_typesupport_fastrtps_c.dir/rosidl_typesupport_fastrtps_c/sick_safetyscanners2_interfaces/msg/detail/derived_values__type_support_c.cpp.o[0m
[7.581s] [ 58%] [32m[1mLinking C shared library libsick_safetyscanners2_interfaces__rosidl_typesupport_introspection_c.so[0m
[7.598s] [ 59%] [32mBuilding CXX object CMakeFiles/sick_safetyscanners2_interfaces__rosidl_typesupport_introspection_cpp.dir/rosidl_typesupport_introspection_cpp/sick_safetyscanners2_interfaces/msg/detail/intrusion_data__type_support.cpp.o[0m
[7.659s] [ 59%] Built target sick_safetyscanners2_interfaces__rosidl_typesupport_introspection_c
[7.681s] [ 59%] [32mBuilding CXX object CMakeFiles/sick_safetyscanners2_interfaces__rosidl_typesupport_fastrtps_cpp.dir/rosidl_typesupport_fastrtps_cpp/sick_safetyscanners2_interfaces/msg/detail/dds_fastrtps/derived_values__type_support.cpp.o[0m
[7.728s] [ 59%] [32mBuilding CXX object CMakeFiles/sick_safetyscanners2_interfaces__rosidl_typesupport_introspection_cpp.dir/rosidl_typesupport_introspection_cpp/sick_safetyscanners2_interfaces/msg/detail/intrusion_datum__type_support.cpp.o[0m
[7.755s] [ 60%] [32mBuilding CXX object CMakeFiles/sick_safetyscanners2_interfaces__rosidl_typesupport_fastrtps_cpp.dir/rosidl_typesupport_fastrtps_cpp/sick_safetyscanners2_interfaces/msg/detail/dds_fastrtps/extended_laser_scan__type_support.cpp.o[0m
[7.820s] [ 61%] [32mBuilding CXX object CMakeFiles/sick_safetyscanners2_interfaces__rosidl_typesupport_fastrtps_c.dir/rosidl_typesupport_fastrtps_c/sick_safetyscanners2_interfaces/msg/detail/extended_laser_scan__type_support_c.cpp.o[0m
[7.906s] [ 62%] [32mBuilding CXX object CMakeFiles/sick_safetyscanners2_interfaces__rosidl_typesupport_cpp.dir/rosidl_typesupport_cpp/sick_safetyscanners2_interfaces/msg/raw_micro_scan_data__type_support.cpp.o[0m
[8.453s] [ 62%] [32mBuilding CXX object CMakeFiles/sick_safetyscanners2_interfaces__rosidl_typesupport_cpp.dir/rosidl_typesupport_cpp/sick_safetyscanners2_interfaces/msg/scan_point__type_support.cpp.o[0m
[8.456s] [ 63%] [32mBuilding CXX object CMakeFiles/sick_safetyscanners2_interfaces__rosidl_typesupport_introspection_cpp.dir/rosidl_typesupport_introspection_cpp/sick_safetyscanners2_interfaces/msg/detail/measurement_data__type_support.cpp.o[0m
[8.480s] [ 64%] [32mBuilding CXX object CMakeFiles/sick_safetyscanners2_interfaces__rosidl_typesupport_cpp.dir/rosidl_typesupport_cpp/sick_safetyscanners2_interfaces/srv/field_data__type_support.cpp.o[0m
[8.489s] [ 64%] [32mBuilding CXX object CMakeFiles/sick_safetyscanners2_interfaces__rosidl_typesupport_fastrtps_c.dir/rosidl_typesupport_fastrtps_c/sick_safetyscanners2_interfaces/msg/detail/field__type_support_c.cpp.o[0m
[8.553s] [ 64%] [32mBuilding CXX object CMakeFiles/sick_safetyscanners2_interfaces__rosidl_typesupport_fastrtps_cpp.dir/rosidl_typesupport_fastrtps_cpp/sick_safetyscanners2_interfaces/msg/detail/dds_fastrtps/field__type_support.cpp.o[0m
[8.617s] [ 65%] [32mBuilding CXX object CMakeFiles/sick_safetyscanners2_interfaces__rosidl_typesupport_fastrtps_cpp.dir/rosidl_typesupport_fastrtps_cpp/sick_safetyscanners2_interfaces/msg/detail/dds_fastrtps/general_system_state__type_support.cpp.o[0m
[8.777s] [ 66%] [32mBuilding CXX object CMakeFiles/sick_safetyscanners2_interfaces__rosidl_typesupport_introspection_cpp.dir/rosidl_typesupport_introspection_cpp/sick_safetyscanners2_interfaces/msg/detail/monitoring_case__type_support.cpp.o[0m
[8.798s] [ 66%] [32mBuilding CXX object CMakeFiles/sick_safetyscanners2_interfaces__rosidl_typesupport_introspection_cpp.dir/rosidl_typesupport_introspection_cpp/sick_safetyscanners2_interfaces/msg/detail/output_paths__type_support.cpp.o[0m
[8.960s] [ 67%] [32mBuilding CXX object CMakeFiles/sick_safetyscanners2_interfaces__rosidl_typesupport_fastrtps_cpp.dir/rosidl_typesupport_fastrtps_cpp/sick_safetyscanners2_interfaces/msg/detail/dds_fastrtps/intrusion_data__type_support.cpp.o[0m
[9.122s] [ 68%] [32mBuilding CXX object CMakeFiles/sick_safetyscanners2_interfaces__rosidl_typesupport_cpp.dir/rosidl_typesupport_cpp/sick_safetyscanners2_interfaces/srv/status_overview__type_support.cpp.o[0m
[9.280s] [ 69%] [32mBuilding CXX object CMakeFiles/sick_safetyscanners2_interfaces__rosidl_typesupport_fastrtps_c.dir/rosidl_typesupport_fastrtps_c/sick_safetyscanners2_interfaces/msg/detail/general_system_state__type_support_c.cpp.o[0m
[9.383s] [ 69%] [32mBuilding CXX object CMakeFiles/sick_safetyscanners2_interfaces__rosidl_typesupport_fastrtps_cpp.dir/rosidl_typesupport_fastrtps_cpp/sick_safetyscanners2_interfaces/msg/detail/dds_fastrtps/intrusion_datum__type_support.cpp.o[0m
[9.585s] [ 69%] [32mBuilding CXX object CMakeFiles/sick_safetyscanners2_interfaces__rosidl_typesupport_fastrtps_c.dir/rosidl_typesupport_fastrtps_c/sick_safetyscanners2_interfaces/msg/detail/intrusion_data__type_support_c.cpp.o[0m
[9.769s] [ 69%] [32m[1mLinking CXX shared library libsick_safetyscanners2_interfaces__rosidl_typesupport_cpp.so[0m
[9.802s] [ 70%] [32mBuilding CXX object CMakeFiles/sick_safetyscanners2_interfaces__rosidl_typesupport_fastrtps_cpp.dir/rosidl_typesupport_fastrtps_cpp/sick_safetyscanners2_interfaces/msg/detail/dds_fastrtps/measurement_data__type_support.cpp.o[0m
[9.813s] [ 71%] [32mBuilding CXX object CMakeFiles/sick_safetyscanners2_interfaces__rosidl_typesupport_fastrtps_cpp.dir/rosidl_typesupport_fastrtps_cpp/sick_safetyscanners2_interfaces/msg/detail/dds_fastrtps/monitoring_case__type_support.cpp.o[0m
[9.832s] [ 72%] [32mBuilding CXX object CMakeFiles/sick_safetyscanners2_interfaces__rosidl_typesupport_introspection_cpp.dir/rosidl_typesupport_introspection_cpp/sick_safetyscanners2_interfaces/msg/detail/raw_micro_scan_data__type_support.cpp.o[0m
[9.848s] [ 72%] Built target sick_safetyscanners2_interfaces__rosidl_typesupport_cpp
[9.875s] [ 73%] [32mBuilding CXX object CMakeFiles/sick_safetyscanners2_interfaces__rosidl_typesupport_introspection_cpp.dir/rosidl_typesupport_introspection_cpp/sick_safetyscanners2_interfaces/msg/detail/scan_point__type_support.cpp.o[0m
[9.955s] [ 73%] [32mBuilding CXX object CMakeFiles/sick_safetyscanners2_interfaces__rosidl_typesupport_fastrtps_cpp.dir/rosidl_typesupport_fastrtps_cpp/sick_safetyscanners2_interfaces/msg/detail/dds_fastrtps/output_paths__type_support.cpp.o[0m
[10.045s] [ 74%] [32mBuilding CXX object CMakeFiles/sick_safetyscanners2_interfaces__rosidl_typesupport_fastrtps_c.dir/rosidl_typesupport_fastrtps_c/sick_safetyscanners2_interfaces/msg/detail/intrusion_datum__type_support_c.cpp.o[0m
[10.060s] [ 74%] [32mBuilding CXX object CMakeFiles/sick_safetyscanners2_interfaces__rosidl_typesupport_introspection_cpp.dir/rosidl_typesupport_introspection_cpp/sick_safetyscanners2_interfaces/srv/detail/field_data__type_support.cpp.o[0m
[10.085s] [ 75%] [32mBuilding CXX object CMakeFiles/sick_safetyscanners2_interfaces__rosidl_typesupport_fastrtps_cpp.dir/rosidl_typesupport_fastrtps_cpp/sick_safetyscanners2_interfaces/msg/detail/dds_fastrtps/raw_micro_scan_data__type_support.cpp.o[0m
[10.386s] [ 76%] [32mBuilding CXX object CMakeFiles/sick_safetyscanners2_interfaces__rosidl_typesupport_fastrtps_c.dir/rosidl_typesupport_fastrtps_c/sick_safetyscanners2_interfaces/msg/detail/measurement_data__type_support_c.cpp.o[0m
[10.455s] [ 77%] [32mBuilding CXX object CMakeFiles/sick_safetyscanners2_interfaces__rosidl_typesupport_introspection_cpp.dir/rosidl_typesupport_introspection_cpp/sick_safetyscanners2_interfaces/srv/detail/status_overview__type_support.cpp.o[0m
[10.470s] [ 77%] [32mBuilding CXX object CMakeFiles/sick_safetyscanners2_interfaces__rosidl_typesupport_fastrtps_cpp.dir/rosidl_typesupport_fastrtps_cpp/sick_safetyscanners2_interfaces/msg/detail/dds_fastrtps/scan_point__type_support.cpp.o[0m
[10.518s] [ 78%] [32mBuilding CXX object CMakeFiles/sick_safetyscanners2_interfaces__rosidl_typesupport_fastrtps_cpp.dir/rosidl_typesupport_fastrtps_cpp/sick_safetyscanners2_interfaces/srv/detail/dds_fastrtps/field_data__type_support.cpp.o[0m
[10.526s] [ 78%] [32mBuilding CXX object CMakeFiles/sick_safetyscanners2_interfaces__rosidl_typesupport_fastrtps_c.dir/rosidl_typesupport_fastrtps_c/sick_safetyscanners2_interfaces/msg/detail/monitoring_case__type_support_c.cpp.o[0m
[10.626s] [ 79%] [32mBuilding CXX object CMakeFiles/sick_safetyscanners2_interfaces__rosidl_typesupport_fastrtps_c.dir/rosidl_typesupport_fastrtps_c/sick_safetyscanners2_interfaces/msg/detail/output_paths__type_support_c.cpp.o[0m
[10.636s] [ 80%] [32mBuilding CXX object CMakeFiles/sick_safetyscanners2_interfaces__rosidl_typesupport_fastrtps_c.dir/rosidl_typesupport_fastrtps_c/sick_safetyscanners2_interfaces/msg/detail/raw_micro_scan_data__type_support_c.cpp.o[0m
[11.002s] [ 81%] [32mBuilding CXX object CMakeFiles/sick_safetyscanners2_interfaces__rosidl_typesupport_fastrtps_cpp.dir/rosidl_typesupport_fastrtps_cpp/sick_safetyscanners2_interfaces/srv/detail/dds_fastrtps/status_overview__type_support.cpp.o[0m
[11.020s] [ 81%] [32mBuilding CXX object CMakeFiles/sick_safetyscanners2_interfaces__rosidl_typesupport_fastrtps_c.dir/rosidl_typesupport_fastrtps_c/sick_safetyscanners2_interfaces/msg/detail/scan_point__type_support_c.cpp.o[0m
[11.090s] [ 82%] [32mBuilding CXX object CMakeFiles/sick_safetyscanners2_interfaces__rosidl_typesupport_fastrtps_c.dir/rosidl_typesupport_fastrtps_c/sick_safetyscanners2_interfaces/srv/detail/field_data__type_support_c.cpp.o[0m
[11.157s] [ 83%] [32mBuilding CXX object CMakeFiles/sick_safetyscanners2_interfaces__rosidl_typesupport_fastrtps_c.dir/rosidl_typesupport_fastrtps_c/sick_safetyscanners2_interfaces/srv/detail/status_overview__type_support_c.cpp.o[0m
[11.167s] [ 84%] [32m[1mLinking CXX shared library libsick_safetyscanners2_interfaces__rosidl_typesupport_introspection_cpp.so[0m
[11.346s] [ 84%] Built target sick_safetyscanners2_interfaces__rosidl_typesupport_introspection_cpp
[11.484s] [ 84%] [32m[1mLinking CXX shared library libsick_safetyscanners2_interfaces__rosidl_typesupport_fastrtps_cpp.so[0m
[11.550s] [ 84%] [32m[1mLinking CXX shared library libsick_safetyscanners2_interfaces__rosidl_typesupport_fastrtps_c.so[0m
[11.573s] [ 84%] Built target sick_safetyscanners2_interfaces__rosidl_typesupport_fastrtps_cpp
[11.647s] [ 84%] Built target sick_safetyscanners2_interfaces__rosidl_typesupport_fastrtps_c
[11.665s] [ 84%] Built target sick_safetyscanners2_interfaces
[11.682s] [ 85%] [34m[1mGenerating Python code for ROS interfaces[0m
[13.643s] [ 85%] Built target sick_safetyscanners2_interfaces__py
[13.664s] [ 85%] [32mBuilding C object CMakeFiles/sick_safetyscanners2_interfaces__rosidl_generator_py.dir/rosidl_generator_py/sick_safetyscanners2_interfaces/msg/_application_data_s.c.o[0m
[13.664s] [ 86%] [32mBuilding C object CMakeFiles/sick_safetyscanners2_interfaces__rosidl_generator_py.dir/rosidl_generator_py/sick_safetyscanners2_interfaces/msg/_derived_values_s.c.o[0m
[13.664s] [ 87%] [32mBuilding C object CMakeFiles/sick_safetyscanners2_interfaces__rosidl_generator_py.dir/rosidl_generator_py/sick_safetyscanners2_interfaces/msg/_application_inputs_s.c.o[0m
[13.664s] [ 88%] [32mBuilding C object CMakeFiles/sick_safetyscanners2_interfaces__rosidl_generator_py.dir/rosidl_generator_py/sick_safetyscanners2_interfaces/msg/_general_system_state_s.c.o[0m
[13.665s] [ 88%] [32mBuilding C object CMakeFiles/sick_safetyscanners2_interfaces__rosidl_generator_py.dir/rosidl_generator_py/sick_safetyscanners2_interfaces/msg/_data_header_s.c.o[0m
[13.665s] [ 89%] [32mBuilding C object CMakeFiles/sick_safetyscanners2_interfaces__rosidl_generator_py.dir/rosidl_generator_py/sick_safetyscanners2_interfaces/msg/_field_s.c.o[0m
[13.671s] [ 90%] [32mBuilding C object CMakeFiles/sick_safetyscanners2_interfaces__rosidl_generator_py.dir/rosidl_generator_py/sick_safetyscanners2_interfaces/msg/_extended_laser_scan_s.c.o[0m
[13.672s] [ 90%] [32mBuilding C object CMakeFiles/sick_safetyscanners2_interfaces__rosidl_generator_py.dir/rosidl_generator_py/sick_safetyscanners2_interfaces/msg/_application_outputs_s.c.o[0m
[13.817s] [ 90%] [32mBuilding C object CMakeFiles/sick_safetyscanners2_interfaces__rosidl_generator_py.dir/rosidl_generator_py/sick_safetyscanners2_interfaces/msg/_intrusion_data_s.c.o[0m
[13.827s] [ 91%] [32mBuilding C object CMakeFiles/sick_safetyscanners2_interfaces__rosidl_generator_py.dir/rosidl_generator_py/sick_safetyscanners2_interfaces/msg/_intrusion_datum_s.c.o[0m
[13.835s] [ 92%] [32mBuilding C object CMakeFiles/sick_safetyscanners2_interfaces__rosidl_generator_py.dir/rosidl_generator_py/sick_safetyscanners2_interfaces/msg/_measurement_data_s.c.o[0m
[13.863s] [ 92%] [32mBuilding C object CMakeFiles/sick_safetyscanners2_interfaces__rosidl_generator_py.dir/rosidl_generator_py/sick_safetyscanners2_interfaces/msg/_monitoring_case_s.c.o[0m
[13.869s] [ 92%] [32mBuilding C object CMakeFiles/sick_safetyscanners2_interfaces__rosidl_generator_py.dir/rosidl_generator_py/sick_safetyscanners2_interfaces/msg/_scan_point_s.c.o[0m
[13.877s] [ 93%] [32mBuilding C object CMakeFiles/sick_safetyscanners2_interfaces__rosidl_generator_py.dir/rosidl_generator_py/sick_safetyscanners2_interfaces/msg/_output_paths_s.c.o[0m
[13.877s] [ 94%] [32mBuilding C object CMakeFiles/sick_safetyscanners2_interfaces__rosidl_generator_py.dir/rosidl_generator_py/sick_safetyscanners2_interfaces/msg/_raw_micro_scan_data_s.c.o[0m
[13.877s] [ 95%] [32mBuilding C object CMakeFiles/sick_safetyscanners2_interfaces__rosidl_generator_py.dir/rosidl_generator_py/sick_safetyscanners2_interfaces/srv/_field_data_s.c.o[0m
[13.976s] [ 95%] [32mBuilding C object CMakeFiles/sick_safetyscanners2_interfaces__rosidl_generator_py.dir/rosidl_generator_py/sick_safetyscanners2_interfaces/srv/_status_overview_s.c.o[0m
[14.092s] [ 96%] [32m[1mLinking C shared library rosidl_generator_py/sick_safetyscanners2_interfaces/libsick_safetyscanners2_interfaces__rosidl_generator_py.so[0m
[14.134s] [ 96%] Built target sick_safetyscanners2_interfaces__rosidl_generator_py
[14.152s] [ 97%] [32mBuilding C object CMakeFiles/sick_safetyscanners2_interfaces__rosidl_typesupport_fastrtps_c__pyext.dir/rosidl_generator_py/sick_safetyscanners2_interfaces/_sick_safetyscanners2_interfaces_s.ep.rosidl_typesupport_fastrtps_c.c.o[0m
[14.153s] [ 98%] [32mBuilding C object CMakeFiles/sick_safetyscanners2_interfaces__rosidl_typesupport_introspection_c__pyext.dir/rosidl_generator_py/sick_safetyscanners2_interfaces/_sick_safetyscanners2_interfaces_s.ep.rosidl_typesupport_introspection_c.c.o[0m
[14.153s] [ 99%] [32mBuilding C object CMakeFiles/sick_safetyscanners2_interfaces__rosidl_typesupport_c__pyext.dir/rosidl_generator_py/sick_safetyscanners2_interfaces/_sick_safetyscanners2_interfaces_s.ep.rosidl_typesupport_c.c.o[0m
[14.278s] [ 99%] [32m[1mLinking C shared library rosidl_generator_py/sick_safetyscanners2_interfaces/sick_safetyscanners2_interfaces_s__rosidl_typesupport_fastrtps_c.cpython-310-x86_64-linux-gnu.so[0m
[14.286s] [ 99%] [32m[1mLinking C shared library rosidl_generator_py/sick_safetyscanners2_interfaces/sick_safetyscanners2_interfaces_s__rosidl_typesupport_c.cpython-310-x86_64-linux-gnu.so[0m
[14.290s] [100%] [32m[1mLinking C shared library rosidl_generator_py/sick_safetyscanners2_interfaces/sick_safetyscanners2_interfaces_s__rosidl_typesupport_introspection_c.cpython-310-x86_64-linux-gnu.so[0m
[14.337s] [100%] Built target sick_safetyscanners2_interfaces__rosidl_typesupport_fastrtps_c__pyext
[14.347s] [100%] Built target sick_safetyscanners2_interfaces__rosidl_typesupport_c__pyext
[14.358s] [100%] Built target sick_safetyscanners2_interfaces__rosidl_typesupport_introspection_c__pyext
[14.371s] Invoked command in '/home/nrc/Manual_Control_F3/build/sick_safetyscanners2_interfaces' returned '0': CMAKE_PREFIX_PATH=/opt/ros/humble /usr/bin/cmake --build /home/nrc/Manual_Control_F3/build/sick_safetyscanners2_interfaces -- -j8 -l8
[14.373s] Invoking command in '/home/nrc/Manual_Control_F3/build/sick_safetyscanners2_interfaces': CMAKE_PREFIX_PATH=/opt/ros/humble /usr/bin/cmake --install /home/nrc/Manual_Control_F3/build/sick_safetyscanners2_interfaces
[14.379s] -- Install configuration: ""
[14.379s] -- Installing: /home/nrc/Manual_Control_F3/install/sick_safetyscanners2_interfaces/share/ament_index/resource_index/rosidl_interfaces/sick_safetyscanners2_interfaces
[14.379s] -- Installing: /home/nrc/Manual_Control_F3/install/sick_safetyscanners2_interfaces/include/sick_safetyscanners2_interfaces/sick_safetyscanners2_interfaces
[14.379s] -- Installing: /home/nrc/Manual_Control_F3/install/sick_safetyscanners2_interfaces/include/sick_safetyscanners2_interfaces/sick_safetyscanners2_interfaces/msg
[14.379s] -- Installing: /home/nrc/Manual_Control_F3/install/sick_safetyscanners2_interfaces/include/sick_safetyscanners2_interfaces/sick_safetyscanners2_interfaces/msg/application_outputs.h
[14.379s] -- Installing: /home/nrc/Manual_Control_F3/install/sick_safetyscanners2_interfaces/include/sick_safetyscanners2_interfaces/sick_safetyscanners2_interfaces/msg/rosidl_generator_c__visibility_control.h
[14.379s] -- Installing: /home/nrc/Manual_Control_F3/install/sick_safetyscanners2_interfaces/include/sick_safetyscanners2_interfaces/sick_safetyscanners2_interfaces/msg/raw_micro_scan_data.h
[14.380s] -- Installing: /home/nrc/Manual_Control_F3/install/sick_safetyscanners2_interfaces/include/sick_safetyscanners2_interfaces/sick_safetyscanners2_interfaces/msg/general_system_state.h
[14.380s] -- Installing: /home/nrc/Manual_Control_F3/install/sick_safetyscanners2_interfaces/include/sick_safetyscanners2_interfaces/sick_safetyscanners2_interfaces/msg/extended_laser_scan.h
[14.380s] -- Installing: /home/nrc/Manual_Control_F3/install/sick_safetyscanners2_interfaces/include/sick_safetyscanners2_interfaces/sick_safetyscanners2_interfaces/msg/measurement_data.h
[14.380s] -- Installing: /home/nrc/Manual_Control_F3/install/sick_safetyscanners2_interfaces/include/sick_safetyscanners2_interfaces/sick_safetyscanners2_interfaces/msg/intrusion_datum.h
[14.380s] -- Installing: /home/nrc/Manual_Control_F3/install/sick_safetyscanners2_interfaces/include/sick_safetyscanners2_interfaces/sick_safetyscanners2_interfaces/msg/field.h
[14.380s] -- Installing: /home/nrc/Manual_Control_F3/install/sick_safetyscanners2_interfaces/include/sick_safetyscanners2_interfaces/sick_safetyscanners2_interfaces/msg/derived_values.h
[14.380s] -- Installing: /home/nrc/Manual_Control_F3/install/sick_safetyscanners2_interfaces/include/sick_safetyscanners2_interfaces/sick_safetyscanners2_interfaces/msg/application_data.h
[14.380s] -- Installing: /home/nrc/Manual_Control_F3/install/sick_safetyscanners2_interfaces/include/sick_safetyscanners2_interfaces/sick_safetyscanners2_interfaces/msg/intrusion_data.h
[14.380s] -- Installing: /home/nrc/Manual_Control_F3/install/sick_safetyscanners2_interfaces/include/sick_safetyscanners2_interfaces/sick_safetyscanners2_interfaces/msg/monitoring_case.h
[14.380s] -- Installing: /home/nrc/Manual_Control_F3/install/sick_safetyscanners2_interfaces/include/sick_safetyscanners2_interfaces/sick_safetyscanners2_interfaces/msg/data_header.h
[14.380s] -- Installing: /home/nrc/Manual_Control_F3/install/sick_safetyscanners2_interfaces/include/sick_safetyscanners2_interfaces/sick_safetyscanners2_interfaces/msg/output_paths.h
[14.380s] -- Installing: /home/nrc/Manual_Control_F3/install/sick_safetyscanners2_interfaces/include/sick_safetyscanners2_interfaces/sick_safetyscanners2_interfaces/msg/detail
[14.380s] -- Installing: /home/nrc/Manual_Control_F3/install/sick_safetyscanners2_interfaces/include/sick_safetyscanners2_interfaces/sick_safetyscanners2_interfaces/msg/detail/general_system_state__functions.h
[14.380s] -- Installing: /home/nrc/Manual_Control_F3/install/sick_safetyscanners2_interfaces/include/sick_safetyscanners2_interfaces/sick_safetyscanners2_interfaces/msg/detail/monitoring_case__functions.h
[14.380s] -- Installing: /home/nrc/Manual_Control_F3/install/sick_safetyscanners2_interfaces/include/sick_safetyscanners2_interfaces/sick_safetyscanners2_interfaces/msg/detail/derived_values__type_support.h
[14.380s] -- Installing: /home/nrc/Manual_Control_F3/install/sick_safetyscanners2_interfaces/include/sick_safetyscanners2_interfaces/sick_safetyscanners2_interfaces/msg/detail/monitoring_case__struct.h
[14.380s] -- Installing: /home/nrc/Manual_Control_F3/install/sick_safetyscanners2_interfaces/include/sick_safetyscanners2_interfaces/sick_safetyscanners2_interfaces/msg/detail/monitoring_case__functions.c
[14.380s] -- Installing: /home/nrc/Manual_Control_F3/install/sick_safetyscanners2_interfaces/include/sick_safetyscanners2_interfaces/sick_safetyscanners2_interfaces/msg/detail/raw_micro_scan_data__functions.h
[14.380s] -- Installing: /home/nrc/Manual_Control_F3/install/sick_safetyscanners2_interfaces/include/sick_safetyscanners2_interfaces/sick_safetyscanners2_interfaces/msg/detail/output_paths__functions.c
[14.381s] -- Installing: /home/nrc/Manual_Control_F3/install/sick_safetyscanners2_interfaces/include/sick_safetyscanners2_interfaces/sick_safetyscanners2_interfaces/msg/detail/measurement_data__struct.h
[14.381s] -- Installing: /home/nrc/Manual_Control_F3/install/sick_safetyscanners2_interfaces/include/sick_safetyscanners2_interfaces/sick_safetyscanners2_interfaces/msg/detail/application_outputs__type_support.h
[14.381s] -- Installing: /home/nrc/Manual_Control_F3/install/sick_safetyscanners2_interfaces/include/sick_safetyscanners2_interfaces/sick_safetyscanners2_interfaces/msg/detail/data_header__functions.c
[14.381s] -- Installing: /home/nrc/Manual_Control_F3/install/sick_safetyscanners2_interfaces/include/sick_safetyscanners2_interfaces/sick_safetyscanners2_interfaces/msg/detail/raw_micro_scan_data__type_support.h
[14.381s] -- Installing: /home/nrc/Manual_Control_F3/install/sick_safetyscanners2_interfaces/include/sick_safetyscanners2_interfaces/sick_safetyscanners2_interfaces/msg/detail/general_system_state__struct.h
[14.381s] -- Installing: /home/nrc/Manual_Control_F3/install/sick_safetyscanners2_interfaces/include/sick_safetyscanners2_interfaces/sick_safetyscanners2_interfaces/msg/detail/application_data__functions.h
[14.381s] -- Installing: /home/nrc/Manual_Control_F3/install/sick_safetyscanners2_interfaces/include/sick_safetyscanners2_interfaces/sick_safetyscanners2_interfaces/msg/detail/general_system_state__type_support.h
[14.381s] -- Installing: /home/nrc/Manual_Control_F3/install/sick_safetyscanners2_interfaces/include/sick_safetyscanners2_interfaces/sick_safetyscanners2_interfaces/msg/detail/application_data__struct.h
[14.381s] -- Installing: /home/nrc/Manual_Control_F3/install/sick_safetyscanners2_interfaces/include/sick_safetyscanners2_interfaces/sick_safetyscanners2_interfaces/msg/detail/monitoring_case__type_support.h
[14.381s] -- Installing: /home/nrc/Manual_Control_F3/install/sick_safetyscanners2_interfaces/include/sick_safetyscanners2_interfaces/sick_safetyscanners2_interfaces/msg/detail/application_inputs__struct.h
[14.381s] -- Installing: /home/nrc/Manual_Control_F3/install/sick_safetyscanners2_interfaces/include/sick_safetyscanners2_interfaces/sick_safetyscanners2_interfaces/msg/detail/intrusion_data__functions.h
[14.381s] -- Installing: /home/nrc/Manual_Control_F3/install/sick_safetyscanners2_interfaces/include/sick_safetyscanners2_interfaces/sick_safetyscanners2_interfaces/msg/detail/output_paths__functions.h
[14.381s] -- Installing: /home/nrc/Manual_Control_F3/install/sick_safetyscanners2_interfaces/include/sick_safetyscanners2_interfaces/sick_safetyscanners2_interfaces/msg/detail/intrusion_datum__functions.c
[14.381s] -- Installing: /home/nrc/Manual_Control_F3/install/sick_safetyscanners2_interfaces/include/sick_safetyscanners2_interfaces/sick_safetyscanners2_interfaces/msg/detail/raw_micro_scan_data__functions.c
[14.381s] -- Installing: /home/nrc/Manual_Control_F3/install/sick_safetyscanners2_interfaces/include/sick_safetyscanners2_interfaces/sick_safetyscanners2_interfaces/msg/detail/intrusion_data__type_support.h
[14.381s] -- Installing: /home/nrc/Manual_Control_F3/install/sick_safetyscanners2_interfaces/include/sick_safetyscanners2_interfaces/sick_safetyscanners2_interfaces/msg/detail/intrusion_datum__type_support.h
[14.381s] -- Installing: /home/nrc/Manual_Control_F3/install/sick_safetyscanners2_interfaces/include/sick_safetyscanners2_interfaces/sick_safetyscanners2_interfaces/msg/detail/application_data__type_support.h
[14.381s] -- Installing: /home/nrc/Manual_Control_F3/install/sick_safetyscanners2_interfaces/include/sick_safetyscanners2_interfaces/sick_safetyscanners2_interfaces/msg/detail/intrusion_data__functions.c
[14.381s] -- Installing: /home/nrc/Manual_Control_F3/install/sick_safetyscanners2_interfaces/include/sick_safetyscanners2_interfaces/sick_safetyscanners2_interfaces/msg/detail/application_inputs__functions.h
[14.382s] -- Installing: /home/nrc/Manual_Control_F3/install/sick_safetyscanners2_interfaces/include/sick_safetyscanners2_interfaces/sick_safetyscanners2_interfaces/msg/detail/intrusion_data__struct.h
[14.382s] -- Installing: /home/nrc/Manual_Control_F3/install/sick_safetyscanners2_interfaces/include/sick_safetyscanners2_interfaces/sick_safetyscanners2_interfaces/msg/detail/application_data__functions.c
[14.382s] -- Installing: /home/nrc/Manual_Control_F3/install/sick_safetyscanners2_interfaces/include/sick_safetyscanners2_interfaces/sick_safetyscanners2_interfaces/msg/detail/extended_laser_scan__functions.h
[14.382s] -- Installing: /home/nrc/Manual_Control_F3/install/sick_safetyscanners2_interfaces/include/sick_safetyscanners2_interfaces/sick_safetyscanners2_interfaces/msg/detail/measurement_data__functions.h
[14.382s] -- Installing: /home/nrc/Manual_Control_F3/install/sick_safetyscanners2_interfaces/include/sick_safetyscanners2_interfaces/sick_safetyscanners2_interfaces/msg/detail/data_header__functions.h
[14.382s] -- Installing: /home/nrc/Manual_Control_F3/install/sick_safetyscanners2_interfaces/include/sick_safetyscanners2_interfaces/sick_safetyscanners2_interfaces/msg/detail/field__functions.c
[14.382s] -- Installing: /home/nrc/Manual_Control_F3/install/sick_safetyscanners2_interfaces/include/sick_safetyscanners2_interfaces/sick_safetyscanners2_interfaces/msg/detail/extended_laser_scan__functions.c
[14.382s] -- Installing: /home/nrc/Manual_Control_F3/install/sick_safetyscanners2_interfaces/include/sick_safetyscanners2_interfaces/sick_safetyscanners2_interfaces/msg/detail/data_header__type_support.h
[14.382s] -- Installing: /home/nrc/Manual_Control_F3/install/sick_safetyscanners2_interfaces/include/sick_safetyscanners2_interfaces/sick_safetyscanners2_interfaces/msg/detail/scan_point__functions.c
[14.382s] -- Installing: /home/nrc/Manual_Control_F3/install/sick_safetyscanners2_interfaces/include/sick_safetyscanners2_interfaces/sick_safetyscanners2_interfaces/msg/detail/scan_point__struct.h
[14.382s] -- Installing: /home/nrc/Manual_Control_F3/install/sick_safetyscanners2_interfaces/include/sick_safetyscanners2_interfaces/sick_safetyscanners2_interfaces/msg/detail/application_outputs__functions.c
[14.382s] -- Installing: /home/nrc/Manual_Control_F3/install/sick_safetyscanners2_interfaces/include/sick_safetyscanners2_interfaces/sick_safetyscanners2_interfaces/msg/detail/derived_values__functions.h
[14.382s] -- Installing: /home/nrc/Manual_Control_F3/install/sick_safetyscanners2_interfaces/include/sick_safetyscanners2_interfaces/sick_safetyscanners2_interfaces/msg/detail/extended_laser_scan__type_support.h
[14.382s] -- Installing: /home/nrc/Manual_Control_F3/install/sick_safetyscanners2_interfaces/include/sick_safetyscanners2_interfaces/sick_safetyscanners2_interfaces/msg/detail/derived_values__struct.h
[14.382s] -- Installing: /home/nrc/Manual_Control_F3/install/sick_safetyscanners2_interfaces/include/sick_safetyscanners2_interfaces/sick_safetyscanners2_interfaces/msg/detail/application_outputs__functions.h
[14.382s] -- Installing: /home/nrc/Manual_Control_F3/install/sick_safetyscanners2_interfaces/include/sick_safetyscanners2_interfaces/sick_safetyscanners2_interfaces/msg/detail/extended_laser_scan__struct.h
[14.382s] -- Installing: /home/nrc/Manual_Control_F3/install/sick_safetyscanners2_interfaces/include/sick_safetyscanners2_interfaces/sick_safetyscanners2_interfaces/msg/detail/measurement_data__type_support.h
[14.383s] -- Installing: /home/nrc/Manual_Control_F3/install/sick_safetyscanners2_interfaces/include/sick_safetyscanners2_interfaces/sick_safetyscanners2_interfaces/msg/detail/output_paths__struct.h
[14.383s] -- Installing: /home/nrc/Manual_Control_F3/install/sick_safetyscanners2_interfaces/include/sick_safetyscanners2_interfaces/sick_safetyscanners2_interfaces/msg/detail/output_paths__type_support.h
[14.383s] -- Installing: /home/nrc/Manual_Control_F3/install/sick_safetyscanners2_interfaces/include/sick_safetyscanners2_interfaces/sick_safetyscanners2_interfaces/msg/detail/application_inputs__type_support.h
[14.383s] -- Installing: /home/nrc/Manual_Control_F3/install/sick_safetyscanners2_interfaces/include/sick_safetyscanners2_interfaces/sick_safetyscanners2_interfaces/msg/detail/scan_point__type_support.h
[14.383s] -- Installing: /home/nrc/Manual_Control_F3/install/sick_safetyscanners2_interfaces/include/sick_safetyscanners2_interfaces/sick_safetyscanners2_interfaces/msg/detail/application_outputs__struct.h
[14.383s] -- Installing: /home/nrc/Manual_Control_F3/install/sick_safetyscanners2_interfaces/include/sick_safetyscanners2_interfaces/sick_safetyscanners2_interfaces/msg/detail/intrusion_datum__functions.h
[14.383s] -- Installing: /home/nrc/Manual_Control_F3/install/sick_safetyscanners2_interfaces/include/sick_safetyscanners2_interfaces/sick_safetyscanners2_interfaces/msg/detail/field__struct.h
[14.383s] -- Installing: /home/nrc/Manual_Control_F3/install/sick_safetyscanners2_interfaces/include/sick_safetyscanners2_interfaces/sick_safetyscanners2_interfaces/msg/detail/scan_point__functions.h
[14.383s] -- Installing: /home/nrc/Manual_Control_F3/install/sick_safetyscanners2_interfaces/include/sick_safetyscanners2_interfaces/sick_safetyscanners2_interfaces/msg/detail/intrusion_datum__struct.h
[14.383s] -- Installing: /home/nrc/Manual_Control_F3/install/sick_safetyscanners2_interfaces/include/sick_safetyscanners2_interfaces/sick_safetyscanners2_interfaces/msg/detail/derived_values__functions.c
[14.383s] -- Installing: /home/nrc/Manual_Control_F3/install/sick_safetyscanners2_interfaces/include/sick_safetyscanners2_interfaces/sick_safetyscanners2_interfaces/msg/detail/general_system_state__functions.c
[14.383s] -- Installing: /home/nrc/Manual_Control_F3/install/sick_safetyscanners2_interfaces/include/sick_safetyscanners2_interfaces/sick_safetyscanners2_interfaces/msg/detail/field__functions.h
[14.383s] -- Installing: /home/nrc/Manual_Control_F3/install/sick_safetyscanners2_interfaces/include/sick_safetyscanners2_interfaces/sick_safetyscanners2_interfaces/msg/detail/application_inputs__functions.c
[14.383s] -- Installing: /home/nrc/Manual_Control_F3/install/sick_safetyscanners2_interfaces/include/sick_safetyscanners2_interfaces/sick_safetyscanners2_interfaces/msg/detail/raw_micro_scan_data__struct.h
[14.383s] -- Installing: /home/nrc/Manual_Control_F3/install/sick_safetyscanners2_interfaces/include/sick_safetyscanners2_interfaces/sick_safetyscanners2_interfaces/msg/detail/measurement_data__functions.c
[14.383s] -- Installing: /home/nrc/Manual_Control_F3/install/sick_safetyscanners2_interfaces/include/sick_safetyscanners2_interfaces/sick_safetyscanners2_interfaces/msg/detail/field__type_support.h
[14.383s] -- Installing: /home/nrc/Manual_Control_F3/install/sick_safetyscanners2_interfaces/include/sick_safetyscanners2_interfaces/sick_safetyscanners2_interfaces/msg/detail/data_header__struct.h
[14.384s] -- Installing: /home/nrc/Manual_Control_F3/install/sick_safetyscanners2_interfaces/include/sick_safetyscanners2_interfaces/sick_safetyscanners2_interfaces/msg/scan_point.h
[14.384s] -- Installing: /home/nrc/Manual_Control_F3/install/sick_safetyscanners2_interfaces/include/sick_safetyscanners2_interfaces/sick_safetyscanners2_interfaces/msg/application_inputs.h
[14.384s] -- Installing: /home/nrc/Manual_Control_F3/install/sick_safetyscanners2_interfaces/include/sick_safetyscanners2_interfaces/sick_safetyscanners2_interfaces/srv
[14.384s] -- Installing: /home/nrc/Manual_Control_F3/install/sick_safetyscanners2_interfaces/include/sick_safetyscanners2_interfaces/sick_safetyscanners2_interfaces/srv/status_overview.h
[14.384s] -- Installing: /home/nrc/Manual_Control_F3/install/sick_safetyscanners2_interfaces/include/sick_safetyscanners2_interfaces/sick_safetyscanners2_interfaces/srv/detail
[14.384s] -- Installing: /home/nrc/Manual_Control_F3/install/sick_safetyscanners2_interfaces/include/sick_safetyscanners2_interfaces/sick_safetyscanners2_interfaces/srv/detail/status_overview__functions.h
[14.384s] -- Installing: /home/nrc/Manual_Control_F3/install/sick_safetyscanners2_interfaces/include/sick_safetyscanners2_interfaces/sick_safetyscanners2_interfaces/srv/detail/status_overview__struct.h
[14.384s] -- Installing: /home/nrc/Manual_Control_F3/install/sick_safetyscanners2_interfaces/include/sick_safetyscanners2_interfaces/sick_safetyscanners2_interfaces/srv/detail/field_data__functions.c
[14.384s] -- Installing: /home/nrc/Manual_Control_F3/install/sick_safetyscanners2_interfaces/include/sick_safetyscanners2_interfaces/sick_safetyscanners2_interfaces/srv/detail/field_data__struct.h
[14.384s] -- Installing: /home/nrc/Manual_Control_F3/install/sick_safetyscanners2_interfaces/include/sick_safetyscanners2_interfaces/sick_safetyscanners2_interfaces/srv/detail/field_data__type_support.h
[14.384s] -- Installing: /home/nrc/Manual_Control_F3/install/sick_safetyscanners2_interfaces/include/sick_safetyscanners2_interfaces/sick_safetyscanners2_interfaces/srv/detail/field_data__functions.h
[14.384s] -- Installing: /home/nrc/Manual_Control_F3/install/sick_safetyscanners2_interfaces/include/sick_safetyscanners2_interfaces/sick_safetyscanners2_interfaces/srv/detail/status_overview__type_support.h
[14.384s] -- Installing: /home/nrc/Manual_Control_F3/install/sick_safetyscanners2_interfaces/include/sick_safetyscanners2_interfaces/sick_safetyscanners2_interfaces/srv/detail/status_overview__functions.c
[14.384s] -- Installing: /home/nrc/Manual_Control_F3/install/sick_safetyscanners2_interfaces/include/sick_safetyscanners2_interfaces/sick_safetyscanners2_interfaces/srv/field_data.h
[14.384s] -- Installing: /home/nrc/Manual_Control_F3/install/sick_safetyscanners2_interfaces/share/sick_safetyscanners2_interfaces/environment/library_path.sh
[14.384s] -- Installing: /home/nrc/Manual_Control_F3/install/sick_safetyscanners2_interfaces/share/sick_safetyscanners2_interfaces/environment/library_path.dsv
[14.385s] -- Installing: /home/nrc/Manual_Control_F3/install/sick_safetyscanners2_interfaces/lib/libsick_safetyscanners2_interfaces__rosidl_generator_c.so
[14.385s] -- Set runtime path of "/home/nrc/Manual_Control_F3/install/sick_safetyscanners2_interfaces/lib/libsick_safetyscanners2_interfaces__rosidl_generator_c.so" to ""
[14.385s] -- Up-to-date: /home/nrc/Manual_Control_F3/install/sick_safetyscanners2_interfaces/include/sick_safetyscanners2_interfaces/sick_safetyscanners2_interfaces
[14.385s] -- Up-to-date: /home/nrc/Manual_Control_F3/install/sick_safetyscanners2_interfaces/include/sick_safetyscanners2_interfaces/sick_safetyscanners2_interfaces/msg
[14.385s] -- Installing: /home/nrc/Manual_Control_F3/install/sick_safetyscanners2_interfaces/include/sick_safetyscanners2_interfaces/sick_safetyscanners2_interfaces/msg/rosidl_typesupport_fastrtps_c__visibility_control.h
[14.385s] -- Up-to-date: /home/nrc/Manual_Control_F3/install/sick_safetyscanners2_interfaces/include/sick_safetyscanners2_interfaces/sick_safetyscanners2_interfaces/msg/detail
[14.385s] -- Installing: /home/nrc/Manual_Control_F3/install/sick_safetyscanners2_interfaces/include/sick_safetyscanners2_interfaces/sick_safetyscanners2_interfaces/msg/detail/application_data__rosidl_typesupport_fastrtps_c.h
[14.385s] -- Installing: /home/nrc/Manual_Control_F3/install/sick_safetyscanners2_interfaces/include/sick_safetyscanners2_interfaces/sick_safetyscanners2_interfaces/msg/detail/raw_micro_scan_data__rosidl_typesupport_fastrtps_c.h
[14.385s] -- Installing: /home/nrc/Manual_Control_F3/install/sick_safetyscanners2_interfaces/include/sick_safetyscanners2_interfaces/sick_safetyscanners2_interfaces/msg/detail/measurement_data__rosidl_typesupport_fastrtps_c.h
[14.385s] -- Installing: /home/nrc/Manual_Control_F3/install/sick_safetyscanners2_interfaces/include/sick_safetyscanners2_interfaces/sick_safetyscanners2_interfaces/msg/detail/extended_laser_scan__rosidl_typesupport_fastrtps_c.h
[14.385s] -- Installing: /home/nrc/Manual_Control_F3/install/sick_safetyscanners2_interfaces/include/sick_safetyscanners2_interfaces/sick_safetyscanners2_interfaces/msg/detail/intrusion_data__rosidl_typesupport_fastrtps_c.h
[14.385s] -- Installing: /home/nrc/Manual_Control_F3/install/sick_safetyscanners2_interfaces/include/sick_safetyscanners2_interfaces/sick_safetyscanners2_interfaces/msg/detail/derived_values__rosidl_typesupport_fastrtps_c.h
[14.386s] -- Installing: /home/nrc/Manual_Control_F3/install/sick_safetyscanners2_interfaces/include/sick_safetyscanners2_interfaces/sick_safetyscanners2_interfaces/msg/detail/application_inputs__rosidl_typesupport_fastrtps_c.h
[14.386s] -- Installing: /home/nrc/Manual_Control_F3/install/sick_safetyscanners2_interfaces/include/sick_safetyscanners2_interfaces/sick_safetyscanners2_interfaces/msg/detail/field__rosidl_typesupport_fastrtps_c.h
[14.386s] -- Installing: /home/nrc/Manual_Control_F3/install/sick_safetyscanners2_interfaces/include/sick_safetyscanners2_interfaces/sick_safetyscanners2_interfaces/msg/detail/scan_point__rosidl_typesupport_fastrtps_c.h
[14.386s] -- Installing: /home/nrc/Manual_Control_F3/install/sick_safetyscanners2_interfaces/include/sick_safetyscanners2_interfaces/sick_safetyscanners2_interfaces/msg/detail/monitoring_case__rosidl_typesupport_fastrtps_c.h
[14.386s] -- Installing: /home/nrc/Manual_Control_F3/install/sick_safetyscanners2_interfaces/include/sick_safetyscanners2_interfaces/sick_safetyscanners2_interfaces/msg/detail/general_system_state__rosidl_typesupport_fastrtps_c.h
[14.386s] -- Installing: /home/nrc/Manual_Control_F3/install/sick_safetyscanners2_interfaces/include/sick_safetyscanners2_interfaces/sick_safetyscanners2_interfaces/msg/detail/output_paths__rosidl_typesupport_fastrtps_c.h
[14.386s] -- Installing: /home/nrc/Manual_Control_F3/install/sick_safetyscanners2_interfaces/include/sick_safetyscanners2_interfaces/sick_safetyscanners2_interfaces/msg/detail/data_header__rosidl_typesupport_fastrtps_c.h
[14.386s] -- Installing: /home/nrc/Manual_Control_F3/install/sick_safetyscanners2_interfaces/include/sick_safetyscanners2_interfaces/sick_safetyscanners2_interfaces/msg/detail/intrusion_datum__rosidl_typesupport_fastrtps_c.h
[14.386s] -- Installing: /home/nrc/Manual_Control_F3/install/sick_safetyscanners2_interfaces/include/sick_safetyscanners2_interfaces/sick_safetyscanners2_interfaces/msg/detail/application_outputs__rosidl_typesupport_fastrtps_c.h
[14.386s] -- Up-to-date: /home/nrc/Manual_Control_F3/install/sick_safetyscanners2_interfaces/include/sick_safetyscanners2_interfaces/sick_safetyscanners2_interfaces/srv
[14.386s] -- Up-to-date: /home/nrc/Manual_Control_F3/install/sick_safetyscanners2_interfaces/include/sick_safetyscanners2_interfaces/sick_safetyscanners2_interfaces/srv/detail
[14.386s] -- Installing: /home/nrc/Manual_Control_F3/install/sick_safetyscanners2_interfaces/include/sick_safetyscanners2_interfaces/sick_safetyscanners2_interfaces/srv/detail/field_data__rosidl_typesupport_fastrtps_c.h
[14.386s] -- Installing: /home/nrc/Manual_Control_F3/install/sick_safetyscanners2_interfaces/include/sick_safetyscanners2_interfaces/sick_safetyscanners2_interfaces/srv/detail/status_overview__rosidl_typesupport_fastrtps_c.h
[14.386s] -- Installing: /home/nrc/Manual_Control_F3/install/sick_safetyscanners2_interfaces/lib/libsick_safetyscanners2_interfaces__rosidl_typesupport_fastrtps_c.so
[14.386s] -- Set runtime path of "/home/nrc/Manual_Control_F3/install/sick_safetyscanners2_interfaces/lib/libsick_safetyscanners2_interfaces__rosidl_typesupport_fastrtps_c.so" to ""
[14.387s] -- Up-to-date: /home/nrc/Manual_Control_F3/install/sick_safetyscanners2_interfaces/include/sick_safetyscanners2_interfaces/sick_safetyscanners2_interfaces
[14.387s] -- Up-to-date: /home/nrc/Manual_Control_F3/install/sick_safetyscanners2_interfaces/include/sick_safetyscanners2_interfaces/sick_safetyscanners2_interfaces/msg
[14.387s] -- Installing: /home/nrc/Manual_Control_F3/install/sick_safetyscanners2_interfaces/include/sick_safetyscanners2_interfaces/sick_safetyscanners2_interfaces/msg/rosidl_typesupport_introspection_c__visibility_control.h
[14.387s] -- Up-to-date: /home/nrc/Manual_Control_F3/install/sick_safetyscanners2_interfaces/include/sick_safetyscanners2_interfaces/sick_safetyscanners2_interfaces/msg/detail
[14.387s] -- Installing: /home/nrc/Manual_Control_F3/install/sick_safetyscanners2_interfaces/include/sick_safetyscanners2_interfaces/sick_safetyscanners2_interfaces/msg/detail/application_outputs__type_support.c
[14.387s] -- Installing: /home/nrc/Manual_Control_F3/install/sick_safetyscanners2_interfaces/include/sick_safetyscanners2_interfaces/sick_safetyscanners2_interfaces/msg/detail/intrusion_data__type_support.c
[14.387s] -- Installing: /home/nrc/Manual_Control_F3/install/sick_safetyscanners2_interfaces/include/sick_safetyscanners2_interfaces/sick_safetyscanners2_interfaces/msg/detail/application_data__rosidl_typesupport_introspection_c.h
[14.387s] -- Installing: /home/nrc/Manual_Control_F3/install/sick_safetyscanners2_interfaces/include/sick_safetyscanners2_interfaces/sick_safetyscanners2_interfaces/msg/detail/derived_values__rosidl_typesupport_introspection_c.h
[14.387s] -- Installing: /home/nrc/Manual_Control_F3/install/sick_safetyscanners2_interfaces/include/sick_safetyscanners2_interfaces/sick_safetyscanners2_interfaces/msg/detail/general_system_state__type_support.c
[14.387s] -- Installing: /home/nrc/Manual_Control_F3/install/sick_safetyscanners2_interfaces/include/sick_safetyscanners2_interfaces/sick_safetyscanners2_interfaces/msg/detail/field__rosidl_typesupport_introspection_c.h
[14.387s] -- Installing: /home/nrc/Manual_Control_F3/install/sick_safetyscanners2_interfaces/include/sick_safetyscanners2_interfaces/sick_safetyscanners2_interfaces/msg/detail/measurement_data__type_support.c
[14.387s] -- Installing: /home/nrc/Manual_Control_F3/install/sick_safetyscanners2_interfaces/include/sick_safetyscanners2_interfaces/sick_safetyscanners2_interfaces/msg/detail/monitoring_case__type_support.c
[14.387s] -- Installing: /home/nrc/Manual_Control_F3/install/sick_safetyscanners2_interfaces/include/sick_safetyscanners2_interfaces/sick_safetyscanners2_interfaces/msg/detail/scan_point__rosidl_typesupport_introspection_c.h
[14.387s] -- Installing: /home/nrc/Manual_Control_F3/install/sick_safetyscanners2_interfaces/include/sick_safetyscanners2_interfaces/sick_safetyscanners2_interfaces/msg/detail/output_paths__rosidl_typesupport_introspection_c.h
[14.387s] -- Installing: /home/nrc/Manual_Control_F3/install/sick_safetyscanners2_interfaces/include/sick_safetyscanners2_interfaces/sick_safetyscanners2_interfaces/msg/detail/application_data__type_support.c
[14.387s] -- Installing: /home/nrc/Manual_Control_F3/install/sick_safetyscanners2_interfaces/include/sick_safetyscanners2_interfaces/sick_safetyscanners2_interfaces/msg/detail/intrusion_data__rosidl_typesupport_introspection_c.h
[14.387s] -- Installing: /home/nrc/Manual_Control_F3/install/sick_safetyscanners2_interfaces/include/sick_safetyscanners2_interfaces/sick_safetyscanners2_interfaces/msg/detail/application_inputs__rosidl_typesupport_introspection_c.h
[14.388s] -- Installing: /home/nrc/Manual_Control_F3/install/sick_safetyscanners2_interfaces/include/sick_safetyscanners2_interfaces/sick_safetyscanners2_interfaces/msg/detail/measurement_data__rosidl_typesupport_introspection_c.h
[14.388s] -- Installing: /home/nrc/Manual_Control_F3/install/sick_safetyscanners2_interfaces/include/sick_safetyscanners2_interfaces/sick_safetyscanners2_interfaces/msg/detail/intrusion_datum__type_support.c
[14.388s] -- Installing: /home/nrc/Manual_Control_F3/install/sick_safetyscanners2_interfaces/include/sick_safetyscanners2_interfaces/sick_safetyscanners2_interfaces/msg/detail/general_system_state__rosidl_typesupport_introspection_c.h
[14.388s] -- Installing: /home/nrc/Manual_Control_F3/install/sick_safetyscanners2_interfaces/include/sick_safetyscanners2_interfaces/sick_safetyscanners2_interfaces/msg/detail/application_inputs__type_support.c
[14.388s] -- Installing: /home/nrc/Manual_Control_F3/install/sick_safetyscanners2_interfaces/include/sick_safetyscanners2_interfaces/sick_safetyscanners2_interfaces/msg/detail/scan_point__type_support.c
[14.388s] -- Installing: /home/nrc/Manual_Control_F3/install/sick_safetyscanners2_interfaces/include/sick_safetyscanners2_interfaces/sick_safetyscanners2_interfaces/msg/detail/raw_micro_scan_data__type_support.c
[14.388s] -- Installing: /home/nrc/Manual_Control_F3/install/sick_safetyscanners2_interfaces/include/sick_safetyscanners2_interfaces/sick_safetyscanners2_interfaces/msg/detail/output_paths__type_support.c
[14.388s] -- Installing: /home/nrc/Manual_Control_F3/install/sick_safetyscanners2_interfaces/include/sick_safetyscanners2_interfaces/sick_safetyscanners2_interfaces/msg/detail/application_outputs__rosidl_typesupport_introspection_c.h
[14.388s] -- Installing: /home/nrc/Manual_Control_F3/install/sick_safetyscanners2_interfaces/include/sick_safetyscanners2_interfaces/sick_safetyscanners2_interfaces/msg/detail/data_header__type_support.c
[14.388s] -- Installing: /home/nrc/Manual_Control_F3/install/sick_safetyscanners2_interfaces/include/sick_safetyscanners2_interfaces/sick_safetyscanners2_interfaces/msg/detail/monitoring_case__rosidl_typesupport_introspection_c.h
[14.388s] -- Installing: /home/nrc/Manual_Control_F3/install/sick_safetyscanners2_interfaces/include/sick_safetyscanners2_interfaces/sick_safetyscanners2_interfaces/msg/detail/derived_values__type_support.c
[14.388s] -- Installing: /home/nrc/Manual_Control_F3/install/sick_safetyscanners2_interfaces/include/sick_safetyscanners2_interfaces/sick_safetyscanners2_interfaces/msg/detail/field__type_support.c
[14.388s] -- Installing: /home/nrc/Manual_Control_F3/install/sick_safetyscanners2_interfaces/include/sick_safetyscanners2_interfaces/sick_safetyscanners2_interfaces/msg/detail/raw_micro_scan_data__rosidl_typesupport_introspection_c.h
[14.388s] -- Installing: /home/nrc/Manual_Control_F3/install/sick_safetyscanners2_interfaces/include/sick_safetyscanners2_interfaces/sick_safetyscanners2_interfaces/msg/detail/intrusion_datum__rosidl_typesupport_introspection_c.h
[14.388s] -- Installing: /home/nrc/Manual_Control_F3/install/sick_safetyscanners2_interfaces/include/sick_safetyscanners2_interfaces/sick_safetyscanners2_interfaces/msg/detail/extended_laser_scan__type_support.c
[14.388s] -- Installing: /home/nrc/Manual_Control_F3/install/sick_safetyscanners2_interfaces/include/sick_safetyscanners2_interfaces/sick_safetyscanners2_interfaces/msg/detail/extended_laser_scan__rosidl_typesupport_introspection_c.h
[14.389s] -- Installing: /home/nrc/Manual_Control_F3/install/sick_safetyscanners2_interfaces/include/sick_safetyscanners2_interfaces/sick_safetyscanners2_interfaces/msg/detail/data_header__rosidl_typesupport_introspection_c.h
[14.389s] -- Up-to-date: /home/nrc/Manual_Control_F3/install/sick_safetyscanners2_interfaces/include/sick_safetyscanners2_interfaces/sick_safetyscanners2_interfaces/srv
[14.389s] -- Up-to-date: /home/nrc/Manual_Control_F3/install/sick_safetyscanners2_interfaces/include/sick_safetyscanners2_interfaces/sick_safetyscanners2_interfaces/srv/detail
[14.389s] -- Installing: /home/nrc/Manual_Control_F3/install/sick_safetyscanners2_interfaces/include/sick_safetyscanners2_interfaces/sick_safetyscanners2_interfaces/srv/detail/field_data__type_support.c
[14.389s] -- Installing: /home/nrc/Manual_Control_F3/install/sick_safetyscanners2_interfaces/include/sick_safetyscanners2_interfaces/sick_safetyscanners2_interfaces/srv/detail/field_data__rosidl_typesupport_introspection_c.h
[14.389s] -- Installing: /home/nrc/Manual_Control_F3/install/sick_safetyscanners2_interfaces/include/sick_safetyscanners2_interfaces/sick_safetyscanners2_interfaces/srv/detail/status_overview__type_support.c
[14.389s] -- Installing: /home/nrc/Manual_Control_F3/install/sick_safetyscanners2_interfaces/include/sick_safetyscanners2_interfaces/sick_safetyscanners2_interfaces/srv/detail/status_overview__rosidl_typesupport_introspection_c.h
[14.389s] -- Installing: /home/nrc/Manual_Control_F3/install/sick_safetyscanners2_interfaces/lib/libsick_safetyscanners2_interfaces__rosidl_typesupport_introspection_c.so
[14.389s] -- Set runtime path of "/home/nrc/Manual_Control_F3/install/sick_safetyscanners2_interfaces/lib/libsick_safetyscanners2_interfaces__rosidl_typesupport_introspection_c.so" to ""
[14.389s] -- Installing: /home/nrc/Manual_Control_F3/install/sick_safetyscanners2_interfaces/lib/libsick_safetyscanners2_interfaces__rosidl_typesupport_c.so
[14.389s] -- Set runtime path of "/home/nrc/Manual_Control_F3/install/sick_safetyscanners2_interfaces/lib/libsick_safetyscanners2_interfaces__rosidl_typesupport_c.so" to ""
[14.389s] -- Up-to-date: /home/nrc/Manual_Control_F3/install/sick_safetyscanners2_interfaces/include/sick_safetyscanners2_interfaces/sick_safetyscanners2_interfaces
[14.390s] -- Up-to-date: /home/nrc/Manual_Control_F3/install/sick_safetyscanners2_interfaces/include/sick_safetyscanners2_interfaces/sick_safetyscanners2_interfaces/msg
[14.390s] -- Installing: /home/nrc/Manual_Control_F3/install/sick_safetyscanners2_interfaces/include/sick_safetyscanners2_interfaces/sick_safetyscanners2_interfaces/msg/intrusion_data.hpp
[14.390s] -- Installing: /home/nrc/Manual_Control_F3/install/sick_safetyscanners2_interfaces/include/sick_safetyscanners2_interfaces/sick_safetyscanners2_interfaces/msg/monitoring_case.hpp
[14.390s] -- Installing: /home/nrc/Manual_Control_F3/install/sick_safetyscanners2_interfaces/include/sick_safetyscanners2_interfaces/sick_safetyscanners2_interfaces/msg/scan_point.hpp
[14.390s] -- Installing: /home/nrc/Manual_Control_F3/install/sick_safetyscanners2_interfaces/include/sick_safetyscanners2_interfaces/sick_safetyscanners2_interfaces/msg/raw_micro_scan_data.hpp
[14.390s] -- Installing: /home/nrc/Manual_Control_F3/install/sick_safetyscanners2_interfaces/include/sick_safetyscanners2_interfaces/sick_safetyscanners2_interfaces/msg/application_data.hpp
[14.390s] -- Installing: /home/nrc/Manual_Control_F3/install/sick_safetyscanners2_interfaces/include/sick_safetyscanners2_interfaces/sick_safetyscanners2_interfaces/msg/application_inputs.hpp
[14.390s] -- Installing: /home/nrc/Manual_Control_F3/install/sick_safetyscanners2_interfaces/include/sick_safetyscanners2_interfaces/sick_safetyscanners2_interfaces/msg/derived_values.hpp
[14.390s] -- Installing: /home/nrc/Manual_Control_F3/install/sick_safetyscanners2_interfaces/include/sick_safetyscanners2_interfaces/sick_safetyscanners2_interfaces/msg/data_header.hpp
[14.390s] -- Installing: /home/nrc/Manual_Control_F3/install/sick_safetyscanners2_interfaces/include/sick_safetyscanners2_interfaces/sick_safetyscanners2_interfaces/msg/rosidl_generator_cpp__visibility_control.hpp
[14.390s] -- Installing: /home/nrc/Manual_Control_F3/install/sick_safetyscanners2_interfaces/include/sick_safetyscanners2_interfaces/sick_safetyscanners2_interfaces/msg/intrusion_datum.hpp
[14.390s] -- Installing: /home/nrc/Manual_Control_F3/install/sick_safetyscanners2_interfaces/include/sick_safetyscanners2_interfaces/sick_safetyscanners2_interfaces/msg/extended_laser_scan.hpp
[14.390s] -- Installing: /home/nrc/Manual_Control_F3/install/sick_safetyscanners2_interfaces/include/sick_safetyscanners2_interfaces/sick_safetyscanners2_interfaces/msg/general_system_state.hpp
[14.390s] -- Installing: /home/nrc/Manual_Control_F3/install/sick_safetyscanners2_interfaces/include/sick_safetyscanners2_interfaces/sick_safetyscanners2_interfaces/msg/application_outputs.hpp
[14.391s] -- Up-to-date: /home/nrc/Manual_Control_F3/install/sick_safetyscanners2_interfaces/include/sick_safetyscanners2_interfaces/sick_safetyscanners2_interfaces/msg/detail
[14.391s] -- Installing: /home/nrc/Manual_Control_F3/install/sick_safetyscanners2_interfaces/include/sick_safetyscanners2_interfaces/sick_safetyscanners2_interfaces/msg/detail/monitoring_case__type_support.hpp
[14.391s] -- Installing: /home/nrc/Manual_Control_F3/install/sick_safetyscanners2_interfaces/include/sick_safetyscanners2_interfaces/sick_safetyscanners2_interfaces/msg/detail/application_data__struct.hpp
[14.391s] -- Installing: /home/nrc/Manual_Control_F3/install/sick_safetyscanners2_interfaces/include/sick_safetyscanners2_interfaces/sick_safetyscanners2_interfaces/msg/detail/raw_micro_scan_data__type_support.hpp
[14.391s] -- Installing: /home/nrc/Manual_Control_F3/install/sick_safetyscanners2_interfaces/include/sick_safetyscanners2_interfaces/sick_safetyscanners2_interfaces/msg/detail/extended_laser_scan__struct.hpp
[14.391s] -- Installing: /home/nrc/Manual_Control_F3/install/sick_safetyscanners2_interfaces/include/sick_safetyscanners2_interfaces/sick_safetyscanners2_interfaces/msg/detail/monitoring_case__traits.hpp
[14.391s] -- Installing: /home/nrc/Manual_Control_F3/install/sick_safetyscanners2_interfaces/include/sick_safetyscanners2_interfaces/sick_safetyscanners2_interfaces/msg/detail/measurement_data__struct.hpp
[14.391s] -- Installing: /home/nrc/Manual_Control_F3/install/sick_safetyscanners2_interfaces/include/sick_safetyscanners2_interfaces/sick_safetyscanners2_interfaces/msg/detail/measurement_data__type_support.hpp
[14.391s] -- Installing: /home/nrc/Manual_Control_F3/install/sick_safetyscanners2_interfaces/include/sick_safetyscanners2_interfaces/sick_safetyscanners2_interfaces/msg/detail/measurement_data__builder.hpp
[14.391s] -- Installing: /home/nrc/Manual_Control_F3/install/sick_safetyscanners2_interfaces/include/sick_safetyscanners2_interfaces/sick_safetyscanners2_interfaces/msg/detail/application_outputs__builder.hpp
[14.391s] -- Installing: /home/nrc/Manual_Control_F3/install/sick_safetyscanners2_interfaces/include/sick_safetyscanners2_interfaces/sick_safetyscanners2_interfaces/msg/detail/intrusion_data__type_support.hpp
[14.391s] -- Installing: /home/nrc/Manual_Control_F3/install/sick_safetyscanners2_interfaces/include/sick_safetyscanners2_interfaces/sick_safetyscanners2_interfaces/msg/detail/output_paths__type_support.hpp
[14.391s] -- Installing: /home/nrc/Manual_Control_F3/install/sick_safetyscanners2_interfaces/include/sick_safetyscanners2_interfaces/sick_safetyscanners2_interfaces/msg/detail/field__traits.hpp
[14.391s] -- Installing: /home/nrc/Manual_Control_F3/install/sick_safetyscanners2_interfaces/include/sick_safetyscanners2_interfaces/sick_safetyscanners2_interfaces/msg/detail/output_paths__struct.hpp
[14.391s] -- Installing: /home/nrc/Manual_Control_F3/install/sick_safetyscanners2_interfaces/include/sick_safetyscanners2_interfaces/sick_safetyscanners2_interfaces/msg/detail/measurement_data__traits.hpp
[14.392s] -- Installing: /home/nrc/Manual_Control_F3/install/sick_safetyscanners2_interfaces/include/sick_safetyscanners2_interfaces/sick_safetyscanners2_interfaces/msg/detail/raw_micro_scan_data__struct.hpp
[14.392s] -- Installing: /home/nrc/Manual_Control_F3/install/sick_safetyscanners2_interfaces/include/sick_safetyscanners2_interfaces/sick_safetyscanners2_interfaces/msg/detail/data_header__type_support.hpp
[14.392s] -- Installing: /home/nrc/Manual_Control_F3/install/sick_safetyscanners2_interfaces/include/sick_safetyscanners2_interfaces/sick_safetyscanners2_interfaces/msg/detail/general_system_state__struct.hpp
[14.392s] -- Installing: /home/nrc/Manual_Control_F3/install/sick_safetyscanners2_interfaces/include/sick_safetyscanners2_interfaces/sick_safetyscanners2_interfaces/msg/detail/application_inputs__struct.hpp
[14.392s] -- Installing: /home/nrc/Manual_Control_F3/install/sick_safetyscanners2_interfaces/include/sick_safetyscanners2_interfaces/sick_safetyscanners2_interfaces/msg/detail/application_inputs__traits.hpp
[14.392s] -- Installing: /home/nrc/Manual_Control_F3/install/sick_safetyscanners2_interfaces/include/sick_safetyscanners2_interfaces/sick_safetyscanners2_interfaces/msg/detail/general_system_state__type_support.hpp
[14.392s] -- Installing: /home/nrc/Manual_Control_F3/install/sick_safetyscanners2_interfaces/include/sick_safetyscanners2_interfaces/sick_safetyscanners2_interfaces/msg/detail/monitoring_case__struct.hpp
[14.392s] -- Installing: /home/nrc/Manual_Control_F3/install/sick_safetyscanners2_interfaces/include/sick_safetyscanners2_interfaces/sick_safetyscanners2_interfaces/msg/detail/data_header__builder.hpp
[14.392s] -- Installing: /home/nrc/Manual_Control_F3/install/sick_safetyscanners2_interfaces/include/sick_safetyscanners2_interfaces/sick_safetyscanners2_interfaces/msg/detail/intrusion_datum__traits.hpp
[14.392s] -- Installing: /home/nrc/Manual_Control_F3/install/sick_safetyscanners2_interfaces/include/sick_safetyscanners2_interfaces/sick_safetyscanners2_interfaces/msg/detail/scan_point__traits.hpp
[14.392s] -- Installing: /home/nrc/Manual_Control_F3/install/sick_safetyscanners2_interfaces/include/sick_safetyscanners2_interfaces/sick_safetyscanners2_interfaces/msg/detail/data_header__struct.hpp
[14.392s] -- Installing: /home/nrc/Manual_Control_F3/install/sick_safetyscanners2_interfaces/include/sick_safetyscanners2_interfaces/sick_safetyscanners2_interfaces/msg/detail/intrusion_data__builder.hpp
[14.392s] -- Installing: /home/nrc/Manual_Control_F3/install/sick_safetyscanners2_interfaces/include/sick_safetyscanners2_interfaces/sick_safetyscanners2_interfaces/msg/detail/field__builder.hpp
[14.392s] -- Installing: /home/nrc/Manual_Control_F3/install/sick_safetyscanners2_interfaces/include/sick_safetyscanners2_interfaces/sick_safetyscanners2_interfaces/msg/detail/application_inputs__type_support.hpp
[14.392s] -- Installing: /home/nrc/Manual_Control_F3/install/sick_safetyscanners2_interfaces/include/sick_safetyscanners2_interfaces/sick_safetyscanners2_interfaces/msg/detail/data_header__traits.hpp
[14.392s] -- Installing: /home/nrc/Manual_Control_F3/install/sick_safetyscanners2_interfaces/include/sick_safetyscanners2_interfaces/sick_safetyscanners2_interfaces/msg/detail/output_paths__builder.hpp
[14.393s] -- Installing: /home/nrc/Manual_Control_F3/install/sick_safetyscanners2_interfaces/include/sick_safetyscanners2_interfaces/sick_safetyscanners2_interfaces/msg/detail/intrusion_datum__struct.hpp
[14.393s] -- Installing: /home/nrc/Manual_Control_F3/install/sick_safetyscanners2_interfaces/include/sick_safetyscanners2_interfaces/sick_safetyscanners2_interfaces/msg/detail/derived_values__type_support.hpp
[14.393s] -- Installing: /home/nrc/Manual_Control_F3/install/sick_safetyscanners2_interfaces/include/sick_safetyscanners2_interfaces/sick_safetyscanners2_interfaces/msg/detail/field__struct.hpp
[14.393s] -- Installing: /home/nrc/Manual_Control_F3/install/sick_safetyscanners2_interfaces/include/sick_safetyscanners2_interfaces/sick_safetyscanners2_interfaces/msg/detail/application_outputs__traits.hpp
[14.393s] -- Installing: /home/nrc/Manual_Control_F3/install/sick_safetyscanners2_interfaces/include/sick_safetyscanners2_interfaces/sick_safetyscanners2_interfaces/msg/detail/scan_point__struct.hpp
[14.393s] -- Installing: /home/nrc/Manual_Control_F3/install/sick_safetyscanners2_interfaces/include/sick_safetyscanners2_interfaces/sick_safetyscanners2_interfaces/msg/detail/extended_laser_scan__builder.hpp
[14.393s] -- Installing: /home/nrc/Manual_Control_F3/install/sick_safetyscanners2_interfaces/include/sick_safetyscanners2_interfaces/sick_safetyscanners2_interfaces/msg/detail/intrusion_data__struct.hpp
[14.393s] -- Installing: /home/nrc/Manual_Control_F3/install/sick_safetyscanners2_interfaces/include/sick_safetyscanners2_interfaces/sick_safetyscanners2_interfaces/msg/detail/general_system_state__traits.hpp
[14.393s] -- Installing: /home/nrc/Manual_Control_F3/install/sick_safetyscanners2_interfaces/include/sick_safetyscanners2_interfaces/sick_safetyscanners2_interfaces/msg/detail/application_inputs__builder.hpp
[14.393s] -- Installing: /home/nrc/Manual_Control_F3/install/sick_safetyscanners2_interfaces/include/sick_safetyscanners2_interfaces/sick_safetyscanners2_interfaces/msg/detail/output_paths__traits.hpp
[14.393s] -- Installing: /home/nrc/Manual_Control_F3/install/sick_safetyscanners2_interfaces/include/sick_safetyscanners2_interfaces/sick_safetyscanners2_interfaces/msg/detail/intrusion_data__traits.hpp
[14.393s] -- Installing: /home/nrc/Manual_Control_F3/install/sick_safetyscanners2_interfaces/include/sick_safetyscanners2_interfaces/sick_safetyscanners2_interfaces/msg/detail/intrusion_datum__type_support.hpp
[14.393s] -- Installing: /home/nrc/Manual_Control_F3/install/sick_safetyscanners2_interfaces/include/sick_safetyscanners2_interfaces/sick_safetyscanners2_interfaces/msg/detail/application_data__traits.hpp
[14.394s] -- Installing: /home/nrc/Manual_Control_F3/install/sick_safetyscanners2_interfaces/include/sick_safetyscanners2_interfaces/sick_safetyscanners2_interfaces/msg/detail/application_data__builder.hpp
[14.394s] -- Installing: /home/nrc/Manual_Control_F3/install/sick_safetyscanners2_interfaces/include/sick_safetyscanners2_interfaces/sick_safetyscanners2_interfaces/msg/detail/intrusion_datum__builder.hpp
[14.394s] -- Installing: /home/nrc/Manual_Control_F3/install/sick_safetyscanners2_interfaces/include/sick_safetyscanners2_interfaces/sick_safetyscanners2_interfaces/msg/detail/raw_micro_scan_data__traits.hpp
[14.394s] -- Installing: /home/nrc/Manual_Control_F3/install/sick_safetyscanners2_interfaces/include/sick_safetyscanners2_interfaces/sick_safetyscanners2_interfaces/msg/detail/application_data__type_support.hpp
[14.394s] -- Installing: /home/nrc/Manual_Control_F3/install/sick_safetyscanners2_interfaces/include/sick_safetyscanners2_interfaces/sick_safetyscanners2_interfaces/msg/detail/raw_micro_scan_data__builder.hpp
[14.394s] -- Installing: /home/nrc/Manual_Control_F3/install/sick_safetyscanners2_interfaces/include/sick_safetyscanners2_interfaces/sick_safetyscanners2_interfaces/msg/detail/general_system_state__builder.hpp
[14.394s] -- Installing: /home/nrc/Manual_Control_F3/install/sick_safetyscanners2_interfaces/include/sick_safetyscanners2_interfaces/sick_safetyscanners2_interfaces/msg/detail/derived_values__struct.hpp
[14.394s] -- Installing: /home/nrc/Manual_Control_F3/install/sick_safetyscanners2_interfaces/include/sick_safetyscanners2_interfaces/sick_safetyscanners2_interfaces/msg/detail/field__type_support.hpp
[14.394s] -- Installing: /home/nrc/Manual_Control_F3/install/sick_safetyscanners2_interfaces/include/sick_safetyscanners2_interfaces/sick_safetyscanners2_interfaces/msg/detail/monitoring_case__builder.hpp
[14.394s] -- Installing: /home/nrc/Manual_Control_F3/install/sick_safetyscanners2_interfaces/include/sick_safetyscanners2_interfaces/sick_safetyscanners2_interfaces/msg/detail/application_outputs__struct.hpp
[14.394s] -- Installing: /home/nrc/Manual_Control_F3/install/sick_safetyscanners2_interfaces/include/sick_safetyscanners2_interfaces/sick_safetyscanners2_interfaces/msg/detail/extended_laser_scan__type_support.hpp
[14.395s] -- Installing: /home/nrc/Manual_Control_F3/install/sick_safetyscanners2_interfaces/include/sick_safetyscanners2_interfaces/sick_safetyscanners2_interfaces/msg/detail/extended_laser_scan__traits.hpp
[14.395s] -- Installing: /home/nrc/Manual_Control_F3/install/sick_safetyscanners2_interfaces/include/sick_safetyscanners2_interfaces/sick_safetyscanners2_interfaces/msg/detail/derived_values__builder.hpp
[14.395s] -- Installing: /home/nrc/Manual_Control_F3/install/sick_safetyscanners2_interfaces/include/sick_safetyscanners2_interfaces/sick_safetyscanners2_interfaces/msg/detail/scan_point__type_support.hpp
[14.395s] -- Installing: /home/nrc/Manual_Control_F3/install/sick_safetyscanners2_interfaces/include/sick_safetyscanners2_interfaces/sick_safetyscanners2_interfaces/msg/detail/derived_values__traits.hpp
[14.395s] -- Installing: /home/nrc/Manual_Control_F3/install/sick_safetyscanners2_interfaces/include/sick_safetyscanners2_interfaces/sick_safetyscanners2_interfaces/msg/detail/scan_point__builder.hpp
[14.395s] -- Installing: /home/nrc/Manual_Control_F3/install/sick_safetyscanners2_interfaces/include/sick_safetyscanners2_interfaces/sick_safetyscanners2_interfaces/msg/detail/application_outputs__type_support.hpp
[14.395s] -- Installing: /home/nrc/Manual_Control_F3/install/sick_safetyscanners2_interfaces/include/sick_safetyscanners2_interfaces/sick_safetyscanners2_interfaces/msg/measurement_data.hpp
[14.395s] -- Installing: /home/nrc/Manual_Control_F3/install/sick_safetyscanners2_interfaces/include/sick_safetyscanners2_interfaces/sick_safetyscanners2_interfaces/msg/output_paths.hpp
[14.395s] -- Installing: /home/nrc/Manual_Control_F3/install/sick_safetyscanners2_interfaces/include/sick_safetyscanners2_interfaces/sick_safetyscanners2_interfaces/msg/field.hpp
[14.395s] -- Up-to-date: /home/nrc/Manual_Control_F3/install/sick_safetyscanners2_interfaces/include/sick_safetyscanners2_interfaces/sick_safetyscanners2_interfaces/srv
[14.395s] -- Installing: /home/nrc/Manual_Control_F3/install/sick_safetyscanners2_interfaces/include/sick_safetyscanners2_interfaces/sick_safetyscanners2_interfaces/srv/field_data.hpp
[14.395s] -- Installing: /home/nrc/Manual_Control_F3/install/sick_safetyscanners2_interfaces/include/sick_safetyscanners2_interfaces/sick_safetyscanners2_interfaces/srv/status_overview.hpp
[14.395s] -- Up-to-date: /home/nrc/Manual_Control_F3/install/sick_safetyscanners2_interfaces/include/sick_safetyscanners2_interfaces/sick_safetyscanners2_interfaces/srv/detail
[14.395s] -- Installing: /home/nrc/Manual_Control_F3/install/sick_safetyscanners2_interfaces/include/sick_safetyscanners2_interfaces/sick_safetyscanners2_interfaces/srv/detail/status_overview__struct.hpp
[14.395s] -- Installing: /home/nrc/Manual_Control_F3/install/sick_safetyscanners2_interfaces/include/sick_safetyscanners2_interfaces/sick_safetyscanners2_interfaces/srv/detail/field_data__struct.hpp
[14.395s] -- Installing: /home/nrc/Manual_Control_F3/install/sick_safetyscanners2_interfaces/include/sick_safetyscanners2_interfaces/sick_safetyscanners2_interfaces/srv/detail/status_overview__traits.hpp
[14.396s] -- Installing: /home/nrc/Manual_Control_F3/install/sick_safetyscanners2_interfaces/include/sick_safetyscanners2_interfaces/sick_safetyscanners2_interfaces/srv/detail/field_data__builder.hpp
[14.396s] -- Installing: /home/nrc/Manual_Control_F3/install/sick_safetyscanners2_interfaces/include/sick_safetyscanners2_interfaces/sick_safetyscanners2_interfaces/srv/detail/field_data__type_support.hpp
[14.396s] -- Installing: /home/nrc/Manual_Control_F3/install/sick_safetyscanners2_interfaces/include/sick_safetyscanners2_interfaces/sick_safetyscanners2_interfaces/srv/detail/status_overview__type_support.hpp
[14.396s] -- Installing: /home/nrc/Manual_Control_F3/install/sick_safetyscanners2_interfaces/include/sick_safetyscanners2_interfaces/sick_safetyscanners2_interfaces/srv/detail/field_data__traits.hpp
[14.396s] -- Installing: /home/nrc/Manual_Control_F3/install/sick_safetyscanners2_interfaces/include/sick_safetyscanners2_interfaces/sick_safetyscanners2_interfaces/srv/detail/status_overview__builder.hpp
[14.396s] -- Up-to-date: /home/nrc/Manual_Control_F3/install/sick_safetyscanners2_interfaces/include/sick_safetyscanners2_interfaces/sick_safetyscanners2_interfaces
[14.396s] -- Up-to-date: /home/nrc/Manual_Control_F3/install/sick_safetyscanners2_interfaces/include/sick_safetyscanners2_interfaces/sick_safetyscanners2_interfaces/msg
[14.396s] -- Installing: /home/nrc/Manual_Control_F3/install/sick_safetyscanners2_interfaces/include/sick_safetyscanners2_interfaces/sick_safetyscanners2_interfaces/msg/rosidl_typesupport_fastrtps_cpp__visibility_control.h
[14.396s] -- Up-to-date: /home/nrc/Manual_Control_F3/install/sick_safetyscanners2_interfaces/include/sick_safetyscanners2_interfaces/sick_safetyscanners2_interfaces/msg/detail
[14.396s] -- Installing: /home/nrc/Manual_Control_F3/install/sick_safetyscanners2_interfaces/include/sick_safetyscanners2_interfaces/sick_safetyscanners2_interfaces/msg/detail/intrusion_datum__rosidl_typesupport_fastrtps_cpp.hpp
[14.396s] -- Installing: /home/nrc/Manual_Control_F3/install/sick_safetyscanners2_interfaces/include/sick_safetyscanners2_interfaces/sick_safetyscanners2_interfaces/msg/detail/data_header__rosidl_typesupport_fastrtps_cpp.hpp
[14.396s] -- Installing: /home/nrc/Manual_Control_F3/install/sick_safetyscanners2_interfaces/include/sick_safetyscanners2_interfaces/sick_safetyscanners2_interfaces/msg/detail/application_inputs__rosidl_typesupport_fastrtps_cpp.hpp
[14.396s] -- Installing: /home/nrc/Manual_Control_F3/install/sick_safetyscanners2_interfaces/include/sick_safetyscanners2_interfaces/sick_safetyscanners2_interfaces/msg/detail/raw_micro_scan_data__rosidl_typesupport_fastrtps_cpp.hpp
[14.396s] -- Installing: /home/nrc/Manual_Control_F3/install/sick_safetyscanners2_interfaces/include/sick_safetyscanners2_interfaces/sick_safetyscanners2_interfaces/msg/detail/field__rosidl_typesupport_fastrtps_cpp.hpp
[14.396s] -- Installing: /home/nrc/Manual_Control_F3/install/sick_safetyscanners2_interfaces/include/sick_safetyscanners2_interfaces/sick_safetyscanners2_interfaces/msg/detail/general_system_state__rosidl_typesupport_fastrtps_cpp.hpp
[14.396s] -- Installing: /home/nrc/Manual_Control_F3/install/sick_safetyscanners2_interfaces/include/sick_safetyscanners2_interfaces/sick_safetyscanners2_interfaces/msg/detail/application_outputs__rosidl_typesupport_fastrtps_cpp.hpp
[14.396s] -- Installing: /home/nrc/Manual_Control_F3/install/sick_safetyscanners2_interfaces/include/sick_safetyscanners2_interfaces/sick_safetyscanners2_interfaces/msg/detail/dds_fastrtps
[14.396s] -- Installing: /home/nrc/Manual_Control_F3/install/sick_safetyscanners2_interfaces/include/sick_safetyscanners2_interfaces/sick_safetyscanners2_interfaces/msg/detail/extended_laser_scan__rosidl_typesupport_fastrtps_cpp.hpp
[14.397s] -- Installing: /home/nrc/Manual_Control_F3/install/sick_safetyscanners2_interfaces/include/sick_safetyscanners2_interfaces/sick_safetyscanners2_interfaces/msg/detail/monitoring_case__rosidl_typesupport_fastrtps_cpp.hpp
[14.397s] -- Installing: /home/nrc/Manual_Control_F3/install/sick_safetyscanners2_interfaces/include/sick_safetyscanners2_interfaces/sick_safetyscanners2_interfaces/msg/detail/scan_point__rosidl_typesupport_fastrtps_cpp.hpp
[14.397s] -- Installing: /home/nrc/Manual_Control_F3/install/sick_safetyscanners2_interfaces/include/sick_safetyscanners2_interfaces/sick_safetyscanners2_interfaces/msg/detail/intrusion_data__rosidl_typesupport_fastrtps_cpp.hpp
[14.397s] -- Installing: /home/nrc/Manual_Control_F3/install/sick_safetyscanners2_interfaces/include/sick_safetyscanners2_interfaces/sick_safetyscanners2_interfaces/msg/detail/measurement_data__rosidl_typesupport_fastrtps_cpp.hpp
[14.397s] -- Installing: /home/nrc/Manual_Control_F3/install/sick_safetyscanners2_interfaces/include/sick_safetyscanners2_interfaces/sick_safetyscanners2_interfaces/msg/detail/output_paths__rosidl_typesupport_fastrtps_cpp.hpp
[14.397s] -- Installing: /home/nrc/Manual_Control_F3/install/sick_safetyscanners2_interfaces/include/sick_safetyscanners2_interfaces/sick_safetyscanners2_interfaces/msg/detail/application_data__rosidl_typesupport_fastrtps_cpp.hpp
[14.397s] -- Installing: /home/nrc/Manual_Control_F3/install/sick_safetyscanners2_interfaces/include/sick_safetyscanners2_interfaces/sick_safetyscanners2_interfaces/msg/detail/derived_values__rosidl_typesupport_fastrtps_cpp.hpp
[14.397s] -- Up-to-date: /home/nrc/Manual_Control_F3/install/sick_safetyscanners2_interfaces/include/sick_safetyscanners2_interfaces/sick_safetyscanners2_interfaces/srv
[14.397s] -- Up-to-date: /home/nrc/Manual_Control_F3/install/sick_safetyscanners2_interfaces/include/sick_safetyscanners2_interfaces/sick_safetyscanners2_interfaces/srv/detail
[14.397s] -- Installing: /home/nrc/Manual_Control_F3/install/sick_safetyscanners2_interfaces/include/sick_safetyscanners2_interfaces/sick_safetyscanners2_interfaces/srv/detail/dds_fastrtps
[14.397s] -- Installing: /home/nrc/Manual_Control_F3/install/sick_safetyscanners2_interfaces/include/sick_safetyscanners2_interfaces/sick_safetyscanners2_interfaces/srv/detail/status_overview__rosidl_typesupport_fastrtps_cpp.hpp
[14.397s] -- Installing: /home/nrc/Manual_Control_F3/install/sick_safetyscanners2_interfaces/include/sick_safetyscanners2_interfaces/sick_safetyscanners2_interfaces/srv/detail/field_data__rosidl_typesupport_fastrtps_cpp.hpp
[14.397s] -- Installing: /home/nrc/Manual_Control_F3/install/sick_safetyscanners2_interfaces/lib/libsick_safetyscanners2_interfaces__rosidl_typesupport_fastrtps_cpp.so
[14.398s] -- Set runtime path of "/home/nrc/Manual_Control_F3/install/sick_safetyscanners2_interfaces/lib/libsick_safetyscanners2_interfaces__rosidl_typesupport_fastrtps_cpp.so" to ""
[14.398s] -- Up-to-date: /home/nrc/Manual_Control_F3/install/sick_safetyscanners2_interfaces/include/sick_safetyscanners2_interfaces/sick_safetyscanners2_interfaces
[14.398s] -- Up-to-date: /home/nrc/Manual_Control_F3/install/sick_safetyscanners2_interfaces/include/sick_safetyscanners2_interfaces/sick_safetyscanners2_interfaces/msg
[14.398s] -- Up-to-date: /home/nrc/Manual_Control_F3/install/sick_safetyscanners2_interfaces/include/sick_safetyscanners2_interfaces/sick_safetyscanners2_interfaces/msg/detail
[14.398s] -- Installing: /home/nrc/Manual_Control_F3/install/sick_safetyscanners2_interfaces/include/sick_safetyscanners2_interfaces/sick_safetyscanners2_interfaces/msg/detail/data_header__rosidl_typesupport_introspection_cpp.hpp
[14.398s] -- Installing: /home/nrc/Manual_Control_F3/install/sick_safetyscanners2_interfaces/include/sick_safetyscanners2_interfaces/sick_safetyscanners2_interfaces/msg/detail/application_outputs__rosidl_typesupport_introspection_cpp.hpp
[14.398s] -- Installing: /home/nrc/Manual_Control_F3/install/sick_safetyscanners2_interfaces/include/sick_safetyscanners2_interfaces/sick_safetyscanners2_interfaces/msg/detail/intrusion_datum__rosidl_typesupport_introspection_cpp.hpp
[14.398s] -- Installing: /home/nrc/Manual_Control_F3/install/sick_safetyscanners2_interfaces/include/sick_safetyscanners2_interfaces/sick_safetyscanners2_interfaces/msg/detail/intrusion_data__rosidl_typesupport_introspection_cpp.hpp
[14.398s] -- Installing: /home/nrc/Manual_Control_F3/install/sick_safetyscanners2_interfaces/include/sick_safetyscanners2_interfaces/sick_safetyscanners2_interfaces/msg/detail/derived_values__type_support.cpp
[14.398s] -- Installing: /home/nrc/Manual_Control_F3/install/sick_safetyscanners2_interfaces/include/sick_safetyscanners2_interfaces/sick_safetyscanners2_interfaces/msg/detail/scan_point__type_support.cpp
[14.398s] -- Installing: /home/nrc/Manual_Control_F3/install/sick_safetyscanners2_interfaces/include/sick_safetyscanners2_interfaces/sick_safetyscanners2_interfaces/msg/detail/application_inputs__type_support.cpp
[14.398s] -- Installing: /home/nrc/Manual_Control_F3/install/sick_safetyscanners2_interfaces/include/sick_safetyscanners2_interfaces/sick_safetyscanners2_interfaces/msg/detail/general_system_state__type_support.cpp
[14.398s] -- Installing: /home/nrc/Manual_Control_F3/install/sick_safetyscanners2_interfaces/include/sick_safetyscanners2_interfaces/sick_safetyscanners2_interfaces/msg/detail/application_data__type_support.cpp
[14.398s] -- Installing: /home/nrc/Manual_Control_F3/install/sick_safetyscanners2_interfaces/include/sick_safetyscanners2_interfaces/sick_safetyscanners2_interfaces/msg/detail/raw_micro_scan_data__type_support.cpp
[14.398s] -- Installing: /home/nrc/Manual_Control_F3/install/sick_safetyscanners2_interfaces/include/sick_safetyscanners2_interfaces/sick_safetyscanners2_interfaces/msg/detail/output_paths__rosidl_typesupport_introspection_cpp.hpp
[14.398s] -- Installing: /home/nrc/Manual_Control_F3/install/sick_safetyscanners2_interfaces/include/sick_safetyscanners2_interfaces/sick_safetyscanners2_interfaces/msg/detail/measurement_data__type_support.cpp
[14.398s] -- Installing: /home/nrc/Manual_Control_F3/install/sick_safetyscanners2_interfaces/include/sick_safetyscanners2_interfaces/sick_safetyscanners2_interfaces/msg/detail/scan_point__rosidl_typesupport_introspection_cpp.hpp
[14.398s] -- Installing: /home/nrc/Manual_Control_F3/install/sick_safetyscanners2_interfaces/include/sick_safetyscanners2_interfaces/sick_safetyscanners2_interfaces/msg/detail/extended_laser_scan__rosidl_typesupport_introspection_cpp.hpp
[14.398s] -- Installing: /home/nrc/Manual_Control_F3/install/sick_safetyscanners2_interfaces/include/sick_safetyscanners2_interfaces/sick_safetyscanners2_interfaces/msg/detail/monitoring_case__rosidl_typesupport_introspection_cpp.hpp
[14.399s] -- Installing: /home/nrc/Manual_Control_F3/install/sick_safetyscanners2_interfaces/include/sick_safetyscanners2_interfaces/sick_safetyscanners2_interfaces/msg/detail/extended_laser_scan__type_support.cpp
[14.399s] -- Installing: /home/nrc/Manual_Control_F3/install/sick_safetyscanners2_interfaces/include/sick_safetyscanners2_interfaces/sick_safetyscanners2_interfaces/msg/detail/measurement_data__rosidl_typesupport_introspection_cpp.hpp
[14.399s] -- Installing: /home/nrc/Manual_Control_F3/install/sick_safetyscanners2_interfaces/include/sick_safetyscanners2_interfaces/sick_safetyscanners2_interfaces/msg/detail/data_header__type_support.cpp
[14.399s] -- Installing: /home/nrc/Manual_Control_F3/install/sick_safetyscanners2_interfaces/include/sick_safetyscanners2_interfaces/sick_safetyscanners2_interfaces/msg/detail/monitoring_case__type_support.cpp
[14.399s] -- Installing: /home/nrc/Manual_Control_F3/install/sick_safetyscanners2_interfaces/include/sick_safetyscanners2_interfaces/sick_safetyscanners2_interfaces/msg/detail/application_inputs__rosidl_typesupport_introspection_cpp.hpp
[14.399s] -- Installing: /home/nrc/Manual_Control_F3/install/sick_safetyscanners2_interfaces/include/sick_safetyscanners2_interfaces/sick_safetyscanners2_interfaces/msg/detail/general_system_state__rosidl_typesupport_introspection_cpp.hpp
[14.399s] -- Installing: /home/nrc/Manual_Control_F3/install/sick_safetyscanners2_interfaces/include/sick_safetyscanners2_interfaces/sick_safetyscanners2_interfaces/msg/detail/field__rosidl_typesupport_introspection_cpp.hpp
[14.399s] -- Installing: /home/nrc/Manual_Control_F3/install/sick_safetyscanners2_interfaces/include/sick_safetyscanners2_interfaces/sick_safetyscanners2_interfaces/msg/detail/output_paths__type_support.cpp
[14.399s] -- Installing: /home/nrc/Manual_Control_F3/install/sick_safetyscanners2_interfaces/include/sick_safetyscanners2_interfaces/sick_safetyscanners2_interfaces/msg/detail/application_data__rosidl_typesupport_introspection_cpp.hpp
[14.399s] -- Installing: /home/nrc/Manual_Control_F3/install/sick_safetyscanners2_interfaces/include/sick_safetyscanners2_interfaces/sick_safetyscanners2_interfaces/msg/detail/intrusion_datum__type_support.cpp
[14.400s] -- Installing: /home/nrc/Manual_Control_F3/install/sick_safetyscanners2_interfaces/include/sick_safetyscanners2_interfaces/sick_safetyscanners2_interfaces/msg/detail/raw_micro_scan_data__rosidl_typesupport_introspection_cpp.hpp
[14.400s] -- Installing: /home/nrc/Manual_Control_F3/install/sick_safetyscanners2_interfaces/include/sick_safetyscanners2_interfaces/sick_safetyscanners2_interfaces/msg/detail/derived_values__rosidl_typesupport_introspection_cpp.hpp
[14.400s] -- Installing: /home/nrc/Manual_Control_F3/install/sick_safetyscanners2_interfaces/include/sick_safetyscanners2_interfaces/sick_safetyscanners2_interfaces/msg/detail/field__type_support.cpp
[14.400s] -- Installing: /home/nrc/Manual_Control_F3/install/sick_safetyscanners2_interfaces/include/sick_safetyscanners2_interfaces/sick_safetyscanners2_interfaces/msg/detail/intrusion_data__type_support.cpp
[14.400s] -- Installing: /home/nrc/Manual_Control_F3/install/sick_safetyscanners2_interfaces/include/sick_safetyscanners2_interfaces/sick_safetyscanners2_interfaces/msg/detail/application_outputs__type_support.cpp
[14.400s] -- Up-to-date: /home/nrc/Manual_Control_F3/install/sick_safetyscanners2_interfaces/include/sick_safetyscanners2_interfaces/sick_safetyscanners2_interfaces/srv
[14.400s] -- Up-to-date: /home/nrc/Manual_Control_F3/install/sick_safetyscanners2_interfaces/include/sick_safetyscanners2_interfaces/sick_safetyscanners2_interfaces/srv/detail
[14.400s] -- Installing: /home/nrc/Manual_Control_F3/install/sick_safetyscanners2_interfaces/include/sick_safetyscanners2_interfaces/sick_safetyscanners2_interfaces/srv/detail/field_data__type_support.cpp
[14.400s] -- Installing: /home/nrc/Manual_Control_F3/install/sick_safetyscanners2_interfaces/include/sick_safetyscanners2_interfaces/sick_safetyscanners2_interfaces/srv/detail/status_overview__rosidl_typesupport_introspection_cpp.hpp
[14.400s] -- Installing: /home/nrc/Manual_Control_F3/install/sick_safetyscanners2_interfaces/include/sick_safetyscanners2_interfaces/sick_safetyscanners2_interfaces/srv/detail/field_data__rosidl_typesupport_introspection_cpp.hpp
[14.400s] -- Installing: /home/nrc/Manual_Control_F3/install/sick_safetyscanners2_interfaces/include/sick_safetyscanners2_interfaces/sick_safetyscanners2_interfaces/srv/detail/status_overview__type_support.cpp
[14.400s] -- Installing: /home/nrc/Manual_Control_F3/install/sick_safetyscanners2_interfaces/lib/libsick_safetyscanners2_interfaces__rosidl_typesupport_introspection_cpp.so
[14.400s] -- Set runtime path of "/home/nrc/Manual_Control_F3/install/sick_safetyscanners2_interfaces/lib/libsick_safetyscanners2_interfaces__rosidl_typesupport_introspection_cpp.so" to ""
[14.400s] -- Installing: /home/nrc/Manual_Control_F3/install/sick_safetyscanners2_interfaces/lib/libsick_safetyscanners2_interfaces__rosidl_typesupport_cpp.so
[14.401s] -- Set runtime path of "/home/nrc/Manual_Control_F3/install/sick_safetyscanners2_interfaces/lib/libsick_safetyscanners2_interfaces__rosidl_typesupport_cpp.so" to ""
[14.401s] -- Installing: /home/nrc/Manual_Control_F3/install/sick_safetyscanners2_interfaces/share/sick_safetyscanners2_interfaces/environment/pythonpath.sh
[14.401s] -- Installing: /home/nrc/Manual_Control_F3/install/sick_safetyscanners2_interfaces/share/sick_safetyscanners2_interfaces/environment/pythonpath.dsv
[14.401s] -- Installing: /home/nrc/Manual_Control_F3/install/sick_safetyscanners2_interfaces/local/lib/python3.10/dist-packages/sick_safetyscanners2_interfaces-1.0.0-py3.10.egg-info
[14.401s] -- Installing: /home/nrc/Manual_Control_F3/install/sick_safetyscanners2_interfaces/local/lib/python3.10/dist-packages/sick_safetyscanners2_interfaces-1.0.0-py3.10.egg-info/SOURCES.txt
[14.401s] -- Installing: /home/nrc/Manual_Control_F3/install/sick_safetyscanners2_interfaces/local/lib/python3.10/dist-packages/sick_safetyscanners2_interfaces-1.0.0-py3.10.egg-info/dependency_links.txt
[14.401s] -- Installing: /home/nrc/Manual_Control_F3/install/sick_safetyscanners2_interfaces/local/lib/python3.10/dist-packages/sick_safetyscanners2_interfaces-1.0.0-py3.10.egg-info/top_level.txt
[14.401s] -- Installing: /home/nrc/Manual_Control_F3/install/sick_safetyscanners2_interfaces/local/lib/python3.10/dist-packages/sick_safetyscanners2_interfaces-1.0.0-py3.10.egg-info/PKG-INFO
[14.401s] -- Installing: /home/nrc/Manual_Control_F3/install/sick_safetyscanners2_interfaces/local/lib/python3.10/dist-packages/sick_safetyscanners2_interfaces
[14.401s] -- Installing: /home/nrc/Manual_Control_F3/install/sick_safetyscanners2_interfaces/local/lib/python3.10/dist-packages/sick_safetyscanners2_interfaces/__init__.py
[14.401s] -- Installing: /home/nrc/Manual_Control_F3/install/sick_safetyscanners2_interfaces/local/lib/python3.10/dist-packages/sick_safetyscanners2_interfaces/sick_safetyscanners2_interfaces_s__rosidl_typesupport_fastrtps_c.cpython-310-x86_64-linux-gnu.so
[14.401s] -- Installing: /home/nrc/Manual_Control_F3/install/sick_safetyscanners2_interfaces/local/lib/python3.10/dist-packages/sick_safetyscanners2_interfaces/_sick_safetyscanners2_interfaces_s.ep.rosidl_typesupport_fastrtps_c.c
[14.402s] -- Installing: /home/nrc/Manual_Control_F3/install/sick_safetyscanners2_interfaces/local/lib/python3.10/dist-packages/sick_safetyscanners2_interfaces/libsick_safetyscanners2_interfaces__rosidl_generator_py.so
[14.402s] -- Installing: /home/nrc/Manual_Control_F3/install/sick_safetyscanners2_interfaces/local/lib/python3.10/dist-packages/sick_safetyscanners2_interfaces/sick_safetyscanners2_interfaces_s__rosidl_typesupport_c.cpython-310-x86_64-linux-gnu.so
[14.402s] -- Installing: /home/nrc/Manual_Control_F3/install/sick_safetyscanners2_interfaces/local/lib/python3.10/dist-packages/sick_safetyscanners2_interfaces/msg
[14.402s] -- Installing: /home/nrc/Manual_Control_F3/install/sick_safetyscanners2_interfaces/local/lib/python3.10/dist-packages/sick_safetyscanners2_interfaces/msg/_application_data_s.c
[14.402s] -- Installing: /home/nrc/Manual_Control_F3/install/sick_safetyscanners2_interfaces/local/lib/python3.10/dist-packages/sick_safetyscanners2_interfaces/msg/_application_inputs.py
[14.402s] -- Installing: /home/nrc/Manual_Control_F3/install/sick_safetyscanners2_interfaces/local/lib/python3.10/dist-packages/sick_safetyscanners2_interfaces/msg/_derived_values_s.c
[14.402s] -- Installing: /home/nrc/Manual_Control_F3/install/sick_safetyscanners2_interfaces/local/lib/python3.10/dist-packages/sick_safetyscanners2_interfaces/msg/_measurement_data.py
[14.402s] -- Installing: /home/nrc/Manual_Control_F3/install/sick_safetyscanners2_interfaces/local/lib/python3.10/dist-packages/sick_safetyscanners2_interfaces/msg/_intrusion_data_s.c
[14.402s] -- Installing: /home/nrc/Manual_Control_F3/install/sick_safetyscanners2_interfaces/local/lib/python3.10/dist-packages/sick_safetyscanners2_interfaces/msg/_application_inputs_s.c
[14.402s] -- Installing: /home/nrc/Manual_Control_F3/install/sick_safetyscanners2_interfaces/local/lib/python3.10/dist-packages/sick_safetyscanners2_interfaces/msg/_derived_values.py
[14.402s] -- Installing: /home/nrc/Manual_Control_F3/install/sick_safetyscanners2_interfaces/local/lib/python3.10/dist-packages/sick_safetyscanners2_interfaces/msg/_extended_laser_scan_s.c
[14.402s] -- Installing: /home/nrc/Manual_Control_F3/install/sick_safetyscanners2_interfaces/local/lib/python3.10/dist-packages/sick_safetyscanners2_interfaces/msg/_output_paths.py
[14.402s] -- Installing: /home/nrc/Manual_Control_F3/install/sick_safetyscanners2_interfaces/local/lib/python3.10/dist-packages/sick_safetyscanners2_interfaces/msg/_field.py
[14.403s] -- Installing: /home/nrc/Manual_Control_F3/install/sick_safetyscanners2_interfaces/local/lib/python3.10/dist-packages/sick_safetyscanners2_interfaces/msg/_scan_point_s.c
[14.403s] -- Installing: /home/nrc/Manual_Control_F3/install/sick_safetyscanners2_interfaces/local/lib/python3.10/dist-packages/sick_safetyscanners2_interfaces/msg/__init__.py
[14.403s] -- Installing: /home/nrc/Manual_Control_F3/install/sick_safetyscanners2_interfaces/local/lib/python3.10/dist-packages/sick_safetyscanners2_interfaces/msg/_general_system_state_s.c
[14.403s] -- Installing: /home/nrc/Manual_Control_F3/install/sick_safetyscanners2_interfaces/local/lib/python3.10/dist-packages/sick_safetyscanners2_interfaces/msg/_application_outputs.py
[14.403s] -- Installing: /home/nrc/Manual_Control_F3/install/sick_safetyscanners2_interfaces/local/lib/python3.10/dist-packages/sick_safetyscanners2_interfaces/msg/_raw_micro_scan_data.py
[14.403s] -- Installing: /home/nrc/Manual_Control_F3/install/sick_safetyscanners2_interfaces/local/lib/python3.10/dist-packages/sick_safetyscanners2_interfaces/msg/_extended_laser_scan.py
[14.403s] -- Installing: /home/nrc/Manual_Control_F3/install/sick_safetyscanners2_interfaces/local/lib/python3.10/dist-packages/sick_safetyscanners2_interfaces/msg/_monitoring_case.py
[14.403s] -- Installing: /home/nrc/Manual_Control_F3/install/sick_safetyscanners2_interfaces/local/lib/python3.10/dist-packages/sick_safetyscanners2_interfaces/msg/_measurement_data_s.c
[14.403s] -- Installing: /home/nrc/Manual_Control_F3/install/sick_safetyscanners2_interfaces/local/lib/python3.10/dist-packages/sick_safetyscanners2_interfaces/msg/_application_outputs_s.c
[14.403s] -- Installing: /home/nrc/Manual_Control_F3/install/sick_safetyscanners2_interfaces/local/lib/python3.10/dist-packages/sick_safetyscanners2_interfaces/msg/_output_paths_s.c
[14.403s] -- Installing: /home/nrc/Manual_Control_F3/install/sick_safetyscanners2_interfaces/local/lib/python3.10/dist-packages/sick_safetyscanners2_interfaces/msg/_scan_point.py
[14.403s] -- Installing: /home/nrc/Manual_Control_F3/install/sick_safetyscanners2_interfaces/local/lib/python3.10/dist-packages/sick_safetyscanners2_interfaces/msg/_general_system_state.py
[14.403s] -- Installing: /home/nrc/Manual_Control_F3/install/sick_safetyscanners2_interfaces/local/lib/python3.10/dist-packages/sick_safetyscanners2_interfaces/msg/_field_s.c
[14.403s] -- Installing: /home/nrc/Manual_Control_F3/install/sick_safetyscanners2_interfaces/local/lib/python3.10/dist-packages/sick_safetyscanners2_interfaces/msg/_raw_micro_scan_data_s.c
[14.403s] -- Installing: /home/nrc/Manual_Control_F3/install/sick_safetyscanners2_interfaces/local/lib/python3.10/dist-packages/sick_safetyscanners2_interfaces/msg/_data_header_s.c
[14.403s] -- Installing: /home/nrc/Manual_Control_F3/install/sick_safetyscanners2_interfaces/local/lib/python3.10/dist-packages/sick_safetyscanners2_interfaces/msg/_application_data.py
[14.403s] -- Installing: /home/nrc/Manual_Control_F3/install/sick_safetyscanners2_interfaces/local/lib/python3.10/dist-packages/sick_safetyscanners2_interfaces/msg/_intrusion_datum.py
[14.403s] -- Installing: /home/nrc/Manual_Control_F3/install/sick_safetyscanners2_interfaces/local/lib/python3.10/dist-packages/sick_safetyscanners2_interfaces/msg/_monitoring_case_s.c
[14.404s] -- Installing: /home/nrc/Manual_Control_F3/install/sick_safetyscanners2_interfaces/local/lib/python3.10/dist-packages/sick_safetyscanners2_interfaces/msg/_intrusion_datum_s.c
[14.404s] -- Installing: /home/nrc/Manual_Control_F3/install/sick_safetyscanners2_interfaces/local/lib/python3.10/dist-packages/sick_safetyscanners2_interfaces/msg/_intrusion_data.py
[14.404s] -- Installing: /home/nrc/Manual_Control_F3/install/sick_safetyscanners2_interfaces/local/lib/python3.10/dist-packages/sick_safetyscanners2_interfaces/msg/_data_header.py
[14.404s] -- Installing: /home/nrc/Manual_Control_F3/install/sick_safetyscanners2_interfaces/local/lib/python3.10/dist-packages/sick_safetyscanners2_interfaces/srv
[14.404s] -- Installing: /home/nrc/Manual_Control_F3/install/sick_safetyscanners2_interfaces/local/lib/python3.10/dist-packages/sick_safetyscanners2_interfaces/srv/__init__.py
[14.404s] -- Installing: /home/nrc/Manual_Control_F3/install/sick_safetyscanners2_interfaces/local/lib/python3.10/dist-packages/sick_safetyscanners2_interfaces/srv/_status_overview.py
[14.404s] -- Installing: /home/nrc/Manual_Control_F3/install/sick_safetyscanners2_interfaces/local/lib/python3.10/dist-packages/sick_safetyscanners2_interfaces/srv/_field_data.py
[14.404s] -- Installing: /home/nrc/Manual_Control_F3/install/sick_safetyscanners2_interfaces/local/lib/python3.10/dist-packages/sick_safetyscanners2_interfaces/srv/_field_data_s.c
[14.404s] -- Installing: /home/nrc/Manual_Control_F3/install/sick_safetyscanners2_interfaces/local/lib/python3.10/dist-packages/sick_safetyscanners2_interfaces/srv/_status_overview_s.c
[14.404s] -- Installing: /home/nrc/Manual_Control_F3/install/sick_safetyscanners2_interfaces/local/lib/python3.10/dist-packages/sick_safetyscanners2_interfaces/sick_safetyscanners2_interfaces_s__rosidl_typesupport_introspection_c.cpython-310-x86_64-linux-gnu.so
[14.404s] -- Installing: /home/nrc/Manual_Control_F3/install/sick_safetyscanners2_interfaces/local/lib/python3.10/dist-packages/sick_safetyscanners2_interfaces/_sick_safetyscanners2_interfaces_s.ep.rosidl_typesupport_introspection_c.c
[14.404s] -- Installing: /home/nrc/Manual_Control_F3/install/sick_safetyscanners2_interfaces/local/lib/python3.10/dist-packages/sick_safetyscanners2_interfaces/_sick_safetyscanners2_interfaces_s.ep.rosidl_typesupport_c.c
[14.455s] Listing '/home/nrc/Manual_Control_F3/install/sick_safetyscanners2_interfaces/local/lib/python3.10/dist-packages/sick_safetyscanners2_interfaces'...
[14.455s] Compiling '/home/nrc/Manual_Control_F3/install/sick_safetyscanners2_interfaces/local/lib/python3.10/dist-packages/sick_safetyscanners2_interfaces/__init__.py'...
[14.455s] Listing '/home/nrc/Manual_Control_F3/install/sick_safetyscanners2_interfaces/local/lib/python3.10/dist-packages/sick_safetyscanners2_interfaces/msg'...
[14.455s] Compiling '/home/nrc/Manual_Control_F3/install/sick_safetyscanners2_interfaces/local/lib/python3.10/dist-packages/sick_safetyscanners2_interfaces/msg/__init__.py'...
[14.455s] Compiling '/home/nrc/Manual_Control_F3/install/sick_safetyscanners2_interfaces/local/lib/python3.10/dist-packages/sick_safetyscanners2_interfaces/msg/_application_data.py'...
[14.455s] Compiling '/home/nrc/Manual_Control_F3/install/sick_safetyscanners2_interfaces/local/lib/python3.10/dist-packages/sick_safetyscanners2_interfaces/msg/_application_inputs.py'...
[14.455s] Compiling '/home/nrc/Manual_Control_F3/install/sick_safetyscanners2_interfaces/local/lib/python3.10/dist-packages/sick_safetyscanners2_interfaces/msg/_application_outputs.py'...
[14.455s] Compiling '/home/nrc/Manual_Control_F3/install/sick_safetyscanners2_interfaces/local/lib/python3.10/dist-packages/sick_safetyscanners2_interfaces/msg/_data_header.py'...
[14.455s] Compiling '/home/nrc/Manual_Control_F3/install/sick_safetyscanners2_interfaces/local/lib/python3.10/dist-packages/sick_safetyscanners2_interfaces/msg/_derived_values.py'...
[14.455s] Compiling '/home/nrc/Manual_Control_F3/install/sick_safetyscanners2_interfaces/local/lib/python3.10/dist-packages/sick_safetyscanners2_interfaces/msg/_extended_laser_scan.py'...
[14.455s] Compiling '/home/nrc/Manual_Control_F3/install/sick_safetyscanners2_interfaces/local/lib/python3.10/dist-packages/sick_safetyscanners2_interfaces/msg/_field.py'...
[14.455s] Compiling '/home/nrc/Manual_Control_F3/install/sick_safetyscanners2_interfaces/local/lib/python3.10/dist-packages/sick_safetyscanners2_interfaces/msg/_general_system_state.py'...
[14.455s] Compiling '/home/nrc/Manual_Control_F3/install/sick_safetyscanners2_interfaces/local/lib/python3.10/dist-packages/sick_safetyscanners2_interfaces/msg/_intrusion_data.py'...
[14.455s] Compiling '/home/nrc/Manual_Control_F3/install/sick_safetyscanners2_interfaces/local/lib/python3.10/dist-packages/sick_safetyscanners2_interfaces/msg/_intrusion_datum.py'...
[14.455s] Compiling '/home/nrc/Manual_Control_F3/install/sick_safetyscanners2_interfaces/local/lib/python3.10/dist-packages/sick_safetyscanners2_interfaces/msg/_measurement_data.py'...
[14.455s] Compiling '/home/nrc/Manual_Control_F3/install/sick_safetyscanners2_interfaces/local/lib/python3.10/dist-packages/sick_safetyscanners2_interfaces/msg/_monitoring_case.py'...
[14.455s] Compiling '/home/nrc/Manual_Control_F3/install/sick_safetyscanners2_interfaces/local/lib/python3.10/dist-packages/sick_safetyscanners2_interfaces/msg/_output_paths.py'...
[14.456s] Compiling '/home/nrc/Manual_Control_F3/install/sick_safetyscanners2_interfaces/local/lib/python3.10/dist-packages/sick_safetyscanners2_interfaces/msg/_raw_micro_scan_data.py'...
[14.456s] Compiling '/home/nrc/Manual_Control_F3/install/sick_safetyscanners2_interfaces/local/lib/python3.10/dist-packages/sick_safetyscanners2_interfaces/msg/_scan_point.py'...
[14.456s] Listing '/home/nrc/Manual_Control_F3/install/sick_safetyscanners2_interfaces/local/lib/python3.10/dist-packages/sick_safetyscanners2_interfaces/srv'...
[14.456s] Compiling '/home/nrc/Manual_Control_F3/install/sick_safetyscanners2_interfaces/local/lib/python3.10/dist-packages/sick_safetyscanners2_interfaces/srv/__init__.py'...
[14.456s] Compiling '/home/nrc/Manual_Control_F3/install/sick_safetyscanners2_interfaces/local/lib/python3.10/dist-packages/sick_safetyscanners2_interfaces/srv/_field_data.py'...
[14.456s] Compiling '/home/nrc/Manual_Control_F3/install/sick_safetyscanners2_interfaces/local/lib/python3.10/dist-packages/sick_safetyscanners2_interfaces/srv/_status_overview.py'...
[14.460s] -- Installing: /home/nrc/Manual_Control_F3/install/sick_safetyscanners2_interfaces/local/lib/python3.10/dist-packages/sick_safetyscanners2_interfaces/sick_safetyscanners2_interfaces_s__rosidl_typesupport_fastrtps_c.cpython-310-x86_64-linux-gnu.so
[14.460s] -- Set runtime path of "/home/nrc/Manual_Control_F3/install/sick_safetyscanners2_interfaces/local/lib/python3.10/dist-packages/sick_safetyscanners2_interfaces/sick_safetyscanners2_interfaces_s__rosidl_typesupport_fastrtps_c.cpython-310-x86_64-linux-gnu.so" to ""
[14.460s] -- Installing: /home/nrc/Manual_Control_F3/install/sick_safetyscanners2_interfaces/local/lib/python3.10/dist-packages/sick_safetyscanners2_interfaces/sick_safetyscanners2_interfaces_s__rosidl_typesupport_introspection_c.cpython-310-x86_64-linux-gnu.so
[14.460s] -- Set runtime path of "/home/nrc/Manual_Control_F3/install/sick_safetyscanners2_interfaces/local/lib/python3.10/dist-packages/sick_safetyscanners2_interfaces/sick_safetyscanners2_interfaces_s__rosidl_typesupport_introspection_c.cpython-310-x86_64-linux-gnu.so" to ""
[14.460s] -- Installing: /home/nrc/Manual_Control_F3/install/sick_safetyscanners2_interfaces/local/lib/python3.10/dist-packages/sick_safetyscanners2_interfaces/sick_safetyscanners2_interfaces_s__rosidl_typesupport_c.cpython-310-x86_64-linux-gnu.so
[14.460s] -- Set runtime path of "/home/nrc/Manual_Control_F3/install/sick_safetyscanners2_interfaces/local/lib/python3.10/dist-packages/sick_safetyscanners2_interfaces/sick_safetyscanners2_interfaces_s__rosidl_typesupport_c.cpython-310-x86_64-linux-gnu.so" to ""
[14.461s] -- Installing: /home/nrc/Manual_Control_F3/install/sick_safetyscanners2_interfaces/lib/libsick_safetyscanners2_interfaces__rosidl_generator_py.so
[14.461s] -- Set runtime path of "/home/nrc/Manual_Control_F3/install/sick_safetyscanners2_interfaces/lib/libsick_safetyscanners2_interfaces__rosidl_generator_py.so" to ""
[14.461s] -- Installing: /home/nrc/Manual_Control_F3/install/sick_safetyscanners2_interfaces/share/sick_safetyscanners2_interfaces/msg/ApplicationData.idl
[14.461s] -- Installing: /home/nrc/Manual_Control_F3/install/sick_safetyscanners2_interfaces/share/sick_safetyscanners2_interfaces/msg/ApplicationInputs.idl
[14.461s] -- Installing: /home/nrc/Manual_Control_F3/install/sick_safetyscanners2_interfaces/share/sick_safetyscanners2_interfaces/msg/ApplicationOutputs.idl
[14.461s] -- Installing: /home/nrc/Manual_Control_F3/install/sick_safetyscanners2_interfaces/share/sick_safetyscanners2_interfaces/msg/DataHeader.idl
[14.461s] -- Installing: /home/nrc/Manual_Control_F3/install/sick_safetyscanners2_interfaces/share/sick_safetyscanners2_interfaces/msg/DerivedValues.idl
[14.461s] -- Installing: /home/nrc/Manual_Control_F3/install/sick_safetyscanners2_interfaces/share/sick_safetyscanners2_interfaces/msg/ExtendedLaserScan.idl
[14.461s] -- Installing: /home/nrc/Manual_Control_F3/install/sick_safetyscanners2_interfaces/share/sick_safetyscanners2_interfaces/msg/Field.idl
[14.461s] -- Installing: /home/nrc/Manual_Control_F3/install/sick_safetyscanners2_interfaces/share/sick_safetyscanners2_interfaces/msg/GeneralSystemState.idl
[14.462s] -- Installing: /home/nrc/Manual_Control_F3/install/sick_safetyscanners2_interfaces/share/sick_safetyscanners2_interfaces/msg/IntrusionData.idl
[14.462s] -- Installing: /home/nrc/Manual_Control_F3/install/sick_safetyscanners2_interfaces/share/sick_safetyscanners2_interfaces/msg/IntrusionDatum.idl
[14.462s] -- Installing: /home/nrc/Manual_Control_F3/install/sick_safetyscanners2_interfaces/share/sick_safetyscanners2_interfaces/msg/MeasurementData.idl
[14.462s] -- Installing: /home/nrc/Manual_Control_F3/install/sick_safetyscanners2_interfaces/share/sick_safetyscanners2_interfaces/msg/MonitoringCase.idl
[14.462s] -- Installing: /home/nrc/Manual_Control_F3/install/sick_safetyscanners2_interfaces/share/sick_safetyscanners2_interfaces/msg/OutputPaths.idl
[14.462s] -- Installing: /home/nrc/Manual_Control_F3/install/sick_safetyscanners2_interfaces/share/sick_safetyscanners2_interfaces/msg/RawMicroScanData.idl
[14.462s] -- Installing: /home/nrc/Manual_Control_F3/install/sick_safetyscanners2_interfaces/share/sick_safetyscanners2_interfaces/msg/ScanPoint.idl
[14.462s] -- Installing: /home/nrc/Manual_Control_F3/install/sick_safetyscanners2_interfaces/share/sick_safetyscanners2_interfaces/srv/FieldData.idl
[14.462s] -- Installing: /home/nrc/Manual_Control_F3/install/sick_safetyscanners2_interfaces/share/sick_safetyscanners2_interfaces/srv/StatusOverview.idl
[14.462s] -- Installing: /home/nrc/Manual_Control_F3/install/sick_safetyscanners2_interfaces/share/sick_safetyscanners2_interfaces/msg/ApplicationData.msg
[14.462s] -- Installing: /home/nrc/Manual_Control_F3/install/sick_safetyscanners2_interfaces/share/sick_safetyscanners2_interfaces/msg/ApplicationInputs.msg
[14.462s] -- Installing: /home/nrc/Manual_Control_F3/install/sick_safetyscanners2_interfaces/share/sick_safetyscanners2_interfaces/msg/ApplicationOutputs.msg
[14.463s] -- Installing: /home/nrc/Manual_Control_F3/install/sick_safetyscanners2_interfaces/share/sick_safetyscanners2_interfaces/msg/DataHeader.msg
[14.463s] -- Installing: /home/nrc/Manual_Control_F3/install/sick_safetyscanners2_interfaces/share/sick_safetyscanners2_interfaces/msg/DerivedValues.msg
[14.463s] -- Installing: /home/nrc/Manual_Control_F3/install/sick_safetyscanners2_interfaces/share/sick_safetyscanners2_interfaces/msg/ExtendedLaserScan.msg
[14.463s] -- Installing: /home/nrc/Manual_Control_F3/install/sick_safetyscanners2_interfaces/share/sick_safetyscanners2_interfaces/msg/Field.msg
[14.463s] -- Installing: /home/nrc/Manual_Control_F3/install/sick_safetyscanners2_interfaces/share/sick_safetyscanners2_interfaces/msg/GeneralSystemState.msg
[14.463s] -- Installing: /home/nrc/Manual_Control_F3/install/sick_safetyscanners2_interfaces/share/sick_safetyscanners2_interfaces/msg/IntrusionData.msg
[14.463s] -- Installing: /home/nrc/Manual_Control_F3/install/sick_safetyscanners2_interfaces/share/sick_safetyscanners2_interfaces/msg/IntrusionDatum.msg
[14.463s] -- Installing: /home/nrc/Manual_Control_F3/install/sick_safetyscanners2_interfaces/share/sick_safetyscanners2_interfaces/msg/MeasurementData.msg
[14.463s] -- Installing: /home/nrc/Manual_Control_F3/install/sick_safetyscanners2_interfaces/share/sick_safetyscanners2_interfaces/msg/MonitoringCase.msg
[14.464s] -- Installing: /home/nrc/Manual_Control_F3/install/sick_safetyscanners2_interfaces/share/sick_safetyscanners2_interfaces/msg/OutputPaths.msg
[14.464s] -- Installing: /home/nrc/Manual_Control_F3/install/sick_safetyscanners2_interfaces/share/sick_safetyscanners2_interfaces/msg/RawMicroScanData.msg
[14.464s] -- Installing: /home/nrc/Manual_Control_F3/install/sick_safetyscanners2_interfaces/share/sick_safetyscanners2_interfaces/msg/ScanPoint.msg
[14.464s] -- Installing: /home/nrc/Manual_Control_F3/install/sick_safetyscanners2_interfaces/share/sick_safetyscanners2_interfaces/srv/FieldData.srv
[14.464s] -- Installing: /home/nrc/Manual_Control_F3/install/sick_safetyscanners2_interfaces/share/sick_safetyscanners2_interfaces/srv/FieldData_Request.msg
[14.464s] -- Installing: /home/nrc/Manual_Control_F3/install/sick_safetyscanners2_interfaces/share/sick_safetyscanners2_interfaces/srv/FieldData_Response.msg
[14.464s] -- Installing: /home/nrc/Manual_Control_F3/install/sick_safetyscanners2_interfaces/share/sick_safetyscanners2_interfaces/srv/StatusOverview.srv
[14.464s] -- Installing: /home/nrc/Manual_Control_F3/install/sick_safetyscanners2_interfaces/share/sick_safetyscanners2_interfaces/srv/StatusOverview_Request.msg
[14.464s] -- Installing: /home/nrc/Manual_Control_F3/install/sick_safetyscanners2_interfaces/share/sick_safetyscanners2_interfaces/srv/StatusOverview_Response.msg
[14.465s] -- Installing: /home/nrc/Manual_Control_F3/install/sick_safetyscanners2_interfaces/share/ament_index/resource_index/package_run_dependencies/sick_safetyscanners2_interfaces
[14.465s] -- Installing: /home/nrc/Manual_Control_F3/install/sick_safetyscanners2_interfaces/share/ament_index/resource_index/parent_prefix_path/sick_safetyscanners2_interfaces
[14.465s] -- Installing: /home/nrc/Manual_Control_F3/install/sick_safetyscanners2_interfaces/share/sick_safetyscanners2_interfaces/environment/ament_prefix_path.sh
[14.465s] -- Installing: /home/nrc/Manual_Control_F3/install/sick_safetyscanners2_interfaces/share/sick_safetyscanners2_interfaces/environment/ament_prefix_path.dsv
[14.465s] -- Installing: /home/nrc/Manual_Control_F3/install/sick_safetyscanners2_interfaces/share/sick_safetyscanners2_interfaces/environment/path.sh
[14.465s] -- Installing: /home/nrc/Manual_Control_F3/install/sick_safetyscanners2_interfaces/share/sick_safetyscanners2_interfaces/environment/path.dsv
[14.465s] -- Installing: /home/nrc/Manual_Control_F3/install/sick_safetyscanners2_interfaces/share/sick_safetyscanners2_interfaces/local_setup.bash
[14.465s] -- Installing: /home/nrc/Manual_Control_F3/install/sick_safetyscanners2_interfaces/share/sick_safetyscanners2_interfaces/local_setup.sh
[14.465s] -- Installing: /home/nrc/Manual_Control_F3/install/sick_safetyscanners2_interfaces/share/sick_safetyscanners2_interfaces/local_setup.zsh
[14.465s] -- Installing: /home/nrc/Manual_Control_F3/install/sick_safetyscanners2_interfaces/share/sick_safetyscanners2_interfaces/local_setup.dsv
[14.466s] -- Installing: /home/nrc/Manual_Control_F3/install/sick_safetyscanners2_interfaces/share/sick_safetyscanners2_interfaces/package.dsv
[14.466s] -- Installing: /home/nrc/Manual_Control_F3/install/sick_safetyscanners2_interfaces/share/ament_index/resource_index/packages/sick_safetyscanners2_interfaces
[14.466s] -- Installing: /home/nrc/Manual_Control_F3/install/sick_safetyscanners2_interfaces/share/sick_safetyscanners2_interfaces/cmake/export_sick_safetyscanners2_interfaces__rosidl_generator_cExport.cmake
[14.466s] -- Installing: /home/nrc/Manual_Control_F3/install/sick_safetyscanners2_interfaces/share/sick_safetyscanners2_interfaces/cmake/export_sick_safetyscanners2_interfaces__rosidl_generator_cExport-noconfig.cmake
[14.466s] -- Installing: /home/nrc/Manual_Control_F3/install/sick_safetyscanners2_interfaces/share/sick_safetyscanners2_interfaces/cmake/export_sick_safetyscanners2_interfaces__rosidl_typesupport_fastrtps_cExport.cmake
[14.466s] -- Installing: /home/nrc/Manual_Control_F3/install/sick_safetyscanners2_interfaces/share/sick_safetyscanners2_interfaces/cmake/export_sick_safetyscanners2_interfaces__rosidl_typesupport_fastrtps_cExport-noconfig.cmake
[14.466s] -- Installing: /home/nrc/Manual_Control_F3/install/sick_safetyscanners2_interfaces/share/sick_safetyscanners2_interfaces/cmake/sick_safetyscanners2_interfaces__rosidl_typesupport_introspection_cExport.cmake
[14.466s] -- Installing: /home/nrc/Manual_Control_F3/install/sick_safetyscanners2_interfaces/share/sick_safetyscanners2_interfaces/cmake/sick_safetyscanners2_interfaces__rosidl_typesupport_introspection_cExport-noconfig.cmake
[14.467s] -- Installing: /home/nrc/Manual_Control_F3/install/sick_safetyscanners2_interfaces/share/sick_safetyscanners2_interfaces/cmake/sick_safetyscanners2_interfaces__rosidl_typesupport_cExport.cmake
[14.467s] -- Installing: /home/nrc/Manual_Control_F3/install/sick_safetyscanners2_interfaces/share/sick_safetyscanners2_interfaces/cmake/sick_safetyscanners2_interfaces__rosidl_typesupport_cExport-noconfig.cmake
[14.467s] -- Installing: /home/nrc/Manual_Control_F3/install/sick_safetyscanners2_interfaces/share/sick_safetyscanners2_interfaces/cmake/export_sick_safetyscanners2_interfaces__rosidl_generator_cppExport.cmake
[14.467s] -- Installing: /home/nrc/Manual_Control_F3/install/sick_safetyscanners2_interfaces/share/sick_safetyscanners2_interfaces/cmake/export_sick_safetyscanners2_interfaces__rosidl_typesupport_fastrtps_cppExport.cmake
[14.467s] -- Installing: /home/nrc/Manual_Control_F3/install/sick_safetyscanners2_interfaces/share/sick_safetyscanners2_interfaces/cmake/export_sick_safetyscanners2_interfaces__rosidl_typesupport_fastrtps_cppExport-noconfig.cmake
[14.467s] -- Installing: /home/nrc/Manual_Control_F3/install/sick_safetyscanners2_interfaces/share/sick_safetyscanners2_interfaces/cmake/sick_safetyscanners2_interfaces__rosidl_typesupport_introspection_cppExport.cmake
[14.467s] -- Installing: /home/nrc/Manual_Control_F3/install/sick_safetyscanners2_interfaces/share/sick_safetyscanners2_interfaces/cmake/sick_safetyscanners2_interfaces__rosidl_typesupport_introspection_cppExport-noconfig.cmake
[14.467s] -- Installing: /home/nrc/Manual_Control_F3/install/sick_safetyscanners2_interfaces/share/sick_safetyscanners2_interfaces/cmake/sick_safetyscanners2_interfaces__rosidl_typesupport_cppExport.cmake
[14.468s] -- Installing: /home/nrc/Manual_Control_F3/install/sick_safetyscanners2_interfaces/share/sick_safetyscanners2_interfaces/cmake/sick_safetyscanners2_interfaces__rosidl_typesupport_cppExport-noconfig.cmake
[14.468s] -- Installing: /home/nrc/Manual_Control_F3/install/sick_safetyscanners2_interfaces/share/sick_safetyscanners2_interfaces/cmake/export_sick_safetyscanners2_interfaces__rosidl_generator_pyExport.cmake
[14.468s] -- Installing: /home/nrc/Manual_Control_F3/install/sick_safetyscanners2_interfaces/share/sick_safetyscanners2_interfaces/cmake/export_sick_safetyscanners2_interfaces__rosidl_generator_pyExport-noconfig.cmake
[14.468s] -- Installing: /home/nrc/Manual_Control_F3/install/sick_safetyscanners2_interfaces/share/sick_safetyscanners2_interfaces/cmake/rosidl_cmake-extras.cmake
[14.468s] -- Installing: /home/nrc/Manual_Control_F3/install/sick_safetyscanners2_interfaces/share/sick_safetyscanners2_interfaces/cmake/ament_cmake_export_dependencies-extras.cmake
[14.468s] -- Installing: /home/nrc/Manual_Control_F3/install/sick_safetyscanners2_interfaces/share/sick_safetyscanners2_interfaces/cmake/ament_cmake_export_include_directories-extras.cmake
[14.468s] -- Installing: /home/nrc/Manual_Control_F3/install/sick_safetyscanners2_interfaces/share/sick_safetyscanners2_interfaces/cmake/ament_cmake_export_libraries-extras.cmake
[14.468s] -- Installing: /home/nrc/Manual_Control_F3/install/sick_safetyscanners2_interfaces/share/sick_safetyscanners2_interfaces/cmake/ament_cmake_export_targets-extras.cmake
[14.468s] -- Installing: /home/nrc/Manual_Control_F3/install/sick_safetyscanners2_interfaces/share/sick_safetyscanners2_interfaces/cmake/rosidl_cmake_export_typesupport_targets-extras.cmake
[14.469s] -- Installing: /home/nrc/Manual_Control_F3/install/sick_safetyscanners2_interfaces/share/sick_safetyscanners2_interfaces/cmake/rosidl_cmake_export_typesupport_libraries-extras.cmake
[14.469s] -- Installing: /home/nrc/Manual_Control_F3/install/sick_safetyscanners2_interfaces/share/sick_safetyscanners2_interfaces/cmake/sick_safetyscanners2_interfacesConfig.cmake
[14.469s] -- Installing: /home/nrc/Manual_Control_F3/install/sick_safetyscanners2_interfaces/share/sick_safetyscanners2_interfaces/cmake/sick_safetyscanners2_interfacesConfig-version.cmake
[14.469s] -- Installing: /home/nrc/Manual_Control_F3/install/sick_safetyscanners2_interfaces/share/sick_safetyscanners2_interfaces/package.xml
[14.471s] Invoked command in '/home/nrc/Manual_Control_F3/build/sick_safetyscanners2_interfaces' returned '0': CMAKE_PREFIX_PATH=/opt/ros/humble /usr/bin/cmake --install /home/nrc/Manual_Control_F3/build/sick_safetyscanners2_interfaces
